[0.000000] (-) TimerEvent: {}
[0.000242] (def_msg) JobQueued: {'identifier': 'def_msg', 'dependencies': OrderedDict()}
[0.000341] (vision_msg) JobQueued: {'identifier': 'vision_msg', 'dependencies': OrderedDict()}
[0.000372] (serial_def_sdk) JobQueued: {'identifier': 'serial_def_sdk', 'dependencies': OrderedDict([('def_msg', '/home/hjh/serial_new0122/install/def_msg'), ('vision_msg', '/home/hjh/serial_new0122/install/vision_msg')])}
[0.000404] (def_msg) JobStarted: {'identifier': 'def_msg'}
[0.004053] (vision_msg) JobStarted: {'identifier': 'vision_msg'}
[0.006846] (def_msg) JobProgress: {'identifier': 'def_msg', 'progress': 'cmake'}
[0.007049] (def_msg) Command: {'cmd': ['/usr/bin/cmake', '/home/hjh/serial_new0122/serial/def_msg', '-DCMAKE_INSTALL_PREFIX=/home/hjh/serial_new0122/install/def_msg'], 'cwd': '/home/hjh/serial_new0122/build/def_msg', 'env': OrderedDict([('LESSOPEN', '| /usr/bin/lesspipe %s'), ('HTTPS_PROXY', 'http://127.0.0.1:7890/'), ('no_proxy', 'localhost,127.0.0.1,::1'), ('LANGUAGE', 'zh_CN:en'), ('USER', 'hjh'), ('LC_TIME', 'zh_CN.UTF-8'), ('all_proxy', 'socks://127.0.0.1:7890/'), ('XDG_SESSION_TYPE', 'wayland'), ('SHLVL', '1'), ('LD_LIBRARY_PATH', '/opt/ros/humble/opt/openvdb_vendor/lib:/home/hjh/ros2_ws/install/lib:/home/hjh/ros2_ws/install/lib:/usr/lib/x86_64-linux-gnu/gazebo-11/plugins:/opt/ros/humble/opt/rviz_ogre_vendor/lib:/opt/ros/humble/lib/x86_64-linux-gnu:/opt/ros/humble/lib'), ('HOME', '/home/hjh'), ('CONDA_SHLVL', '0'), ('DESKTOP_SESSION', 'ubuntu'), ('NO_PROXY', 'localhost,127.0.0.1,::1'), ('ROS_PYTHON_VERSION', '3'), ('GNOME_SHELL_SESSION_MODE', 'ubuntu'), ('GTK_MODULES', 'gail:atk-bridge'), ('LC_MONETARY', 'zh_CN.UTF-8'), ('DBUS_STARTER_BUS_TYPE', 'session'), ('SYSTEMD_EXEC_PID', '1769'), ('DBUS_SESSION_BUS_ADDRESS', 'unix:path=/run/user/1000/bus,guid=4bdc633ca0aa5ac165e4d9d869723ee8'), ('COLORTERM', 'truecolor'), ('_CE_M', ''), ('IM_CONFIG_PHASE', '1'), ('WAYLAND_DISPLAY', 'wayland-0'), ('https_proxy', 'http://127.0.0.1:7890/'), ('ROS_DISTRO', 'humble'), ('GTK_IM_MODULE', 'fcitx'), ('LOGNAME', 'hjh'), ('ALL_PROXY', 'socks://127.0.0.1:7890/'), ('http_proxy', 'http://127.0.0.1:7890/'), ('_', '/usr/bin/colcon'), ('ROS_VERSION', '2'), ('XDG_SESSION_CLASS', 'user'), ('USERNAME', 'hjh'), ('TERM', 'xterm-256color'), ('GNOME_DESKTOP_SESSION_ID', 'this-is-deprecated'), ('_CE_CONDA', ''), ('ROS_LOCALHOST_ONLY', '0'), ('PATH', '/home/hjh/miniconda3/condabin:/opt/ros/humble/bin:/home/hjh/.local/bin:/usr/local/sbin:/usr/local/bin:/usr/sbin:/usr/bin:/sbin:/bin:/usr/games:/usr/local/games:/snap/bin:/snap/bin'), ('SESSION_MANAGER', 'local/hjh-Lenovo-G5000-IRH8:@/tmp/.ICE-unix/1769,unix/hjh-Lenovo-G5000-IRH8:/tmp/.ICE-unix/1769'), ('PAPERSIZE', 'a4'), ('XDG_MENU_PREFIX', 'gnome-'), ('LC_ADDRESS', 'zh_CN.UTF-8'), ('GNOME_TERMINAL_SCREEN', '/org/gnome/Terminal/screen/b81bb473_4549_40e1_ad91_fed3d7df0302'), ('GNOME_SETUP_DISPLAY', ':1'), ('XDG_RUNTIME_DIR', '/run/user/1000'), ('DISPLAY', ':0'), ('LANG', 'zh_CN.UTF-8'), ('XDG_CURRENT_DESKTOP', 'ubuntu:GNOME'), ('LC_TELEPHONE', 'zh_CN.UTF-8'), ('XMODIFIERS', '@im=fcitx'), ('XDG_SESSION_DESKTOP', 'ubuntu'), ('XAUTHORITY', '/run/user/1000/.mutter-Xwaylandauth.XKQWJ3'), ('LS_COLORS', 'rs=0:di=01;34:ln=01;36:mh=00:pi=40;33:so=01;35:do=01;35:bd=40;33;01:cd=40;33;01:or=40;31;01:mi=00:su=37;41:sg=30;43:ca=30;41:tw=30;42:ow=34;42:st=37;44:ex=01;32:*.tar=01;31:*.tgz=01;31:*.arc=01;31:*.arj=01;31:*.taz=01;31:*.lha=01;31:*.lz4=01;31:*.lzh=01;31:*.lzma=01;31:*.tlz=01;31:*.txz=01;31:*.tzo=01;31:*.t7z=01;31:*.zip=01;31:*.z=01;31:*.dz=01;31:*.gz=01;31:*.lrz=01;31:*.lz=01;31:*.lzo=01;31:*.xz=01;31:*.zst=01;31:*.tzst=01;31:*.bz2=01;31:*.bz=01;31:*.tbz=01;31:*.tbz2=01;31:*.tz=01;31:*.deb=01;31:*.rpm=01;31:*.jar=01;31:*.war=01;31:*.ear=01;31:*.sar=01;31:*.rar=01;31:*.alz=01;31:*.ace=01;31:*.zoo=01;31:*.cpio=01;31:*.7z=01;31:*.rz=01;31:*.cab=01;31:*.wim=01;31:*.swm=01;31:*.dwm=01;31:*.esd=01;31:*.jpg=01;35:*.jpeg=01;35:*.mjpg=01;35:*.mjpeg=01;35:*.gif=01;35:*.bmp=01;35:*.pbm=01;35:*.pgm=01;35:*.ppm=01;35:*.tga=01;35:*.xbm=01;35:*.xpm=01;35:*.tif=01;35:*.tiff=01;35:*.png=01;35:*.svg=01;35:*.svgz=01;35:*.mng=01;35:*.pcx=01;35:*.mov=01;35:*.mpg=01;35:*.mpeg=01;35:*.m2v=01;35:*.mkv=01;35:*.webm=01;35:*.webp=01;35:*.ogm=01;35:*.mp4=01;35:*.m4v=01;35:*.mp4v=01;35:*.vob=01;35:*.qt=01;35:*.nuv=01;35:*.wmv=01;35:*.asf=01;35:*.rm=01;35:*.rmvb=01;35:*.flc=01;35:*.avi=01;35:*.fli=01;35:*.flv=01;35:*.gl=01;35:*.dl=01;35:*.xcf=01;35:*.xwd=01;35:*.yuv=01;35:*.cgm=01;35:*.emf=01;35:*.ogv=01;35:*.ogx=01;35:*.aac=00;36:*.au=00;36:*.flac=00;36:*.m4a=00;36:*.mid=00;36:*.midi=00;36:*.mka=00;36:*.mp3=00;36:*.mpc=00;36:*.ogg=00;36:*.ra=00;36:*.wav=00;36:*.oga=00;36:*.opus=00;36:*.spx=00;36:*.xspf=00;36:'), ('GNOME_TERMINAL_SERVICE', ':1.159'), ('SSH_AGENT_LAUNCHER', 'gnome-keyring'), ('SSH_AUTH_SOCK', '/run/user/1000/keyring/ssh'), ('AMENT_PREFIX_PATH', '/opt/ros/humble'), ('CONDA_PYTHON_EXE', '/home/hjh/miniconda3/bin/python'), ('SHELL', '/bin/bash'), ('LC_NAME', 'zh_CN.UTF-8'), ('QT_ACCESSIBILITY', '1'), ('GDMSESSION', 'ubuntu'), ('LESSCLOSE', '/usr/bin/lesspipe %s %s'), ('LC_MEASUREMENT', 'zh_CN.UTF-8'), ('LC_IDENTIFICATION', 'zh_CN.UTF-8'), ('QT_IM_MODULE', 'fcitx'), ('PWD', '/home/hjh/serial_new0122/build/def_msg'), ('XDG_CONFIG_DIRS', '/etc/xdg/xdg-ubuntu:/etc/xdg'), ('CONDA_EXE', '/home/hjh/miniconda3/bin/conda'), ('CLUTTER_IM_MODULE', 'fcitx'), ('DBUS_STARTER_ADDRESS', 'unix:path=/run/user/1000/bus,guid=4bdc633ca0aa5ac165e4d9d869723ee8'), ('XDG_DATA_DIRS', '/usr/share/ubuntu:/usr/local/share/:/usr/share/:/var/lib/snapd/desktop'), ('PYTHONPATH', '/opt/ros/humble/lib/python3.10/site-packages:/opt/ros/humble/local/lib/python3.10/dist-packages'), ('HTTP_PROXY', 'http://127.0.0.1:7890/'), ('LC_NUMERIC', 'en_US.UTF-8'), ('LC_PAPER', 'zh_CN.UTF-8'), ('COLCON', '1'), ('VTE_VERSION', '6800'), ('CMAKE_PREFIX_PATH', '/opt/ros/humble')]), 'shell': False}
[0.009668] (vision_msg) JobProgress: {'identifier': 'vision_msg', 'progress': 'cmake'}
[0.009952] (vision_msg) Command: {'cmd': ['/usr/bin/cmake', '/home/hjh/serial_new0122/serial/vision_msg', '-DCMAKE_INSTALL_PREFIX=/home/hjh/serial_new0122/install/vision_msg'], 'cwd': '/home/hjh/serial_new0122/build/vision_msg', 'env': OrderedDict([('LESSOPEN', '| /usr/bin/lesspipe %s'), ('HTTPS_PROXY', 'http://127.0.0.1:7890/'), ('no_proxy', 'localhost,127.0.0.1,::1'), ('LANGUAGE', 'zh_CN:en'), ('USER', 'hjh'), ('LC_TIME', 'zh_CN.UTF-8'), ('all_proxy', 'socks://127.0.0.1:7890/'), ('XDG_SESSION_TYPE', 'wayland'), ('SHLVL', '1'), ('LD_LIBRARY_PATH', '/opt/ros/humble/opt/openvdb_vendor/lib:/home/hjh/ros2_ws/install/lib:/home/hjh/ros2_ws/install/lib:/usr/lib/x86_64-linux-gnu/gazebo-11/plugins:/opt/ros/humble/opt/rviz_ogre_vendor/lib:/opt/ros/humble/lib/x86_64-linux-gnu:/opt/ros/humble/lib'), ('HOME', '/home/hjh'), ('CONDA_SHLVL', '0'), ('DESKTOP_SESSION', 'ubuntu'), ('NO_PROXY', 'localhost,127.0.0.1,::1'), ('ROS_PYTHON_VERSION', '3'), ('GNOME_SHELL_SESSION_MODE', 'ubuntu'), ('GTK_MODULES', 'gail:atk-bridge'), ('LC_MONETARY', 'zh_CN.UTF-8'), ('DBUS_STARTER_BUS_TYPE', 'session'), ('SYSTEMD_EXEC_PID', '1769'), ('DBUS_SESSION_BUS_ADDRESS', 'unix:path=/run/user/1000/bus,guid=4bdc633ca0aa5ac165e4d9d869723ee8'), ('COLORTERM', 'truecolor'), ('_CE_M', ''), ('IM_CONFIG_PHASE', '1'), ('WAYLAND_DISPLAY', 'wayland-0'), ('https_proxy', 'http://127.0.0.1:7890/'), ('ROS_DISTRO', 'humble'), ('GTK_IM_MODULE', 'fcitx'), ('LOGNAME', 'hjh'), ('ALL_PROXY', 'socks://127.0.0.1:7890/'), ('http_proxy', 'http://127.0.0.1:7890/'), ('_', '/usr/bin/colcon'), ('ROS_VERSION', '2'), ('XDG_SESSION_CLASS', 'user'), ('USERNAME', 'hjh'), ('TERM', 'xterm-256color'), ('GNOME_DESKTOP_SESSION_ID', 'this-is-deprecated'), ('_CE_CONDA', ''), ('ROS_LOCALHOST_ONLY', '0'), ('PATH', '/home/hjh/miniconda3/condabin:/opt/ros/humble/bin:/home/hjh/.local/bin:/usr/local/sbin:/usr/local/bin:/usr/sbin:/usr/bin:/sbin:/bin:/usr/games:/usr/local/games:/snap/bin:/snap/bin'), ('SESSION_MANAGER', 'local/hjh-Lenovo-G5000-IRH8:@/tmp/.ICE-unix/1769,unix/hjh-Lenovo-G5000-IRH8:/tmp/.ICE-unix/1769'), ('PAPERSIZE', 'a4'), ('XDG_MENU_PREFIX', 'gnome-'), ('LC_ADDRESS', 'zh_CN.UTF-8'), ('GNOME_TERMINAL_SCREEN', '/org/gnome/Terminal/screen/b81bb473_4549_40e1_ad91_fed3d7df0302'), ('GNOME_SETUP_DISPLAY', ':1'), ('XDG_RUNTIME_DIR', '/run/user/1000'), ('DISPLAY', ':0'), ('LANG', 'zh_CN.UTF-8'), ('XDG_CURRENT_DESKTOP', 'ubuntu:GNOME'), ('LC_TELEPHONE', 'zh_CN.UTF-8'), ('XMODIFIERS', '@im=fcitx'), ('XDG_SESSION_DESKTOP', 'ubuntu'), ('XAUTHORITY', '/run/user/1000/.mutter-Xwaylandauth.XKQWJ3'), ('LS_COLORS', 'rs=0:di=01;34:ln=01;36:mh=00:pi=40;33:so=01;35:do=01;35:bd=40;33;01:cd=40;33;01:or=40;31;01:mi=00:su=37;41:sg=30;43:ca=30;41:tw=30;42:ow=34;42:st=37;44:ex=01;32:*.tar=01;31:*.tgz=01;31:*.arc=01;31:*.arj=01;31:*.taz=01;31:*.lha=01;31:*.lz4=01;31:*.lzh=01;31:*.lzma=01;31:*.tlz=01;31:*.txz=01;31:*.tzo=01;31:*.t7z=01;31:*.zip=01;31:*.z=01;31:*.dz=01;31:*.gz=01;31:*.lrz=01;31:*.lz=01;31:*.lzo=01;31:*.xz=01;31:*.zst=01;31:*.tzst=01;31:*.bz2=01;31:*.bz=01;31:*.tbz=01;31:*.tbz2=01;31:*.tz=01;31:*.deb=01;31:*.rpm=01;31:*.jar=01;31:*.war=01;31:*.ear=01;31:*.sar=01;31:*.rar=01;31:*.alz=01;31:*.ace=01;31:*.zoo=01;31:*.cpio=01;31:*.7z=01;31:*.rz=01;31:*.cab=01;31:*.wim=01;31:*.swm=01;31:*.dwm=01;31:*.esd=01;31:*.jpg=01;35:*.jpeg=01;35:*.mjpg=01;35:*.mjpeg=01;35:*.gif=01;35:*.bmp=01;35:*.pbm=01;35:*.pgm=01;35:*.ppm=01;35:*.tga=01;35:*.xbm=01;35:*.xpm=01;35:*.tif=01;35:*.tiff=01;35:*.png=01;35:*.svg=01;35:*.svgz=01;35:*.mng=01;35:*.pcx=01;35:*.mov=01;35:*.mpg=01;35:*.mpeg=01;35:*.m2v=01;35:*.mkv=01;35:*.webm=01;35:*.webp=01;35:*.ogm=01;35:*.mp4=01;35:*.m4v=01;35:*.mp4v=01;35:*.vob=01;35:*.qt=01;35:*.nuv=01;35:*.wmv=01;35:*.asf=01;35:*.rm=01;35:*.rmvb=01;35:*.flc=01;35:*.avi=01;35:*.fli=01;35:*.flv=01;35:*.gl=01;35:*.dl=01;35:*.xcf=01;35:*.xwd=01;35:*.yuv=01;35:*.cgm=01;35:*.emf=01;35:*.ogv=01;35:*.ogx=01;35:*.aac=00;36:*.au=00;36:*.flac=00;36:*.m4a=00;36:*.mid=00;36:*.midi=00;36:*.mka=00;36:*.mp3=00;36:*.mpc=00;36:*.ogg=00;36:*.ra=00;36:*.wav=00;36:*.oga=00;36:*.opus=00;36:*.spx=00;36:*.xspf=00;36:'), ('GNOME_TERMINAL_SERVICE', ':1.159'), ('SSH_AGENT_LAUNCHER', 'gnome-keyring'), ('SSH_AUTH_SOCK', '/run/user/1000/keyring/ssh'), ('AMENT_PREFIX_PATH', '/opt/ros/humble'), ('CONDA_PYTHON_EXE', '/home/hjh/miniconda3/bin/python'), ('SHELL', '/bin/bash'), ('LC_NAME', 'zh_CN.UTF-8'), ('QT_ACCESSIBILITY', '1'), ('GDMSESSION', 'ubuntu'), ('LESSCLOSE', '/usr/bin/lesspipe %s %s'), ('LC_MEASUREMENT', 'zh_CN.UTF-8'), ('LC_IDENTIFICATION', 'zh_CN.UTF-8'), ('QT_IM_MODULE', 'fcitx'), ('PWD', '/home/hjh/serial_new0122/build/vision_msg'), ('XDG_CONFIG_DIRS', '/etc/xdg/xdg-ubuntu:/etc/xdg'), ('CONDA_EXE', '/home/hjh/miniconda3/bin/conda'), ('CLUTTER_IM_MODULE', 'fcitx'), ('DBUS_STARTER_ADDRESS', 'unix:path=/run/user/1000/bus,guid=4bdc633ca0aa5ac165e4d9d869723ee8'), ('XDG_DATA_DIRS', '/usr/share/ubuntu:/usr/local/share/:/usr/share/:/var/lib/snapd/desktop'), ('PYTHONPATH', '/opt/ros/humble/lib/python3.10/site-packages:/opt/ros/humble/local/lib/python3.10/dist-packages'), ('HTTP_PROXY', 'http://127.0.0.1:7890/'), ('LC_NUMERIC', 'en_US.UTF-8'), ('LC_PAPER', 'zh_CN.UTF-8'), ('COLCON', '1'), ('VTE_VERSION', '6800'), ('CMAKE_PREFIX_PATH', '/opt/ros/humble')]), 'shell': False}
[0.011480] (def_msg) StderrLine: {'line': b'\x1b[0mCMake Deprecation Warning at CMakeLists.txt:1 (cmake_minimum_required):\n'}
[0.011643] (def_msg) StderrLine: {'line': b'  Compatibility with CMake < 3.10 will be removed from a future version of\n'}
[0.011739] (def_msg) StderrLine: {'line': b'  CMake.\n'}
[0.011832] (def_msg) StderrLine: {'line': b'\n'}
[0.011923] (def_msg) StderrLine: {'line': b'  Update the VERSION argument <min> value.  Or, use the <min>...<max> syntax\n'}
[0.012003] (def_msg) StderrLine: {'line': b'  to tell CMake that the project requires at least <min> but has been updated\n'}
[0.012082] (def_msg) StderrLine: {'line': b'  to work with policies introduced by <max> or earlier.\n'}
[0.012160] (def_msg) StderrLine: {'line': b'\n'}
[0.012237] (def_msg) StderrLine: {'line': b'\x1b[0m\n'}
[0.015091] (vision_msg) StderrLine: {'line': b'\x1b[0mCMake Deprecation Warning at CMakeLists.txt:1 (cmake_minimum_required):\n'}
[0.015220] (vision_msg) StderrLine: {'line': b'  Compatibility with CMake < 3.10 will be removed from a future version of\n'}
[0.015303] (vision_msg) StderrLine: {'line': b'  CMake.\n'}
[0.015378] (vision_msg) StderrLine: {'line': b'\n'}
[0.015453] (vision_msg) StderrLine: {'line': b'  Update the VERSION argument <min> value.  Or, use the <min>...<max> syntax\n'}
[0.015528] (vision_msg) StderrLine: {'line': b'  to tell CMake that the project requires at least <min> but has been updated\n'}
[0.015602] (vision_msg) StderrLine: {'line': b'  to work with policies introduced by <max> or earlier.\n'}
[0.015676] (vision_msg) StderrLine: {'line': b'\n'}
[0.015750] (vision_msg) StderrLine: {'line': b'\x1b[0m\n'}
[0.062624] (vision_msg) StdoutLine: {'line': b'-- The C compiler identification is GNU 11.4.0\n'}
[0.062980] (def_msg) StdoutLine: {'line': b'-- The C compiler identification is GNU 11.4.0\n'}
[0.099591] (-) TimerEvent: {}
[0.115976] (def_msg) StdoutLine: {'line': b'-- The CXX compiler identification is GNU 11.4.0\n'}
[0.120020] (vision_msg) StdoutLine: {'line': b'-- The CXX compiler identification is GNU 11.4.0\n'}
[0.121671] (def_msg) StdoutLine: {'line': b'-- Detecting C compiler ABI info\n'}
[0.127017] (vision_msg) StdoutLine: {'line': b'-- Detecting C compiler ABI info\n'}
[0.187832] (def_msg) StdoutLine: {'line': b'-- Detecting C compiler ABI info - done\n'}
[0.188876] (vision_msg) StdoutLine: {'line': b'-- Detecting C compiler ABI info - done\n'}
[0.199304] (def_msg) StdoutLine: {'line': b'-- Check for working C compiler: /usr/bin/cc - skipped\n'}
[0.199652] (-) TimerEvent: {}
[0.199833] (def_msg) StdoutLine: {'line': b'-- Detecting C compile features\n'}
[0.200084] (vision_msg) StdoutLine: {'line': b'-- Check for working C compiler: /usr/bin/cc - skipped\n'}
[0.200219] (def_msg) StdoutLine: {'line': b'-- Detecting C compile features - done\n'}
[0.200501] (vision_msg) StdoutLine: {'line': b'-- Detecting C compile features\n'}
[0.200991] (vision_msg) StdoutLine: {'line': b'-- Detecting C compile features - done\n'}
[0.214277] (def_msg) StdoutLine: {'line': b'-- Detecting CXX compiler ABI info\n'}
[0.215547] (vision_msg) StdoutLine: {'line': b'-- Detecting CXX compiler ABI info\n'}
[0.299770] (-) TimerEvent: {}
[0.301890] (vision_msg) StdoutLine: {'line': b'-- Detecting CXX compiler ABI info - done\n'}
[0.302113] (def_msg) StdoutLine: {'line': b'-- Detecting CXX compiler ABI info - done\n'}
[0.323694] (def_msg) StdoutLine: {'line': b'-- Check for working CXX compiler: /usr/bin/c++ - skipped\n'}
[0.324119] (def_msg) StdoutLine: {'line': b'-- Detecting CXX compile features\n'}
[0.324278] (vision_msg) StdoutLine: {'line': b'-- Check for working CXX compiler: /usr/bin/c++ - skipped\n'}
[0.324446] (vision_msg) StdoutLine: {'line': b'-- Detecting CXX compile features\n'}
[0.324598] (def_msg) StdoutLine: {'line': b'-- Detecting CXX compile features - done\n'}
[0.324939] (vision_msg) StdoutLine: {'line': b'-- Detecting CXX compile features - done\n'}
[0.336047] (def_msg) StdoutLine: {'line': b'-- Found ament_cmake: 1.3.11 (/opt/ros/humble/share/ament_cmake/cmake)\n'}
[0.336366] (vision_msg) StdoutLine: {'line': b'-- Found ament_cmake: 1.3.11 (/opt/ros/humble/share/ament_cmake/cmake)\n'}
[0.399995] (-) TimerEvent: {}
[0.438409] (def_msg) StdoutLine: {'line': b'-- Found Python3: /usr/bin/python3 (found version "3.10.12") found components: Interpreter\n'}
[0.445315] (vision_msg) StdoutLine: {'line': b'-- Found Python3: /usr/bin/python3 (found version "3.10.12") found components: Interpreter\n'}
[0.500102] (-) TimerEvent: {}
[0.510130] (def_msg) StdoutLine: {'line': b'-- Found std_msgs: 4.2.4 (/opt/ros/humble/share/std_msgs/cmake)\n'}
[0.514151] (vision_msg) StdoutLine: {'line': b'-- Found rosidl_default_generators: 1.2.0 (/opt/ros/humble/share/rosidl_default_generators/cmake)\n'}
[0.517656] (vision_msg) StdoutLine: {'line': b'-- Using all available rosidl_typesupport_c: rosidl_typesupport_fastrtps_c;rosidl_typesupport_introspection_c\n'}
[0.522936] (vision_msg) StdoutLine: {'line': b'-- Found rosidl_adapter: 3.1.6 (/opt/ros/humble/share/rosidl_adapter/cmake)\n'}
[0.539477] (def_msg) StdoutLine: {'line': b'-- Found rosidl_generator_c: 3.1.6 (/opt/ros/humble/share/rosidl_generator_c/cmake)\n'}
[0.543413] (def_msg) StdoutLine: {'line': b'-- Found rosidl_adapter: 3.1.6 (/opt/ros/humble/share/rosidl_adapter/cmake)\n'}
[0.550231] (def_msg) StdoutLine: {'line': b'-- Found rosidl_generator_cpp: 3.1.6 (/opt/ros/humble/share/rosidl_generator_cpp/cmake)\n'}
[0.556230] (vision_msg) StdoutLine: {'line': b'-- Using all available rosidl_typesupport_cpp: rosidl_typesupport_fastrtps_cpp;rosidl_typesupport_introspection_cpp\n'}
[0.559615] (def_msg) StdoutLine: {'line': b'-- Using all available rosidl_typesupport_c: rosidl_typesupport_fastrtps_c;rosidl_typesupport_introspection_c\n'}
[0.572947] (def_msg) StdoutLine: {'line': b'-- Using all available rosidl_typesupport_cpp: rosidl_typesupport_fastrtps_cpp;rosidl_typesupport_introspection_cpp\n'}
[0.583796] (vision_msg) StdoutLine: {'line': b'-- Found std_msgs: 4.2.4 (/opt/ros/humble/share/std_msgs/cmake)\n'}
[0.595282] (def_msg) StdoutLine: {'line': b'-- Found rosidl_default_generators: 1.2.0 (/opt/ros/humble/share/rosidl_default_generators/cmake)\n'}
[0.600322] (-) TimerEvent: {}
[0.602301] (def_msg) StdoutLine: {'line': b'-- Found ament_lint_auto: 0.12.11 (/opt/ros/humble/share/ament_lint_auto/cmake)\n'}
[0.606394] (vision_msg) StdoutLine: {'line': b'-- Found ament_lint_auto: 0.12.11 (/opt/ros/humble/share/ament_lint_auto/cmake)\n'}
[0.700547] (-) TimerEvent: {}
[0.800939] (-) TimerEvent: {}
[0.901211] (-) TimerEvent: {}
[0.929876] (vision_msg) StdoutLine: {'line': b'-- Found ament_cmake_ros: 0.10.0 (/opt/ros/humble/share/ament_cmake_ros/cmake)\n'}
[0.972129] (def_msg) StdoutLine: {'line': b'-- Found ament_cmake_ros: 0.10.0 (/opt/ros/humble/share/ament_cmake_ros/cmake)\n'}
[1.001338] (-) TimerEvent: {}
[1.101623] (-) TimerEvent: {}
[1.201923] (-) TimerEvent: {}
[1.287156] (vision_msg) StdoutLine: {'line': b'-- Using all available rosidl_typesupport_c: rosidl_typesupport_fastrtps_c;rosidl_typesupport_introspection_c\n'}
[1.302014] (-) TimerEvent: {}
[1.402271] (-) TimerEvent: {}
[1.502573] (-) TimerEvent: {}
[1.532595] (def_msg) StdoutLine: {'line': b'-- Using all available rosidl_typesupport_c: rosidl_typesupport_fastrtps_c;rosidl_typesupport_introspection_c\n'}
[1.602762] (-) TimerEvent: {}
[1.703057] (-) TimerEvent: {}
[1.743780] (vision_msg) StdoutLine: {'line': b'-- Using all available rosidl_typesupport_cpp: rosidl_typesupport_fastrtps_cpp;rosidl_typesupport_introspection_cpp\n'}
[1.745732] (vision_msg) StderrLine: {'line': b'\x1b[33mCMake Warning (dev) at /opt/ros/humble/share/rosidl_generator_py/cmake/rosidl_generator_py_generate_interfaces.cmake:20 (find_package):\n'}
[1.745889] (vision_msg) StderrLine: {'line': b'  Policy CMP0148 is not set: The FindPythonInterp and FindPythonLibs modules\n'}
[1.745981] (vision_msg) StderrLine: {'line': b'  are removed.  Run "cmake --help-policy CMP0148" for policy details.  Use\n'}
[1.746062] (vision_msg) StderrLine: {'line': b'  the cmake_policy command to set the policy and suppress this warning.\n'}
[1.746140] (vision_msg) StderrLine: {'line': b'\n'}
[1.746217] (vision_msg) StderrLine: {'line': b'Call Stack (most recent call first):\n'}
[1.746294] (vision_msg) StderrLine: {'line': b'  /opt/ros/humble/share/ament_cmake_core/cmake/core/ament_execute_extensions.cmake:48 (include)\n'}
[1.746377] (vision_msg) StderrLine: {'line': b'  /opt/ros/humble/share/rosidl_cmake/cmake/rosidl_generate_interfaces.cmake:286 (ament_execute_extensions)\n'}
[1.746453] (vision_msg) StderrLine: {'line': b'  CMakeLists.txt:37 (rosidl_generate_interfaces)\n'}
[1.746530] (vision_msg) StderrLine: {'line': b'This warning is for project developers.  Use -Wno-dev to suppress it.\n'}
[1.746607] (vision_msg) StderrLine: {'line': b'\x1b[0m\n'}
[1.754170] (def_msg) StdoutLine: {'line': b'-- Using all available rosidl_typesupport_cpp: rosidl_typesupport_fastrtps_cpp;rosidl_typesupport_introspection_cpp\n'}
[1.756015] (def_msg) StderrLine: {'line': b'\x1b[33mCMake Warning (dev) at /opt/ros/humble/share/rosidl_generator_py/cmake/rosidl_generator_py_generate_interfaces.cmake:20 (find_package):\n'}
[1.756139] (def_msg) StderrLine: {'line': b'  Policy CMP0148 is not set: The FindPythonInterp and FindPythonLibs modules\n'}
[1.756236] (def_msg) StderrLine: {'line': b'  are removed.  Run "cmake --help-policy CMP0148" for policy details.  Use\n'}
[1.756314] (def_msg) StderrLine: {'line': b'  the cmake_policy command to set the policy and suppress this warning.\n'}
[1.756388] (def_msg) StderrLine: {'line': b'\n'}
[1.756462] (def_msg) StderrLine: {'line': b'Call Stack (most recent call first):\n'}
[1.756535] (def_msg) StderrLine: {'line': b'  /opt/ros/humble/share/ament_cmake_core/cmake/core/ament_execute_extensions.cmake:48 (include)\n'}
[1.756607] (def_msg) StderrLine: {'line': b'  /opt/ros/humble/share/rosidl_cmake/cmake/rosidl_generate_interfaces.cmake:286 (ament_execute_extensions)\n'}
[1.756681] (def_msg) StderrLine: {'line': b'  CMakeLists.txt:28 (rosidl_generate_interfaces)\n'}
[1.756755] (def_msg) StderrLine: {'line': b'This warning is for project developers.  Use -Wno-dev to suppress it.\n'}
[1.756835] (def_msg) StderrLine: {'line': b'\x1b[0m\n'}
[1.762415] (vision_msg) StdoutLine: {'line': b'-- Found PythonInterp: /usr/bin/python3 (found suitable version "3.10.12", minimum required is "3.6")\n'}
[1.765052] (vision_msg) StdoutLine: {'line': b'-- Found python_cmake_module: 0.10.0 (/opt/ros/humble/share/python_cmake_module/cmake)\n'}
[1.765474] (vision_msg) StderrLine: {'line': b'\x1b[33mCMake Warning (dev) at /opt/ros/humble/share/python_cmake_module/cmake/Modules/FindPythonExtra.cmake:52 (find_package):\n'}
[1.765648] (vision_msg) StderrLine: {'line': b'  Policy CMP0148 is not set: The FindPythonInterp and FindPythonLibs modules\n'}
[1.765738] (vision_msg) StderrLine: {'line': b'  are removed.  Run "cmake --help-policy CMP0148" for policy details.  Use\n'}
[1.765828] (vision_msg) StderrLine: {'line': b'  the cmake_policy command to set the policy and suppress this warning.\n'}
[1.765917] (vision_msg) StderrLine: {'line': b'\n'}
[1.765998] (vision_msg) StderrLine: {'line': b'Call Stack (most recent call first):\n'}
[1.766076] (vision_msg) StderrLine: {'line': b'  /opt/ros/humble/share/rosidl_generator_py/cmake/rosidl_generator_py_generate_interfaces.cmake:23 (find_package)\n'}
[1.766154] (vision_msg) StderrLine: {'line': b'  /opt/ros/humble/share/ament_cmake_core/cmake/core/ament_execute_extensions.cmake:48 (include)\n'}
[1.766243] (vision_msg) StderrLine: {'line': b'  /opt/ros/humble/share/rosidl_cmake/cmake/rosidl_generate_interfaces.cmake:286 (ament_execute_extensions)\n'}
[1.766321] (vision_msg) StderrLine: {'line': b'  CMakeLists.txt:37 (rosidl_generate_interfaces)\n'}
[1.766397] (vision_msg) StderrLine: {'line': b'This warning is for project developers.  Use -Wno-dev to suppress it.\n'}
[1.766472] (vision_msg) StderrLine: {'line': b'\x1b[0m\n'}
[1.770763] (def_msg) StdoutLine: {'line': b'-- Found PythonInterp: /usr/bin/python3 (found suitable version "3.10.12", minimum required is "3.6")\n'}
[1.772211] (def_msg) StdoutLine: {'line': b'-- Found python_cmake_module: 0.10.0 (/opt/ros/humble/share/python_cmake_module/cmake)\n'}
[1.772564] (def_msg) StderrLine: {'line': b'\x1b[33mCMake Warning (dev) at /opt/ros/humble/share/python_cmake_module/cmake/Modules/FindPythonExtra.cmake:52 (find_package):\n'}
[1.772718] (def_msg) StderrLine: {'line': b'  Policy CMP0148 is not set: The FindPythonInterp and FindPythonLibs modules\n'}
[1.772805] (def_msg) StderrLine: {'line': b'  are removed.  Run "cmake --help-policy CMP0148" for policy details.  Use\n'}
[1.772891] (def_msg) StderrLine: {'line': b'  the cmake_policy command to set the policy and suppress this warning.\n'}
[1.773064] (def_msg) StderrLine: {'line': b'\n'}
[1.773225] (def_msg) StderrLine: {'line': b'Call Stack (most recent call first):\n'}
[1.773314] (def_msg) StderrLine: {'line': b'  /opt/ros/humble/share/rosidl_generator_py/cmake/rosidl_generator_py_generate_interfaces.cmake:23 (find_package)\n'}
[1.773408] (def_msg) StderrLine: {'line': b'  /opt/ros/humble/share/ament_cmake_core/cmake/core/ament_execute_extensions.cmake:48 (include)\n'}
[1.773490] (def_msg) StderrLine: {'line': b'  /opt/ros/humble/share/rosidl_cmake/cmake/rosidl_generate_interfaces.cmake:286 (ament_execute_extensions)\n'}
[1.773577] (def_msg) StderrLine: {'line': b'  CMakeLists.txt:28 (rosidl_generate_interfaces)\n'}
[1.773660] (def_msg) StderrLine: {'line': b'This warning is for project developers.  Use -Wno-dev to suppress it.\n'}
[1.773741] (def_msg) StderrLine: {'line': b'\x1b[0m\n'}
[1.780447] (vision_msg) StderrLine: {'line': b'\x1b[33mCMake Warning (dev) at /opt/ros/humble/share/python_cmake_module/cmake/Modules/FindPythonExtra.cmake:140 (find_package):\n'}
[1.780582] (vision_msg) StderrLine: {'line': b'  Policy CMP0148 is not set: The FindPythonInterp and FindPythonLibs modules\n'}
[1.780660] (vision_msg) StderrLine: {'line': b'  are removed.  Run "cmake --help-policy CMP0148" for policy details.  Use\n'}
[1.780733] (vision_msg) StderrLine: {'line': b'  the cmake_policy command to set the policy and suppress this warning.\n'}
[1.780806] (vision_msg) StderrLine: {'line': b'\n'}
[1.780887] (vision_msg) StderrLine: {'line': b'Call Stack (most recent call first):\n'}
[1.780966] (vision_msg) StderrLine: {'line': b'  /opt/ros/humble/share/rosidl_generator_py/cmake/rosidl_generator_py_generate_interfaces.cmake:23 (find_package)\n'}
[1.781053] (vision_msg) StderrLine: {'line': b'  /opt/ros/humble/share/ament_cmake_core/cmake/core/ament_execute_extensions.cmake:48 (include)\n'}
[1.781126] (vision_msg) StderrLine: {'line': b'  /opt/ros/humble/share/rosidl_cmake/cmake/rosidl_generate_interfaces.cmake:286 (ament_execute_extensions)\n'}
[1.781199] (vision_msg) StderrLine: {'line': b'  CMakeLists.txt:37 (rosidl_generate_interfaces)\n'}
[1.781273] (vision_msg) StderrLine: {'line': b'This warning is for project developers.  Use -Wno-dev to suppress it.\n'}
[1.781345] (vision_msg) StderrLine: {'line': b'\x1b[0m\n'}
[1.787782] (vision_msg) StdoutLine: {'line': b'-- Found PythonLibs: /usr/lib/x86_64-linux-gnu/libpython3.10.so (found suitable version "3.10.12", minimum required is "3.5")\n'}
[1.787996] (vision_msg) StdoutLine: {'line': b'-- Using PYTHON_EXECUTABLE: /usr/bin/python3\n'}
[1.788075] (vision_msg) StdoutLine: {'line': b'-- Using PYTHON_INCLUDE_DIRS: /usr/include/python3.10\n'}
[1.788150] (vision_msg) StdoutLine: {'line': b'-- Using PYTHON_LIBRARIES: /usr/lib/x86_64-linux-gnu/libpython3.10.so\n'}
[1.791688] (def_msg) StderrLine: {'line': b'\x1b[33mCMake Warning (dev) at /opt/ros/humble/share/python_cmake_module/cmake/Modules/FindPythonExtra.cmake:140 (find_package):\n'}
[1.791799] (def_msg) StderrLine: {'line': b'  Policy CMP0148 is not set: The FindPythonInterp and FindPythonLibs modules\n'}
[1.791882] (def_msg) StderrLine: {'line': b'  are removed.  Run "cmake --help-policy CMP0148" for policy details.  Use\n'}
[1.791962] (def_msg) StderrLine: {'line': b'  the cmake_policy command to set the policy and suppress this warning.\n'}
[1.792048] (def_msg) StderrLine: {'line': b'\n'}
[1.792122] (def_msg) StderrLine: {'line': b'Call Stack (most recent call first):\n'}
[1.792194] (def_msg) StderrLine: {'line': b'  /opt/ros/humble/share/rosidl_generator_py/cmake/rosidl_generator_py_generate_interfaces.cmake:23 (find_package)\n'}
[1.792269] (def_msg) StderrLine: {'line': b'  /opt/ros/humble/share/ament_cmake_core/cmake/core/ament_execute_extensions.cmake:48 (include)\n'}
[1.792346] (def_msg) StderrLine: {'line': b'  /opt/ros/humble/share/rosidl_cmake/cmake/rosidl_generate_interfaces.cmake:286 (ament_execute_extensions)\n'}
[1.792422] (def_msg) StderrLine: {'line': b'  CMakeLists.txt:28 (rosidl_generate_interfaces)\n'}
[1.792499] (def_msg) StderrLine: {'line': b'This warning is for project developers.  Use -Wno-dev to suppress it.\n'}
[1.792574] (def_msg) StderrLine: {'line': b'\x1b[0m\n'}
[1.798913] (def_msg) StdoutLine: {'line': b'-- Found PythonLibs: /usr/lib/x86_64-linux-gnu/libpython3.10.so (found suitable version "3.10.12", minimum required is "3.5")\n'}
[1.799074] (def_msg) StdoutLine: {'line': b'-- Using PYTHON_EXECUTABLE: /usr/bin/python3\n'}
[1.799151] (def_msg) StdoutLine: {'line': b'-- Using PYTHON_INCLUDE_DIRS: /usr/include/python3.10\n'}
[1.799240] (def_msg) StdoutLine: {'line': b'-- Using PYTHON_LIBRARIES: /usr/lib/x86_64-linux-gnu/libpython3.10.so\n'}
[1.803139] (-) TimerEvent: {}
[1.803344] (vision_msg) StdoutLine: {'line': b'-- Found PythonExtra: .so\n'}
[1.815869] (def_msg) StdoutLine: {'line': b'-- Found PythonExtra: .so\n'}
[1.843542] (vision_msg) StdoutLine: {'line': b"-- Added test 'copyright' to check source files copyright and LICENSE\n"}
[1.844740] (vision_msg) StdoutLine: {'line': b"-- Added test 'lint_cmake' to check CMake code style\n"}
[1.845159] (vision_msg) StdoutLine: {'line': b"-- Added test 'xmllint' to check XML markup files\n"}
[1.849100] (vision_msg) StdoutLine: {'line': b'-- Configuring done (1.8s)\n'}
[1.853332] (def_msg) StdoutLine: {'line': b"-- Added test 'lint_cmake' to check CMake code style\n"}
[1.854071] (def_msg) StdoutLine: {'line': b"-- Added test 'xmllint' to check XML markup files\n"}
[1.856368] (def_msg) StdoutLine: {'line': b'-- Configuring done (1.8s)\n'}
[1.874024] (vision_msg) StdoutLine: {'line': b'-- Generating done (0.0s)\n'}
[1.879764] (vision_msg) StdoutLine: {'line': b'-- Build files have been written to: /home/hjh/serial_new0122/build/vision_msg\n'}
[1.887652] (vision_msg) CommandEnded: {'returncode': 0}
[1.888856] (vision_msg) JobProgress: {'identifier': 'vision_msg', 'progress': 'build'}
[1.888919] (vision_msg) Command: {'cmd': ['/usr/bin/cmake', '--build', '/home/hjh/serial_new0122/build/vision_msg', '--', '-j16', '-l16'], 'cwd': '/home/hjh/serial_new0122/build/vision_msg', 'env': OrderedDict([('LESSOPEN', '| /usr/bin/lesspipe %s'), ('HTTPS_PROXY', 'http://127.0.0.1:7890/'), ('no_proxy', 'localhost,127.0.0.1,::1'), ('LANGUAGE', 'zh_CN:en'), ('USER', 'hjh'), ('LC_TIME', 'zh_CN.UTF-8'), ('all_proxy', 'socks://127.0.0.1:7890/'), ('XDG_SESSION_TYPE', 'wayland'), ('SHLVL', '1'), ('LD_LIBRARY_PATH', '/opt/ros/humble/opt/openvdb_vendor/lib:/home/hjh/ros2_ws/install/lib:/home/hjh/ros2_ws/install/lib:/usr/lib/x86_64-linux-gnu/gazebo-11/plugins:/opt/ros/humble/opt/rviz_ogre_vendor/lib:/opt/ros/humble/lib/x86_64-linux-gnu:/opt/ros/humble/lib'), ('HOME', '/home/hjh'), ('CONDA_SHLVL', '0'), ('DESKTOP_SESSION', 'ubuntu'), ('NO_PROXY', 'localhost,127.0.0.1,::1'), ('ROS_PYTHON_VERSION', '3'), ('GNOME_SHELL_SESSION_MODE', 'ubuntu'), ('GTK_MODULES', 'gail:atk-bridge'), ('LC_MONETARY', 'zh_CN.UTF-8'), ('DBUS_STARTER_BUS_TYPE', 'session'), ('SYSTEMD_EXEC_PID', '1769'), ('DBUS_SESSION_BUS_ADDRESS', 'unix:path=/run/user/1000/bus,guid=4bdc633ca0aa5ac165e4d9d869723ee8'), ('COLORTERM', 'truecolor'), ('_CE_M', ''), ('IM_CONFIG_PHASE', '1'), ('WAYLAND_DISPLAY', 'wayland-0'), ('https_proxy', 'http://127.0.0.1:7890/'), ('ROS_DISTRO', 'humble'), ('GTK_IM_MODULE', 'fcitx'), ('LOGNAME', 'hjh'), ('ALL_PROXY', 'socks://127.0.0.1:7890/'), ('http_proxy', 'http://127.0.0.1:7890/'), ('_', '/usr/bin/colcon'), ('ROS_VERSION', '2'), ('XDG_SESSION_CLASS', 'user'), ('USERNAME', 'hjh'), ('TERM', 'xterm-256color'), ('GNOME_DESKTOP_SESSION_ID', 'this-is-deprecated'), ('_CE_CONDA', ''), ('ROS_LOCALHOST_ONLY', '0'), ('PATH', '/home/hjh/miniconda3/condabin:/opt/ros/humble/bin:/home/hjh/.local/bin:/usr/local/sbin:/usr/local/bin:/usr/sbin:/usr/bin:/sbin:/bin:/usr/games:/usr/local/games:/snap/bin:/snap/bin'), ('SESSION_MANAGER', 'local/hjh-Lenovo-G5000-IRH8:@/tmp/.ICE-unix/1769,unix/hjh-Lenovo-G5000-IRH8:/tmp/.ICE-unix/1769'), ('PAPERSIZE', 'a4'), ('XDG_MENU_PREFIX', 'gnome-'), ('LC_ADDRESS', 'zh_CN.UTF-8'), ('GNOME_TERMINAL_SCREEN', '/org/gnome/Terminal/screen/b81bb473_4549_40e1_ad91_fed3d7df0302'), ('GNOME_SETUP_DISPLAY', ':1'), ('XDG_RUNTIME_DIR', '/run/user/1000'), ('DISPLAY', ':0'), ('LANG', 'zh_CN.UTF-8'), ('XDG_CURRENT_DESKTOP', 'ubuntu:GNOME'), ('LC_TELEPHONE', 'zh_CN.UTF-8'), ('XMODIFIERS', '@im=fcitx'), ('XDG_SESSION_DESKTOP', 'ubuntu'), ('XAUTHORITY', '/run/user/1000/.mutter-Xwaylandauth.XKQWJ3'), ('LS_COLORS', 'rs=0:di=01;34:ln=01;36:mh=00:pi=40;33:so=01;35:do=01;35:bd=40;33;01:cd=40;33;01:or=40;31;01:mi=00:su=37;41:sg=30;43:ca=30;41:tw=30;42:ow=34;42:st=37;44:ex=01;32:*.tar=01;31:*.tgz=01;31:*.arc=01;31:*.arj=01;31:*.taz=01;31:*.lha=01;31:*.lz4=01;31:*.lzh=01;31:*.lzma=01;31:*.tlz=01;31:*.txz=01;31:*.tzo=01;31:*.t7z=01;31:*.zip=01;31:*.z=01;31:*.dz=01;31:*.gz=01;31:*.lrz=01;31:*.lz=01;31:*.lzo=01;31:*.xz=01;31:*.zst=01;31:*.tzst=01;31:*.bz2=01;31:*.bz=01;31:*.tbz=01;31:*.tbz2=01;31:*.tz=01;31:*.deb=01;31:*.rpm=01;31:*.jar=01;31:*.war=01;31:*.ear=01;31:*.sar=01;31:*.rar=01;31:*.alz=01;31:*.ace=01;31:*.zoo=01;31:*.cpio=01;31:*.7z=01;31:*.rz=01;31:*.cab=01;31:*.wim=01;31:*.swm=01;31:*.dwm=01;31:*.esd=01;31:*.jpg=01;35:*.jpeg=01;35:*.mjpg=01;35:*.mjpeg=01;35:*.gif=01;35:*.bmp=01;35:*.pbm=01;35:*.pgm=01;35:*.ppm=01;35:*.tga=01;35:*.xbm=01;35:*.xpm=01;35:*.tif=01;35:*.tiff=01;35:*.png=01;35:*.svg=01;35:*.svgz=01;35:*.mng=01;35:*.pcx=01;35:*.mov=01;35:*.mpg=01;35:*.mpeg=01;35:*.m2v=01;35:*.mkv=01;35:*.webm=01;35:*.webp=01;35:*.ogm=01;35:*.mp4=01;35:*.m4v=01;35:*.mp4v=01;35:*.vob=01;35:*.qt=01;35:*.nuv=01;35:*.wmv=01;35:*.asf=01;35:*.rm=01;35:*.rmvb=01;35:*.flc=01;35:*.avi=01;35:*.fli=01;35:*.flv=01;35:*.gl=01;35:*.dl=01;35:*.xcf=01;35:*.xwd=01;35:*.yuv=01;35:*.cgm=01;35:*.emf=01;35:*.ogv=01;35:*.ogx=01;35:*.aac=00;36:*.au=00;36:*.flac=00;36:*.m4a=00;36:*.mid=00;36:*.midi=00;36:*.mka=00;36:*.mp3=00;36:*.mpc=00;36:*.ogg=00;36:*.ra=00;36:*.wav=00;36:*.oga=00;36:*.opus=00;36:*.spx=00;36:*.xspf=00;36:'), ('GNOME_TERMINAL_SERVICE', ':1.159'), ('SSH_AGENT_LAUNCHER', 'gnome-keyring'), ('SSH_AUTH_SOCK', '/run/user/1000/keyring/ssh'), ('AMENT_PREFIX_PATH', '/opt/ros/humble'), ('CONDA_PYTHON_EXE', '/home/hjh/miniconda3/bin/python'), ('SHELL', '/bin/bash'), ('LC_NAME', 'zh_CN.UTF-8'), ('QT_ACCESSIBILITY', '1'), ('GDMSESSION', 'ubuntu'), ('LESSCLOSE', '/usr/bin/lesspipe %s %s'), ('LC_MEASUREMENT', 'zh_CN.UTF-8'), ('LC_IDENTIFICATION', 'zh_CN.UTF-8'), ('QT_IM_MODULE', 'fcitx'), ('PWD', '/home/hjh/serial_new0122/build/vision_msg'), ('XDG_CONFIG_DIRS', '/etc/xdg/xdg-ubuntu:/etc/xdg'), ('CONDA_EXE', '/home/hjh/miniconda3/bin/conda'), ('CLUTTER_IM_MODULE', 'fcitx'), ('DBUS_STARTER_ADDRESS', 'unix:path=/run/user/1000/bus,guid=4bdc633ca0aa5ac165e4d9d869723ee8'), ('XDG_DATA_DIRS', '/usr/share/ubuntu:/usr/local/share/:/usr/share/:/var/lib/snapd/desktop'), ('PYTHONPATH', '/opt/ros/humble/lib/python3.10/site-packages:/opt/ros/humble/local/lib/python3.10/dist-packages'), ('HTTP_PROXY', 'http://127.0.0.1:7890/'), ('LC_NUMERIC', 'en_US.UTF-8'), ('LC_PAPER', 'zh_CN.UTF-8'), ('COLCON', '1'), ('VTE_VERSION', '6800'), ('CMAKE_PREFIX_PATH', '/opt/ros/humble')]), 'shell': False}
[1.890237] (def_msg) StdoutLine: {'line': b'-- Generating done (0.0s)\n'}
[1.897121] (def_msg) StdoutLine: {'line': b'-- Build files have been written to: /home/hjh/serial_new0122/build/def_msg\n'}
[1.903317] (-) TimerEvent: {}
[1.904164] (def_msg) CommandEnded: {'returncode': 0}
[1.904812] (def_msg) JobProgress: {'identifier': 'def_msg', 'progress': 'build'}
[1.905284] (def_msg) Command: {'cmd': ['/usr/bin/cmake', '--build', '/home/hjh/serial_new0122/build/def_msg', '--', '-j16', '-l16'], 'cwd': '/home/hjh/serial_new0122/build/def_msg', 'env': OrderedDict([('LESSOPEN', '| /usr/bin/lesspipe %s'), ('HTTPS_PROXY', 'http://127.0.0.1:7890/'), ('no_proxy', 'localhost,127.0.0.1,::1'), ('LANGUAGE', 'zh_CN:en'), ('USER', 'hjh'), ('LC_TIME', 'zh_CN.UTF-8'), ('all_proxy', 'socks://127.0.0.1:7890/'), ('XDG_SESSION_TYPE', 'wayland'), ('SHLVL', '1'), ('LD_LIBRARY_PATH', '/opt/ros/humble/opt/openvdb_vendor/lib:/home/hjh/ros2_ws/install/lib:/home/hjh/ros2_ws/install/lib:/usr/lib/x86_64-linux-gnu/gazebo-11/plugins:/opt/ros/humble/opt/rviz_ogre_vendor/lib:/opt/ros/humble/lib/x86_64-linux-gnu:/opt/ros/humble/lib'), ('HOME', '/home/hjh'), ('CONDA_SHLVL', '0'), ('DESKTOP_SESSION', 'ubuntu'), ('NO_PROXY', 'localhost,127.0.0.1,::1'), ('ROS_PYTHON_VERSION', '3'), ('GNOME_SHELL_SESSION_MODE', 'ubuntu'), ('GTK_MODULES', 'gail:atk-bridge'), ('LC_MONETARY', 'zh_CN.UTF-8'), ('DBUS_STARTER_BUS_TYPE', 'session'), ('SYSTEMD_EXEC_PID', '1769'), ('DBUS_SESSION_BUS_ADDRESS', 'unix:path=/run/user/1000/bus,guid=4bdc633ca0aa5ac165e4d9d869723ee8'), ('COLORTERM', 'truecolor'), ('_CE_M', ''), ('IM_CONFIG_PHASE', '1'), ('WAYLAND_DISPLAY', 'wayland-0'), ('https_proxy', 'http://127.0.0.1:7890/'), ('ROS_DISTRO', 'humble'), ('GTK_IM_MODULE', 'fcitx'), ('LOGNAME', 'hjh'), ('ALL_PROXY', 'socks://127.0.0.1:7890/'), ('http_proxy', 'http://127.0.0.1:7890/'), ('_', '/usr/bin/colcon'), ('ROS_VERSION', '2'), ('XDG_SESSION_CLASS', 'user'), ('USERNAME', 'hjh'), ('TERM', 'xterm-256color'), ('GNOME_DESKTOP_SESSION_ID', 'this-is-deprecated'), ('_CE_CONDA', ''), ('ROS_LOCALHOST_ONLY', '0'), ('PATH', '/home/hjh/miniconda3/condabin:/opt/ros/humble/bin:/home/hjh/.local/bin:/usr/local/sbin:/usr/local/bin:/usr/sbin:/usr/bin:/sbin:/bin:/usr/games:/usr/local/games:/snap/bin:/snap/bin'), ('SESSION_MANAGER', 'local/hjh-Lenovo-G5000-IRH8:@/tmp/.ICE-unix/1769,unix/hjh-Lenovo-G5000-IRH8:/tmp/.ICE-unix/1769'), ('PAPERSIZE', 'a4'), ('XDG_MENU_PREFIX', 'gnome-'), ('LC_ADDRESS', 'zh_CN.UTF-8'), ('GNOME_TERMINAL_SCREEN', '/org/gnome/Terminal/screen/b81bb473_4549_40e1_ad91_fed3d7df0302'), ('GNOME_SETUP_DISPLAY', ':1'), ('XDG_RUNTIME_DIR', '/run/user/1000'), ('DISPLAY', ':0'), ('LANG', 'zh_CN.UTF-8'), ('XDG_CURRENT_DESKTOP', 'ubuntu:GNOME'), ('LC_TELEPHONE', 'zh_CN.UTF-8'), ('XMODIFIERS', '@im=fcitx'), ('XDG_SESSION_DESKTOP', 'ubuntu'), ('XAUTHORITY', '/run/user/1000/.mutter-Xwaylandauth.XKQWJ3'), ('LS_COLORS', 'rs=0:di=01;34:ln=01;36:mh=00:pi=40;33:so=01;35:do=01;35:bd=40;33;01:cd=40;33;01:or=40;31;01:mi=00:su=37;41:sg=30;43:ca=30;41:tw=30;42:ow=34;42:st=37;44:ex=01;32:*.tar=01;31:*.tgz=01;31:*.arc=01;31:*.arj=01;31:*.taz=01;31:*.lha=01;31:*.lz4=01;31:*.lzh=01;31:*.lzma=01;31:*.tlz=01;31:*.txz=01;31:*.tzo=01;31:*.t7z=01;31:*.zip=01;31:*.z=01;31:*.dz=01;31:*.gz=01;31:*.lrz=01;31:*.lz=01;31:*.lzo=01;31:*.xz=01;31:*.zst=01;31:*.tzst=01;31:*.bz2=01;31:*.bz=01;31:*.tbz=01;31:*.tbz2=01;31:*.tz=01;31:*.deb=01;31:*.rpm=01;31:*.jar=01;31:*.war=01;31:*.ear=01;31:*.sar=01;31:*.rar=01;31:*.alz=01;31:*.ace=01;31:*.zoo=01;31:*.cpio=01;31:*.7z=01;31:*.rz=01;31:*.cab=01;31:*.wim=01;31:*.swm=01;31:*.dwm=01;31:*.esd=01;31:*.jpg=01;35:*.jpeg=01;35:*.mjpg=01;35:*.mjpeg=01;35:*.gif=01;35:*.bmp=01;35:*.pbm=01;35:*.pgm=01;35:*.ppm=01;35:*.tga=01;35:*.xbm=01;35:*.xpm=01;35:*.tif=01;35:*.tiff=01;35:*.png=01;35:*.svg=01;35:*.svgz=01;35:*.mng=01;35:*.pcx=01;35:*.mov=01;35:*.mpg=01;35:*.mpeg=01;35:*.m2v=01;35:*.mkv=01;35:*.webm=01;35:*.webp=01;35:*.ogm=01;35:*.mp4=01;35:*.m4v=01;35:*.mp4v=01;35:*.vob=01;35:*.qt=01;35:*.nuv=01;35:*.wmv=01;35:*.asf=01;35:*.rm=01;35:*.rmvb=01;35:*.flc=01;35:*.avi=01;35:*.fli=01;35:*.flv=01;35:*.gl=01;35:*.dl=01;35:*.xcf=01;35:*.xwd=01;35:*.yuv=01;35:*.cgm=01;35:*.emf=01;35:*.ogv=01;35:*.ogx=01;35:*.aac=00;36:*.au=00;36:*.flac=00;36:*.m4a=00;36:*.mid=00;36:*.midi=00;36:*.mka=00;36:*.mp3=00;36:*.mpc=00;36:*.ogg=00;36:*.ra=00;36:*.wav=00;36:*.oga=00;36:*.opus=00;36:*.spx=00;36:*.xspf=00;36:'), ('GNOME_TERMINAL_SERVICE', ':1.159'), ('SSH_AGENT_LAUNCHER', 'gnome-keyring'), ('SSH_AUTH_SOCK', '/run/user/1000/keyring/ssh'), ('AMENT_PREFIX_PATH', '/opt/ros/humble'), ('CONDA_PYTHON_EXE', '/home/hjh/miniconda3/bin/python'), ('SHELL', '/bin/bash'), ('LC_NAME', 'zh_CN.UTF-8'), ('QT_ACCESSIBILITY', '1'), ('GDMSESSION', 'ubuntu'), ('LESSCLOSE', '/usr/bin/lesspipe %s %s'), ('LC_MEASUREMENT', 'zh_CN.UTF-8'), ('LC_IDENTIFICATION', 'zh_CN.UTF-8'), ('QT_IM_MODULE', 'fcitx'), ('PWD', '/home/hjh/serial_new0122/build/def_msg'), ('XDG_CONFIG_DIRS', '/etc/xdg/xdg-ubuntu:/etc/xdg'), ('CONDA_EXE', '/home/hjh/miniconda3/bin/conda'), ('CLUTTER_IM_MODULE', 'fcitx'), ('DBUS_STARTER_ADDRESS', 'unix:path=/run/user/1000/bus,guid=4bdc633ca0aa5ac165e4d9d869723ee8'), ('XDG_DATA_DIRS', '/usr/share/ubuntu:/usr/local/share/:/usr/share/:/var/lib/snapd/desktop'), ('PYTHONPATH', '/opt/ros/humble/lib/python3.10/site-packages:/opt/ros/humble/local/lib/python3.10/dist-packages'), ('HTTP_PROXY', 'http://127.0.0.1:7890/'), ('LC_NUMERIC', 'en_US.UTF-8'), ('LC_PAPER', 'zh_CN.UTF-8'), ('COLCON', '1'), ('VTE_VERSION', '6800'), ('CMAKE_PREFIX_PATH', '/opt/ros/humble')]), 'shell': False}
[1.912688] (vision_msg) StdoutLine: {'line': b'[  2%] \x1b[1m\x1b[34mGenerating C code for ROS interfaces\x1b[0m\n'}
[1.918319] (vision_msg) StdoutLine: {'line': b'[  4%] \x1b[1m\x1b[34mGenerating C++ code for ROS interfaces\x1b[0m\n'}
[1.921911] (vision_msg) StdoutLine: {'line': b'[  4%] Built target ament_cmake_python_copy_vision_msg\n'}
[1.932701] (def_msg) StdoutLine: {'line': b'[  1%] \x1b[1m\x1b[34mGenerating C code for ROS interfaces\x1b[0m\n'}
[1.939333] (def_msg) StdoutLine: {'line': b'[  2%] \x1b[1m\x1b[34mGenerating C++ code for ROS interfaces\x1b[0m\n'}
[1.941176] (def_msg) StdoutLine: {'line': b'[  2%] Built target ament_cmake_python_copy_def_msg\n'}
[2.003453] (-) TimerEvent: {}
[2.099739] (def_msg) StdoutLine: {'line': b'running egg_info\n'}
[2.100077] (def_msg) StdoutLine: {'line': b'creating def_msg.egg-info\n'}
[2.100304] (def_msg) StdoutLine: {'line': b'writing def_msg.egg-info/PKG-INFO\n'}
[2.100423] (def_msg) StdoutLine: {'line': b'writing dependency_links to def_msg.egg-info/dependency_links.txt\n'}
[2.100513] (def_msg) StdoutLine: {'line': b'writing top-level names to def_msg.egg-info/top_level.txt\n'}
[2.100635] (def_msg) StdoutLine: {'line': b"writing manifest file 'def_msg.egg-info/SOURCES.txt'\n"}
[2.101660] (def_msg) StdoutLine: {'line': b"reading manifest file 'def_msg.egg-info/SOURCES.txt'\n"}
[2.101985] (def_msg) StdoutLine: {'line': b"writing manifest file 'def_msg.egg-info/SOURCES.txt'\n"}
[2.103547] (-) TimerEvent: {}
[2.110654] (vision_msg) StdoutLine: {'line': b'running egg_info\n'}
[2.111085] (vision_msg) StdoutLine: {'line': b'creating vision_msg.egg-info\n'}
[2.111277] (vision_msg) StdoutLine: {'line': b'writing vision_msg.egg-info/PKG-INFO\n'}
[2.111474] (vision_msg) StdoutLine: {'line': b'writing dependency_links to vision_msg.egg-info/dependency_links.txt\n'}
[2.111607] (vision_msg) StdoutLine: {'line': b'writing top-level names to vision_msg.egg-info/top_level.txt\n'}
[2.111694] (vision_msg) StdoutLine: {'line': b"writing manifest file 'vision_msg.egg-info/SOURCES.txt'\n"}
[2.112851] (vision_msg) StdoutLine: {'line': b"reading manifest file 'vision_msg.egg-info/SOURCES.txt'\n"}
[2.113093] (vision_msg) StdoutLine: {'line': b"writing manifest file 'vision_msg.egg-info/SOURCES.txt'\n"}
[2.118352] (def_msg) StdoutLine: {'line': b'[  2%] Built target ament_cmake_python_build_def_msg_egg\n'}
[2.129508] (vision_msg) StdoutLine: {'line': b'[  4%] Built target ament_cmake_python_build_vision_msg_egg\n'}
[2.203749] (-) TimerEvent: {}
[2.229365] (vision_msg) StdoutLine: {'line': b'[  8%] \x1b[32mBuilding C object CMakeFiles/vision_msg__rosidl_generator_c.dir/rosidl_generator_c/vision_msg/msg/detail/gimble_position__functions.c.o\x1b[0m\n'}
[2.229572] (vision_msg) StdoutLine: {'line': b'[  8%] \x1b[32mBuilding C object CMakeFiles/vision_msg__rosidl_generator_c.dir/rosidl_generator_c/vision_msg/msg/detail/selected_id__functions.c.o\x1b[0m\n'}
[2.229668] (vision_msg) StdoutLine: {'line': b'[ 10%] \x1b[32mBuilding C object CMakeFiles/vision_msg__rosidl_generator_c.dir/rosidl_generator_c/vision_msg/msg/detail/detected_id__functions.c.o\x1b[0m\n'}
[2.274287] (vision_msg) StdoutLine: {'line': b'[ 12%] \x1b[1m\x1b[32mLinking C shared library libvision_msg__rosidl_generator_c.so\x1b[0m\n'}
[2.299264] (vision_msg) StdoutLine: {'line': b'[ 12%] Built target vision_msg__rosidl_generator_c\n'}
[2.303739] (vision_msg) StdoutLine: {'line': b'[ 14%] \x1b[1m\x1b[34mGenerating C introspection for ROS interfaces\x1b[0m\n'}
[2.304034] (-) TimerEvent: {}
[2.304164] (vision_msg) StdoutLine: {'line': b'[ 17%] \x1b[1m\x1b[34mGenerating C type support dispatch for ROS interfaces\x1b[0m\n'}
[2.304961] (vision_msg) StdoutLine: {'line': b'[ 19%] \x1b[1m\x1b[34mGenerating C type support for eProsima Fast-RTPS\x1b[0m\n'}
[2.308632] (vision_msg) StdoutLine: {'line': b'[ 19%] Built target vision_msg__cpp\n'}
[2.314636] (vision_msg) StdoutLine: {'line': b'[ 23%] \x1b[1m\x1b[34mGenerating C++ type support for eProsima Fast-RTPS\x1b[0m\n'}
[2.314871] (vision_msg) StdoutLine: {'line': b'[ 23%] \x1b[1m\x1b[34mGenerating C++ introspection for ROS interfaces\x1b[0m\n'}
[2.315033] (vision_msg) StdoutLine: {'line': b'[ 25%] \x1b[1m\x1b[34mGenerating C++ type support dispatch for ROS interfaces\x1b[0m\n'}
[2.404136] (-) TimerEvent: {}
[2.504440] (-) TimerEvent: {}
[2.520443] (vision_msg) StdoutLine: {'line': b'[ 27%] \x1b[32mBuilding CXX object CMakeFiles/vision_msg__rosidl_typesupport_cpp.dir/rosidl_typesupport_cpp/vision_msg/msg/detected_id__type_support.cpp.o\x1b[0m\n'}
[2.521432] (vision_msg) StdoutLine: {'line': b'[ 29%] \x1b[32mBuilding CXX object CMakeFiles/vision_msg__rosidl_typesupport_cpp.dir/rosidl_typesupport_cpp/vision_msg/msg/gimble_position__type_support.cpp.o\x1b[0m\n'}
[2.522008] (vision_msg) StdoutLine: {'line': b'[ 31%] \x1b[32mBuilding CXX object CMakeFiles/vision_msg__rosidl_typesupport_cpp.dir/rosidl_typesupport_cpp/vision_msg/msg/selected_id__type_support.cpp.o\x1b[0m\n'}
[2.545184] (vision_msg) StdoutLine: {'line': b'[ 34%] \x1b[32mBuilding CXX object CMakeFiles/vision_msg__rosidl_typesupport_fastrtps_c.dir/rosidl_typesupport_fastrtps_c/vision_msg/msg/detail/gimble_position__type_support_c.cpp.o\x1b[0m\n'}
[2.545389] (vision_msg) StdoutLine: {'line': b'[ 36%] \x1b[32mBuilding CXX object CMakeFiles/vision_msg__rosidl_typesupport_fastrtps_c.dir/rosidl_typesupport_fastrtps_c/vision_msg/msg/detail/selected_id__type_support_c.cpp.o\x1b[0m\n'}
[2.545491] (vision_msg) StdoutLine: {'line': b'[ 38%] \x1b[32mBuilding CXX object CMakeFiles/vision_msg__rosidl_typesupport_fastrtps_c.dir/rosidl_typesupport_fastrtps_c/vision_msg/msg/detail/detected_id__type_support_c.cpp.o\x1b[0m\n'}
[2.569843] (def_msg) StdoutLine: {'line': b'[  5%] \x1b[32mBuilding C object CMakeFiles/def_msg__rosidl_generator_c.dir/rosidl_generator_c/def_msg/msg/detail/em_control__functions.c.o\x1b[0m\n'}
[2.570027] (def_msg) StdoutLine: {'line': b'[  5%] \x1b[32mBuilding C object CMakeFiles/def_msg__rosidl_generator_c.dir/rosidl_generator_c/def_msg/msg/detail/common_control__functions.c.o\x1b[0m\n'}
[2.570088] (def_msg) StdoutLine: {'line': b'[  5%] \x1b[32mBuilding C object CMakeFiles/def_msg__rosidl_generator_c.dir/rosidl_generator_c/def_msg/msg/detail/gimble_control__functions.c.o\x1b[0m\n'}
[2.570137] (def_msg) StdoutLine: {'line': b'[  6%] \x1b[32mBuilding C object CMakeFiles/def_msg__rosidl_generator_c.dir/rosidl_generator_c/def_msg/srv/detail/controller_mode_set__functions.c.o\x1b[0m\n'}
[2.570592] (def_msg) StdoutLine: {'line': b'[  8%] \x1b[32mBuilding C object CMakeFiles/def_msg__rosidl_generator_c.dir/rosidl_generator_c/def_msg/msg/detail/gimble_position__functions.c.o\x1b[0m\n'}
[2.570750] (def_msg) StdoutLine: {'line': b'[  9%] \x1b[32mBuilding C object CMakeFiles/def_msg__rosidl_generator_c.dir/rosidl_generator_c/def_msg/msg/detail/gobal_information__functions.c.o\x1b[0m\n'}
[2.573205] (def_msg) StdoutLine: {'line': b'[ 10%] \x1b[32mBuilding C object CMakeFiles/def_msg__rosidl_generator_c.dir/rosidl_generator_c/def_msg/srv/detail/heart_beat__functions.c.o\x1b[0m\n'}
[2.593116] (def_msg) StdoutLine: {'line': b'[ 11%] \x1b[32mBuilding C object CMakeFiles/def_msg__rosidl_generator_c.dir/rosidl_generator_c/def_msg/action/detail/nav_pose__functions.c.o\x1b[0m\n'}
[2.604535] (-) TimerEvent: {}
[2.654969] (vision_msg) StdoutLine: {'line': b'[ 40%] \x1b[32mBuilding CXX object CMakeFiles/vision_msg__rosidl_typesupport_c.dir/rosidl_typesupport_c/vision_msg/msg/gimble_position__type_support.cpp.o\x1b[0m\n'}
[2.655144] (vision_msg) StdoutLine: {'line': b'[ 42%] \x1b[32mBuilding CXX object CMakeFiles/vision_msg__rosidl_typesupport_c.dir/rosidl_typesupport_c/vision_msg/msg/selected_id__type_support.cpp.o\x1b[0m\n'}
[2.655234] (vision_msg) StdoutLine: {'line': b'[ 44%] \x1b[32mBuilding CXX object CMakeFiles/vision_msg__rosidl_typesupport_c.dir/rosidl_typesupport_c/vision_msg/msg/detected_id__type_support.cpp.o\x1b[0m\n'}
[2.664792] (vision_msg) StdoutLine: {'line': b'[ 46%] \x1b[32mBuilding C object CMakeFiles/vision_msg__rosidl_typesupport_introspection_c.dir/rosidl_typesupport_introspection_c/vision_msg/msg/detail/gimble_position__type_support.c.o\x1b[0m\n'}
[2.668735] (vision_msg) StdoutLine: {'line': b'[ 48%] \x1b[32mBuilding C object CMakeFiles/vision_msg__rosidl_typesupport_introspection_c.dir/rosidl_typesupport_introspection_c/vision_msg/msg/detail/selected_id__type_support.c.o\x1b[0m\n'}
[2.671331] (vision_msg) StdoutLine: {'line': b'[ 51%] \x1b[32mBuilding C object CMakeFiles/vision_msg__rosidl_typesupport_introspection_c.dir/rosidl_typesupport_introspection_c/vision_msg/msg/detail/detected_id__type_support.c.o\x1b[0m\n'}
[2.687920] (def_msg) StdoutLine: {'line': b'[ 11%] Built target def_msg__cpp\n'}
[2.688214] (vision_msg) StdoutLine: {'line': b'[ 53%] \x1b[1m\x1b[32mLinking CXX shared library libvision_msg__rosidl_typesupport_c.so\x1b[0m\n'}
[2.689511] (def_msg) StdoutLine: {'line': b'[ 13%] \x1b[1m\x1b[34mGenerating C++ type support dispatch for ROS interfaces\x1b[0m\n'}
[2.689688] (def_msg) StdoutLine: {'line': b'[ 13%] \x1b[1m\x1b[34mGenerating C++ type support for eProsima Fast-RTPS\x1b[0m\n'}
[2.689845] (def_msg) StdoutLine: {'line': b'[ 14%] \x1b[1m\x1b[34mGenerating C++ introspection for ROS interfaces\x1b[0m\n'}
[2.704642] (-) TimerEvent: {}
[2.705243] (vision_msg) StdoutLine: {'line': b'[ 55%] \x1b[1m\x1b[32mLinking C shared library libvision_msg__rosidl_typesupport_introspection_c.so\x1b[0m\n'}
[2.716284] (vision_msg) StdoutLine: {'line': b'[ 55%] Built target vision_msg__rosidl_typesupport_c\n'}
[2.726556] (vision_msg) StdoutLine: {'line': b'[ 55%] Built target vision_msg__rosidl_typesupport_introspection_c\n'}
[2.742633] (vision_msg) StdoutLine: {'line': b'[ 57%] \x1b[32mBuilding CXX object CMakeFiles/vision_msg__rosidl_typesupport_introspection_cpp.dir/rosidl_typesupport_introspection_cpp/vision_msg/msg/detail/gimble_position__type_support.cpp.o\x1b[0m\n'}
[2.742917] (vision_msg) StdoutLine: {'line': b'[ 59%] \x1b[32mBuilding CXX object CMakeFiles/vision_msg__rosidl_typesupport_introspection_cpp.dir/rosidl_typesupport_introspection_cpp/vision_msg/msg/detail/selected_id__type_support.cpp.o\x1b[0m\n'}
[2.743050] (vision_msg) StdoutLine: {'line': b'[ 61%] \x1b[32mBuilding CXX object CMakeFiles/vision_msg__rosidl_typesupport_introspection_cpp.dir/rosidl_typesupport_introspection_cpp/vision_msg/msg/detail/detected_id__type_support.cpp.o\x1b[0m\n'}
[2.756382] (def_msg) StdoutLine: {'line': b'[ 16%] \x1b[1m\x1b[32mLinking C shared library libdef_msg__rosidl_generator_c.so\x1b[0m\n'}
[2.780900] (vision_msg) StdoutLine: {'line': b'[ 65%] \x1b[32mBuilding CXX object CMakeFiles/vision_msg__rosidl_typesupport_fastrtps_cpp.dir/rosidl_typesupport_fastrtps_cpp/vision_msg/msg/detail/dds_fastrtps/selected_id__type_support.cpp.o\x1b[0m\n'}
[2.781103] (vision_msg) StdoutLine: {'line': b'[ 65%] \x1b[32mBuilding CXX object CMakeFiles/vision_msg__rosidl_typesupport_fastrtps_cpp.dir/rosidl_typesupport_fastrtps_cpp/vision_msg/msg/detail/dds_fastrtps/gimble_position__type_support.cpp.o\x1b[0m\n'}
[2.781870] (vision_msg) StdoutLine: {'line': b'[ 68%] \x1b[32mBuilding CXX object CMakeFiles/vision_msg__rosidl_typesupport_fastrtps_cpp.dir/rosidl_typesupport_fastrtps_cpp/vision_msg/msg/detail/dds_fastrtps/detected_id__type_support.cpp.o\x1b[0m\n'}
[2.790770] (def_msg) StdoutLine: {'line': b'[ 16%] Built target def_msg__rosidl_generator_c\n'}
[2.796836] (def_msg) StdoutLine: {'line': b'[ 17%] \x1b[1m\x1b[34mGenerating C type support for eProsima Fast-RTPS\x1b[0m\n'}
[2.799356] (def_msg) StdoutLine: {'line': b'[ 18%] \x1b[1m\x1b[34mGenerating C type support dispatch for ROS interfaces\x1b[0m\n'}
[2.799601] (def_msg) StdoutLine: {'line': b'[ 19%] \x1b[1m\x1b[34mGenerating C introspection for ROS interfaces\x1b[0m\n'}
[2.805874] (-) TimerEvent: {}
[2.862007] (vision_msg) StdoutLine: {'line': b'[ 70%] \x1b[1m\x1b[32mLinking CXX shared library libvision_msg__rosidl_typesupport_cpp.so\x1b[0m\n'}
[2.893784] (vision_msg) StdoutLine: {'line': b'[ 70%] Built target vision_msg__rosidl_typesupport_cpp\n'}
[2.905978] (-) TimerEvent: {}
[2.956967] (vision_msg) StdoutLine: {'line': b'[ 72%] \x1b[1m\x1b[32mLinking CXX shared library libvision_msg__rosidl_typesupport_fastrtps_c.so\x1b[0m\n'}
[3.006070] (-) TimerEvent: {}
[3.043058] (vision_msg) StdoutLine: {'line': b'[ 72%] Built target vision_msg__rosidl_typesupport_fastrtps_c\n'}
[3.106198] (-) TimerEvent: {}
[3.193258] (def_msg) StdoutLine: {'line': b'[ 21%] \x1b[32mBuilding CXX object CMakeFiles/def_msg__rosidl_typesupport_cpp.dir/rosidl_typesupport_cpp/def_msg/msg/em_control__type_support.cpp.o\x1b[0m\n'}
[3.193477] (def_msg) StdoutLine: {'line': b'[ 24%] \x1b[32mBuilding CXX object CMakeFiles/def_msg__rosidl_typesupport_cpp.dir/rosidl_typesupport_cpp/def_msg/msg/gobal_information__type_support.cpp.o\x1b[0m\n'}
[3.193641] (def_msg) StdoutLine: {'line': b'[ 24%] \x1b[32mBuilding CXX object CMakeFiles/def_msg__rosidl_typesupport_cpp.dir/rosidl_typesupport_cpp/def_msg/msg/gimble_position__type_support.cpp.o\x1b[0m\n'}
[3.193739] (def_msg) StdoutLine: {'line': b'[ 22%] \x1b[32mBuilding CXX object CMakeFiles/def_msg__rosidl_typesupport_cpp.dir/rosidl_typesupport_cpp/def_msg/msg/common_control__type_support.cpp.o\x1b[0m\n'}
[3.193839] (def_msg) StdoutLine: {'line': b'[ 25%] \x1b[32mBuilding CXX object CMakeFiles/def_msg__rosidl_typesupport_cpp.dir/rosidl_typesupport_cpp/def_msg/msg/gimble_control__type_support.cpp.o\x1b[0m\n'}
[3.193949] (def_msg) StdoutLine: {'line': b'[ 27%] \x1b[32mBuilding CXX object CMakeFiles/def_msg__rosidl_typesupport_cpp.dir/rosidl_typesupport_cpp/def_msg/srv/heart_beat__type_support.cpp.o\x1b[0m\n'}
[3.194035] (def_msg) StdoutLine: {'line': b'[ 27%] \x1b[32mBuilding CXX object CMakeFiles/def_msg__rosidl_typesupport_cpp.dir/rosidl_typesupport_cpp/def_msg/action/nav_pose__type_support.cpp.o\x1b[0m\n'}
[3.194116] (def_msg) StdoutLine: {'line': b'[ 28%] \x1b[32mBuilding CXX object CMakeFiles/def_msg__rosidl_typesupport_cpp.dir/rosidl_typesupport_cpp/def_msg/srv/controller_mode_set__type_support.cpp.o\x1b[0m\n'}
[3.206297] (-) TimerEvent: {}
[3.268874] (def_msg) StdoutLine: {'line': b'[ 29%] \x1b[32mBuilding CXX object CMakeFiles/def_msg__rosidl_typesupport_c.dir/rosidl_typesupport_c/def_msg/msg/gobal_information__type_support.cpp.o\x1b[0m\n'}
[3.269160] (def_msg) StdoutLine: {'line': b'[ 31%] \x1b[32mBuilding CXX object CMakeFiles/def_msg__rosidl_typesupport_c.dir/rosidl_typesupport_c/def_msg/msg/common_control__type_support.cpp.o\x1b[0m\n'}
[3.269280] (def_msg) StdoutLine: {'line': b'[ 32%] \x1b[32mBuilding CXX object CMakeFiles/def_msg__rosidl_typesupport_c.dir/rosidl_typesupport_c/def_msg/msg/em_control__type_support.cpp.o\x1b[0m\n'}
[3.269380] (def_msg) StdoutLine: {'line': b'[ 33%] \x1b[32mBuilding CXX object CMakeFiles/def_msg__rosidl_typesupport_c.dir/rosidl_typesupport_c/def_msg/msg/gimble_control__type_support.cpp.o\x1b[0m\n'}
[3.295127] (def_msg) StdoutLine: {'line': b'[ 34%] \x1b[32mBuilding CXX object CMakeFiles/def_msg__rosidl_typesupport_c.dir/rosidl_typesupport_c/def_msg/msg/gimble_position__type_support.cpp.o\x1b[0m\n'}
[3.304936] (def_msg) StdoutLine: {'line': b'[ 35%] \x1b[32mBuilding CXX object CMakeFiles/def_msg__rosidl_typesupport_c.dir/rosidl_typesupport_c/def_msg/srv/controller_mode_set__type_support.cpp.o\x1b[0m\n'}
[3.306602] (-) TimerEvent: {}
[3.310932] (vision_msg) StdoutLine: {'line': b'[ 74%] \x1b[1m\x1b[32mLinking CXX shared library libvision_msg__rosidl_typesupport_introspection_cpp.so\x1b[0m\n'}
[3.316053] (def_msg) StdoutLine: {'line': b'[ 36%] \x1b[32mBuilding CXX object CMakeFiles/def_msg__rosidl_typesupport_c.dir/rosidl_typesupport_c/def_msg/srv/heart_beat__type_support.cpp.o\x1b[0m\n'}
[3.326289] (def_msg) StdoutLine: {'line': b'[ 37%] \x1b[32mBuilding CXX object CMakeFiles/def_msg__rosidl_typesupport_c.dir/rosidl_typesupport_c/def_msg/action/nav_pose__type_support.cpp.o\x1b[0m\n'}
[3.331978] (vision_msg) StdoutLine: {'line': b'[ 76%] \x1b[1m\x1b[32mLinking CXX shared library libvision_msg__rosidl_typesupport_fastrtps_cpp.so\x1b[0m\n'}
[3.384213] (def_msg) StdoutLine: {'line': b'[ 39%] \x1b[1m\x1b[32mLinking CXX shared library libdef_msg__rosidl_typesupport_c.so\x1b[0m\n'}
[3.394508] (vision_msg) StdoutLine: {'line': b'[ 76%] Built target vision_msg__rosidl_typesupport_introspection_cpp\n'}
[3.406705] (-) TimerEvent: {}
[3.418803] (def_msg) StdoutLine: {'line': b'[ 39%] Built target def_msg__rosidl_typesupport_c\n'}
[3.443287] (vision_msg) StdoutLine: {'line': b'[ 76%] Built target vision_msg__rosidl_typesupport_fastrtps_cpp\n'}
[3.451113] (vision_msg) StdoutLine: {'line': b'[ 76%] Built target vision_msg\n'}
[3.459187] (vision_msg) StdoutLine: {'line': b'[ 78%] \x1b[1m\x1b[34mGenerating Python code for ROS interfaces\x1b[0m\n'}
[3.471859] (def_msg) StdoutLine: {'line': b'[ 40%] \x1b[32mBuilding CXX object CMakeFiles/def_msg__rosidl_typesupport_fastrtps_cpp.dir/rosidl_typesupport_fastrtps_cpp/def_msg/msg/detail/dds_fastrtps/gimble_position__type_support.cpp.o\x1b[0m\n'}
[3.472024] (def_msg) StdoutLine: {'line': b'[ 41%] \x1b[32mBuilding CXX object CMakeFiles/def_msg__rosidl_typesupport_fastrtps_cpp.dir/rosidl_typesupport_fastrtps_cpp/def_msg/msg/detail/dds_fastrtps/gimble_control__type_support.cpp.o\x1b[0m\n'}
[3.472138] (def_msg) StdoutLine: {'line': b'[ 42%] \x1b[32mBuilding CXX object CMakeFiles/def_msg__rosidl_typesupport_fastrtps_cpp.dir/rosidl_typesupport_fastrtps_cpp/def_msg/msg/detail/dds_fastrtps/gobal_information__type_support.cpp.o\x1b[0m\n'}
[3.472232] (def_msg) StdoutLine: {'line': b'[ 43%] \x1b[32mBuilding CXX object CMakeFiles/def_msg__rosidl_typesupport_fastrtps_cpp.dir/rosidl_typesupport_fastrtps_cpp/def_msg/srv/detail/dds_fastrtps/controller_mode_set__type_support.cpp.o\x1b[0m\n'}
[3.472530] (def_msg) StdoutLine: {'line': b'[ 44%] \x1b[32mBuilding CXX object CMakeFiles/def_msg__rosidl_typesupport_fastrtps_cpp.dir/rosidl_typesupport_fastrtps_cpp/def_msg/msg/detail/dds_fastrtps/em_control__type_support.cpp.o\x1b[0m\n'}
[3.472888] (def_msg) StdoutLine: {'line': b'[ 45%] \x1b[32mBuilding CXX object CMakeFiles/def_msg__rosidl_typesupport_fastrtps_cpp.dir/rosidl_typesupport_fastrtps_cpp/def_msg/msg/detail/dds_fastrtps/common_control__type_support.cpp.o\x1b[0m\n'}
[3.473002] (def_msg) StdoutLine: {'line': b'[ 48%] \x1b[32mBuilding CXX object CMakeFiles/def_msg__rosidl_typesupport_fastrtps_cpp.dir/rosidl_typesupport_fastrtps_cpp/def_msg/srv/detail/dds_fastrtps/heart_beat__type_support.cpp.o\x1b[0m\n'}
[3.473059] (def_msg) StdoutLine: {'line': b'[ 48%] \x1b[32mBuilding CXX object CMakeFiles/def_msg__rosidl_typesupport_fastrtps_cpp.dir/rosidl_typesupport_fastrtps_cpp/def_msg/action/detail/dds_fastrtps/nav_pose__type_support.cpp.o\x1b[0m\n'}
[3.507036] (-) TimerEvent: {}
[3.558061] (def_msg) StdoutLine: {'line': b'[ 50%] \x1b[32mBuilding C object CMakeFiles/def_msg__rosidl_typesupport_introspection_c.dir/rosidl_typesupport_introspection_c/def_msg/msg/detail/gobal_information__type_support.c.o\x1b[0m\n'}
[3.558241] (def_msg) StdoutLine: {'line': b'[ 50%] \x1b[32mBuilding C object CMakeFiles/def_msg__rosidl_typesupport_introspection_c.dir/rosidl_typesupport_introspection_c/def_msg/msg/detail/gimble_control__type_support.c.o\x1b[0m\n'}
[3.558314] (def_msg) StdoutLine: {'line': b'[ 51%] \x1b[32mBuilding C object CMakeFiles/def_msg__rosidl_typesupport_introspection_c.dir/rosidl_typesupport_introspection_c/def_msg/msg/detail/common_control__type_support.c.o\x1b[0m\n'}
[3.560217] (def_msg) StdoutLine: {'line': b'[ 52%] \x1b[32mBuilding C object CMakeFiles/def_msg__rosidl_typesupport_introspection_c.dir/rosidl_typesupport_introspection_c/def_msg/msg/detail/em_control__type_support.c.o\x1b[0m\n'}
[3.560424] (def_msg) StdoutLine: {'line': b'[ 54%] \x1b[32mBuilding C object CMakeFiles/def_msg__rosidl_typesupport_introspection_c.dir/rosidl_typesupport_introspection_c/def_msg/msg/detail/gimble_position__type_support.c.o\x1b[0m\n'}
[3.563633] (def_msg) StdoutLine: {'line': b'[ 55%] \x1b[32mBuilding CXX object CMakeFiles/def_msg__rosidl_typesupport_introspection_cpp.dir/rosidl_typesupport_introspection_cpp/def_msg/msg/detail/gobal_information__type_support.cpp.o\x1b[0m\n'}
[3.596868] (def_msg) StdoutLine: {'line': b'[ 56%] \x1b[32mBuilding C object CMakeFiles/def_msg__rosidl_typesupport_introspection_c.dir/rosidl_typesupport_introspection_c/def_msg/srv/detail/controller_mode_set__type_support.c.o\x1b[0m\n'}
[3.598686] (def_msg) StdoutLine: {'line': b'[ 57%] \x1b[32mBuilding CXX object CMakeFiles/def_msg__rosidl_typesupport_introspection_cpp.dir/rosidl_typesupport_introspection_cpp/def_msg/msg/detail/gimble_control__type_support.cpp.o\x1b[0m\n'}
[3.598910] (def_msg) StdoutLine: {'line': b'[ 58%] \x1b[32mBuilding CXX object CMakeFiles/def_msg__rosidl_typesupport_introspection_cpp.dir/rosidl_typesupport_introspection_cpp/def_msg/msg/detail/common_control__type_support.cpp.o\x1b[0m\n'}
[3.601860] (def_msg) StdoutLine: {'line': b'[ 59%] \x1b[32mBuilding CXX object CMakeFiles/def_msg__rosidl_typesupport_introspection_cpp.dir/rosidl_typesupport_introspection_cpp/def_msg/msg/detail/em_control__type_support.cpp.o\x1b[0m\n'}
[3.609917] (def_msg) StdoutLine: {'line': b'[ 60%] \x1b[32mBuilding C object CMakeFiles/def_msg__rosidl_typesupport_introspection_c.dir/rosidl_typesupport_introspection_c/def_msg/srv/detail/heart_beat__type_support.c.o\x1b[0m\n'}
[3.610109] (-) TimerEvent: {}
[3.643905] (def_msg) StdoutLine: {'line': b'[ 62%] \x1b[32mBuilding C object CMakeFiles/def_msg__rosidl_typesupport_introspection_c.dir/rosidl_typesupport_introspection_c/def_msg/action/detail/nav_pose__type_support.c.o\x1b[0m\n'}
[3.647733] (def_msg) StdoutLine: {'line': b'[ 63%] \x1b[32mBuilding CXX object CMakeFiles/def_msg__rosidl_typesupport_introspection_cpp.dir/rosidl_typesupport_introspection_cpp/def_msg/msg/detail/gimble_position__type_support.cpp.o\x1b[0m\n'}
[3.710222] (-) TimerEvent: {}
[3.729011] (def_msg) StdoutLine: {'line': b'[ 64%] \x1b[1m\x1b[32mLinking C shared library libdef_msg__rosidl_typesupport_introspection_c.so\x1b[0m\n'}
[3.755083] (def_msg) StdoutLine: {'line': b'[ 65%] \x1b[1m\x1b[32mLinking CXX shared library libdef_msg__rosidl_typesupport_cpp.so\x1b[0m\n'}
[3.764866] (def_msg) StdoutLine: {'line': b'[ 65%] Built target def_msg__rosidl_typesupport_introspection_c\n'}
[3.768982] (def_msg) StdoutLine: {'line': b'[ 66%] \x1b[32mBuilding CXX object CMakeFiles/def_msg__rosidl_typesupport_introspection_cpp.dir/rosidl_typesupport_introspection_cpp/def_msg/srv/detail/controller_mode_set__type_support.cpp.o\x1b[0m\n'}
[3.810323] (-) TimerEvent: {}
[3.820256] (def_msg) StdoutLine: {'line': b'[ 66%] Built target def_msg__rosidl_typesupport_cpp\n'}
[3.826831] (def_msg) StdoutLine: {'line': b'[ 67%] \x1b[32mBuilding CXX object CMakeFiles/def_msg__rosidl_typesupport_introspection_cpp.dir/rosidl_typesupport_introspection_cpp/def_msg/srv/detail/heart_beat__type_support.cpp.o\x1b[0m\n'}
[3.852731] (def_msg) StdoutLine: {'line': b'[ 68%] \x1b[32mBuilding CXX object CMakeFiles/def_msg__rosidl_typesupport_introspection_cpp.dir/rosidl_typesupport_introspection_cpp/def_msg/action/detail/nav_pose__type_support.cpp.o\x1b[0m\n'}
[3.908776] (def_msg) StdoutLine: {'line': b'[ 70%] \x1b[32mBuilding CXX object CMakeFiles/def_msg__rosidl_typesupport_fastrtps_c.dir/rosidl_typesupport_fastrtps_c/def_msg/msg/detail/gobal_information__type_support_c.cpp.o\x1b[0m\n'}
[3.909162] (def_msg) StdoutLine: {'line': b'[ 71%] \x1b[32mBuilding CXX object CMakeFiles/def_msg__rosidl_typesupport_fastrtps_c.dir/rosidl_typesupport_fastrtps_c/def_msg/msg/detail/gimble_control__type_support_c.cpp.o\x1b[0m\n'}
[3.910414] (-) TimerEvent: {}
[3.912215] (def_msg) StdoutLine: {'line': b'[ 72%] \x1b[32mBuilding CXX object CMakeFiles/def_msg__rosidl_typesupport_fastrtps_c.dir/rosidl_typesupport_fastrtps_c/def_msg/msg/detail/common_control__type_support_c.cpp.o\x1b[0m\n'}
[3.952452] (def_msg) StdoutLine: {'line': b'[ 73%] \x1b[32mBuilding CXX object CMakeFiles/def_msg__rosidl_typesupport_fastrtps_c.dir/rosidl_typesupport_fastrtps_c/def_msg/msg/detail/em_control__type_support_c.cpp.o\x1b[0m\n'}
[3.963758] (def_msg) StdoutLine: {'line': b'[ 74%] \x1b[32mBuilding CXX object CMakeFiles/def_msg__rosidl_typesupport_fastrtps_c.dir/rosidl_typesupport_fastrtps_c/def_msg/msg/detail/gimble_position__type_support_c.cpp.o\x1b[0m\n'}
[3.973445] (def_msg) StdoutLine: {'line': b'[ 75%] \x1b[32mBuilding CXX object CMakeFiles/def_msg__rosidl_typesupport_fastrtps_c.dir/rosidl_typesupport_fastrtps_c/def_msg/srv/detail/controller_mode_set__type_support_c.cpp.o\x1b[0m\n'}
[3.981879] (def_msg) StdoutLine: {'line': b'[ 77%] \x1b[32mBuilding CXX object CMakeFiles/def_msg__rosidl_typesupport_fastrtps_c.dir/rosidl_typesupport_fastrtps_c/def_msg/srv/detail/heart_beat__type_support_c.cpp.o\x1b[0m\n'}
[3.982119] (def_msg) StdoutLine: {'line': b'[ 78%] \x1b[32mBuilding CXX object CMakeFiles/def_msg__rosidl_typesupport_fastrtps_c.dir/rosidl_typesupport_fastrtps_c/def_msg/action/detail/nav_pose__type_support_c.cpp.o\x1b[0m\n'}
[4.010531] (-) TimerEvent: {}
[4.084954] (def_msg) StdoutLine: {'line': b'[ 79%] \x1b[1m\x1b[32mLinking CXX shared library libdef_msg__rosidl_typesupport_fastrtps_cpp.so\x1b[0m\n'}
[4.110645] (-) TimerEvent: {}
[4.174614] (def_msg) StdoutLine: {'line': b'[ 79%] Built target def_msg__rosidl_typesupport_fastrtps_cpp\n'}
[4.210750] (-) TimerEvent: {}
[4.220052] (vision_msg) StdoutLine: {'line': b'[ 78%] Built target vision_msg__py\n'}
[4.228268] (vision_msg) StdoutLine: {'line': b'[ 80%] \x1b[32mBuilding C object CMakeFiles/vision_msg__rosidl_generator_py.dir/rosidl_generator_py/vision_msg/msg/_gimble_position_s.c.o\x1b[0m\n'}
[4.228504] (vision_msg) StdoutLine: {'line': b'[ 82%] \x1b[32mBuilding C object CMakeFiles/vision_msg__rosidl_generator_py.dir/rosidl_generator_py/vision_msg/msg/_detected_id_s.c.o\x1b[0m\n'}
[4.228613] (vision_msg) StdoutLine: {'line': b'[ 85%] \x1b[32mBuilding C object CMakeFiles/vision_msg__rosidl_generator_py.dir/rosidl_generator_py/vision_msg/msg/_selected_id_s.c.o\x1b[0m\n'}
[4.310494] (vision_msg) StdoutLine: {'line': b'[ 87%] \x1b[1m\x1b[32mLinking C shared library rosidl_generator_py/vision_msg/libvision_msg__rosidl_generator_py.so\x1b[0m\n'}
[4.310824] (-) TimerEvent: {}
[4.334868] (def_msg) StdoutLine: {'line': b'[ 80%] \x1b[1m\x1b[32mLinking CXX shared library libdef_msg__rosidl_typesupport_introspection_cpp.so\x1b[0m\n'}
[4.335377] (vision_msg) StdoutLine: {'line': b'[ 87%] Built target vision_msg__rosidl_generator_py\n'}
[4.343643] (vision_msg) StdoutLine: {'line': b'[ 89%] \x1b[32mBuilding C object CMakeFiles/vision_msg__rosidl_typesupport_c__pyext.dir/rosidl_generator_py/vision_msg/_vision_msg_s.ep.rosidl_typesupport_c.c.o\x1b[0m\n'}
[4.343999] (vision_msg) StdoutLine: {'line': b'[ 91%] \x1b[32mBuilding C object CMakeFiles/vision_msg__rosidl_typesupport_fastrtps_c__pyext.dir/rosidl_generator_py/vision_msg/_vision_msg_s.ep.rosidl_typesupport_fastrtps_c.c.o\x1b[0m\n'}
[4.344525] (vision_msg) StdoutLine: {'line': b'[ 93%] \x1b[32mBuilding C object CMakeFiles/vision_msg__rosidl_typesupport_introspection_c__pyext.dir/rosidl_generator_py/vision_msg/_vision_msg_s.ep.rosidl_typesupport_introspection_c.c.o\x1b[0m\n'}
[4.390903] (def_msg) StdoutLine: {'line': b'[ 80%] Built target def_msg__rosidl_typesupport_introspection_cpp\n'}
[4.405592] (vision_msg) StdoutLine: {'line': b'[ 95%] \x1b[1m\x1b[32mLinking C shared library rosidl_generator_py/vision_msg/vision_msg_s__rosidl_typesupport_fastrtps_c.cpython-310-x86_64-linux-gnu.so\x1b[0m\n'}
[4.407708] (vision_msg) StdoutLine: {'line': b'[ 97%] \x1b[1m\x1b[32mLinking C shared library rosidl_generator_py/vision_msg/vision_msg_s__rosidl_typesupport_introspection_c.cpython-310-x86_64-linux-gnu.so\x1b[0m\n'}
[4.409705] (vision_msg) StdoutLine: {'line': b'[100%] \x1b[1m\x1b[32mLinking C shared library rosidl_generator_py/vision_msg/vision_msg_s__rosidl_typesupport_c.cpython-310-x86_64-linux-gnu.so\x1b[0m\n'}
[4.410911] (-) TimerEvent: {}
[4.431164] (vision_msg) StdoutLine: {'line': b'[100%] Built target vision_msg__rosidl_typesupport_fastrtps_c__pyext\n'}
[4.431795] (vision_msg) StdoutLine: {'line': b'[100%] Built target vision_msg__rosidl_typesupport_introspection_c__pyext\n'}
[4.432633] (vision_msg) StdoutLine: {'line': b'[100%] Built target vision_msg__rosidl_typesupport_c__pyext\n'}
[4.438542] (vision_msg) CommandEnded: {'returncode': 0}
[4.439372] (vision_msg) JobProgress: {'identifier': 'vision_msg', 'progress': 'install'}
[4.443728] (vision_msg) Command: {'cmd': ['/usr/bin/cmake', '--install', '/home/hjh/serial_new0122/build/vision_msg'], 'cwd': '/home/hjh/serial_new0122/build/vision_msg', 'env': OrderedDict([('LESSOPEN', '| /usr/bin/lesspipe %s'), ('HTTPS_PROXY', 'http://127.0.0.1:7890/'), ('no_proxy', 'localhost,127.0.0.1,::1'), ('LANGUAGE', 'zh_CN:en'), ('USER', 'hjh'), ('LC_TIME', 'zh_CN.UTF-8'), ('all_proxy', 'socks://127.0.0.1:7890/'), ('XDG_SESSION_TYPE', 'wayland'), ('SHLVL', '1'), ('LD_LIBRARY_PATH', '/opt/ros/humble/opt/openvdb_vendor/lib:/home/hjh/ros2_ws/install/lib:/home/hjh/ros2_ws/install/lib:/usr/lib/x86_64-linux-gnu/gazebo-11/plugins:/opt/ros/humble/opt/rviz_ogre_vendor/lib:/opt/ros/humble/lib/x86_64-linux-gnu:/opt/ros/humble/lib'), ('HOME', '/home/hjh'), ('CONDA_SHLVL', '0'), ('DESKTOP_SESSION', 'ubuntu'), ('NO_PROXY', 'localhost,127.0.0.1,::1'), ('ROS_PYTHON_VERSION', '3'), ('GNOME_SHELL_SESSION_MODE', 'ubuntu'), ('GTK_MODULES', 'gail:atk-bridge'), ('LC_MONETARY', 'zh_CN.UTF-8'), ('DBUS_STARTER_BUS_TYPE', 'session'), ('SYSTEMD_EXEC_PID', '1769'), ('DBUS_SESSION_BUS_ADDRESS', 'unix:path=/run/user/1000/bus,guid=4bdc633ca0aa5ac165e4d9d869723ee8'), ('COLORTERM', 'truecolor'), ('_CE_M', ''), ('IM_CONFIG_PHASE', '1'), ('WAYLAND_DISPLAY', 'wayland-0'), ('https_proxy', 'http://127.0.0.1:7890/'), ('ROS_DISTRO', 'humble'), ('GTK_IM_MODULE', 'fcitx'), ('LOGNAME', 'hjh'), ('ALL_PROXY', 'socks://127.0.0.1:7890/'), ('http_proxy', 'http://127.0.0.1:7890/'), ('_', '/usr/bin/colcon'), ('ROS_VERSION', '2'), ('XDG_SESSION_CLASS', 'user'), ('USERNAME', 'hjh'), ('TERM', 'xterm-256color'), ('GNOME_DESKTOP_SESSION_ID', 'this-is-deprecated'), ('_CE_CONDA', ''), ('ROS_LOCALHOST_ONLY', '0'), ('PATH', '/home/hjh/miniconda3/condabin:/opt/ros/humble/bin:/home/hjh/.local/bin:/usr/local/sbin:/usr/local/bin:/usr/sbin:/usr/bin:/sbin:/bin:/usr/games:/usr/local/games:/snap/bin:/snap/bin'), ('SESSION_MANAGER', 'local/hjh-Lenovo-G5000-IRH8:@/tmp/.ICE-unix/1769,unix/hjh-Lenovo-G5000-IRH8:/tmp/.ICE-unix/1769'), ('PAPERSIZE', 'a4'), ('XDG_MENU_PREFIX', 'gnome-'), ('LC_ADDRESS', 'zh_CN.UTF-8'), ('GNOME_TERMINAL_SCREEN', '/org/gnome/Terminal/screen/b81bb473_4549_40e1_ad91_fed3d7df0302'), ('GNOME_SETUP_DISPLAY', ':1'), ('XDG_RUNTIME_DIR', '/run/user/1000'), ('DISPLAY', ':0'), ('LANG', 'zh_CN.UTF-8'), ('XDG_CURRENT_DESKTOP', 'ubuntu:GNOME'), ('LC_TELEPHONE', 'zh_CN.UTF-8'), ('XMODIFIERS', '@im=fcitx'), ('XDG_SESSION_DESKTOP', 'ubuntu'), ('XAUTHORITY', '/run/user/1000/.mutter-Xwaylandauth.XKQWJ3'), ('LS_COLORS', 'rs=0:di=01;34:ln=01;36:mh=00:pi=40;33:so=01;35:do=01;35:bd=40;33;01:cd=40;33;01:or=40;31;01:mi=00:su=37;41:sg=30;43:ca=30;41:tw=30;42:ow=34;42:st=37;44:ex=01;32:*.tar=01;31:*.tgz=01;31:*.arc=01;31:*.arj=01;31:*.taz=01;31:*.lha=01;31:*.lz4=01;31:*.lzh=01;31:*.lzma=01;31:*.tlz=01;31:*.txz=01;31:*.tzo=01;31:*.t7z=01;31:*.zip=01;31:*.z=01;31:*.dz=01;31:*.gz=01;31:*.lrz=01;31:*.lz=01;31:*.lzo=01;31:*.xz=01;31:*.zst=01;31:*.tzst=01;31:*.bz2=01;31:*.bz=01;31:*.tbz=01;31:*.tbz2=01;31:*.tz=01;31:*.deb=01;31:*.rpm=01;31:*.jar=01;31:*.war=01;31:*.ear=01;31:*.sar=01;31:*.rar=01;31:*.alz=01;31:*.ace=01;31:*.zoo=01;31:*.cpio=01;31:*.7z=01;31:*.rz=01;31:*.cab=01;31:*.wim=01;31:*.swm=01;31:*.dwm=01;31:*.esd=01;31:*.jpg=01;35:*.jpeg=01;35:*.mjpg=01;35:*.mjpeg=01;35:*.gif=01;35:*.bmp=01;35:*.pbm=01;35:*.pgm=01;35:*.ppm=01;35:*.tga=01;35:*.xbm=01;35:*.xpm=01;35:*.tif=01;35:*.tiff=01;35:*.png=01;35:*.svg=01;35:*.svgz=01;35:*.mng=01;35:*.pcx=01;35:*.mov=01;35:*.mpg=01;35:*.mpeg=01;35:*.m2v=01;35:*.mkv=01;35:*.webm=01;35:*.webp=01;35:*.ogm=01;35:*.mp4=01;35:*.m4v=01;35:*.mp4v=01;35:*.vob=01;35:*.qt=01;35:*.nuv=01;35:*.wmv=01;35:*.asf=01;35:*.rm=01;35:*.rmvb=01;35:*.flc=01;35:*.avi=01;35:*.fli=01;35:*.flv=01;35:*.gl=01;35:*.dl=01;35:*.xcf=01;35:*.xwd=01;35:*.yuv=01;35:*.cgm=01;35:*.emf=01;35:*.ogv=01;35:*.ogx=01;35:*.aac=00;36:*.au=00;36:*.flac=00;36:*.m4a=00;36:*.mid=00;36:*.midi=00;36:*.mka=00;36:*.mp3=00;36:*.mpc=00;36:*.ogg=00;36:*.ra=00;36:*.wav=00;36:*.oga=00;36:*.opus=00;36:*.spx=00;36:*.xspf=00;36:'), ('GNOME_TERMINAL_SERVICE', ':1.159'), ('SSH_AGENT_LAUNCHER', 'gnome-keyring'), ('SSH_AUTH_SOCK', '/run/user/1000/keyring/ssh'), ('AMENT_PREFIX_PATH', '/opt/ros/humble'), ('CONDA_PYTHON_EXE', '/home/hjh/miniconda3/bin/python'), ('SHELL', '/bin/bash'), ('LC_NAME', 'zh_CN.UTF-8'), ('QT_ACCESSIBILITY', '1'), ('GDMSESSION', 'ubuntu'), ('LESSCLOSE', '/usr/bin/lesspipe %s %s'), ('LC_MEASUREMENT', 'zh_CN.UTF-8'), ('LC_IDENTIFICATION', 'zh_CN.UTF-8'), ('QT_IM_MODULE', 'fcitx'), ('PWD', '/home/hjh/serial_new0122/build/vision_msg'), ('XDG_CONFIG_DIRS', '/etc/xdg/xdg-ubuntu:/etc/xdg'), ('CONDA_EXE', '/home/hjh/miniconda3/bin/conda'), ('CLUTTER_IM_MODULE', 'fcitx'), ('DBUS_STARTER_ADDRESS', 'unix:path=/run/user/1000/bus,guid=4bdc633ca0aa5ac165e4d9d869723ee8'), ('XDG_DATA_DIRS', '/usr/share/ubuntu:/usr/local/share/:/usr/share/:/var/lib/snapd/desktop'), ('PYTHONPATH', '/opt/ros/humble/lib/python3.10/site-packages:/opt/ros/humble/local/lib/python3.10/dist-packages'), ('HTTP_PROXY', 'http://127.0.0.1:7890/'), ('LC_NUMERIC', 'en_US.UTF-8'), ('LC_PAPER', 'zh_CN.UTF-8'), ('COLCON', '1'), ('VTE_VERSION', '6800'), ('CMAKE_PREFIX_PATH', '/opt/ros/humble')]), 'shell': False}
[4.446657] (def_msg) StdoutLine: {'line': b'[ 81%] \x1b[1m\x1b[32mLinking CXX shared library libdef_msg__rosidl_typesupport_fastrtps_c.so\x1b[0m\n'}
[4.448982] (vision_msg) StdoutLine: {'line': b'-- Install configuration: ""\n'}
[4.449238] (vision_msg) StdoutLine: {'line': b'-- Installing: /home/hjh/serial_new0122/install/vision_msg/share/ament_index/resource_index/rosidl_interfaces/vision_msg\n'}
[4.449413] (vision_msg) StdoutLine: {'line': b'-- Installing: /home/hjh/serial_new0122/install/vision_msg/include/vision_msg/vision_msg\n'}
[4.449509] (vision_msg) StdoutLine: {'line': b'-- Installing: /home/hjh/serial_new0122/install/vision_msg/include/vision_msg/vision_msg/msg\n'}
[4.449628] (vision_msg) StdoutLine: {'line': b'-- Installing: /home/hjh/serial_new0122/install/vision_msg/include/vision_msg/vision_msg/msg/rosidl_generator_c__visibility_control.h\n'}
[4.449713] (vision_msg) StdoutLine: {'line': b'-- Installing: /home/hjh/serial_new0122/install/vision_msg/include/vision_msg/vision_msg/msg/detail\n'}
[4.449849] (vision_msg) StdoutLine: {'line': b'-- Installing: /home/hjh/serial_new0122/install/vision_msg/include/vision_msg/vision_msg/msg/detail/selected_id__functions.h\n'}
[4.449951] (vision_msg) StdoutLine: {'line': b'-- Installing: /home/hjh/serial_new0122/install/vision_msg/include/vision_msg/vision_msg/msg/detail/gimble_position__struct.h\n'}
[4.450032] (vision_msg) StdoutLine: {'line': b'-- Installing: /home/hjh/serial_new0122/install/vision_msg/include/vision_msg/vision_msg/msg/detail/gimble_position__functions.h\n'}
[4.450145] (vision_msg) StdoutLine: {'line': b'-- Installing: /home/hjh/serial_new0122/install/vision_msg/include/vision_msg/vision_msg/msg/detail/selected_id__type_support.h\n'}
[4.450221] (vision_msg) StdoutLine: {'line': b'-- Installing: /home/hjh/serial_new0122/install/vision_msg/include/vision_msg/vision_msg/msg/detail/detected_id__functions.h\n'}
[4.450321] (vision_msg) StdoutLine: {'line': b'-- Installing: /home/hjh/serial_new0122/install/vision_msg/include/vision_msg/vision_msg/msg/detail/gimble_position__type_support.h\n'}
[4.450425] (vision_msg) StdoutLine: {'line': b'-- Installing: /home/hjh/serial_new0122/install/vision_msg/include/vision_msg/vision_msg/msg/detail/detected_id__struct.h\n'}
[4.450516] (vision_msg) StdoutLine: {'line': b'-- Installing: /home/hjh/serial_new0122/install/vision_msg/include/vision_msg/vision_msg/msg/detail/detected_id__type_support.h\n'}
[4.450617] (vision_msg) StdoutLine: {'line': b'-- Installing: /home/hjh/serial_new0122/install/vision_msg/include/vision_msg/vision_msg/msg/detail/detected_id__functions.c\n'}
[4.450718] (vision_msg) StdoutLine: {'line': b'-- Installing: /home/hjh/serial_new0122/install/vision_msg/include/vision_msg/vision_msg/msg/detail/selected_id__functions.c\n'}
[4.450808] (vision_msg) StdoutLine: {'line': b'-- Installing: /home/hjh/serial_new0122/install/vision_msg/include/vision_msg/vision_msg/msg/detail/selected_id__struct.h\n'}
[4.451015] (vision_msg) StdoutLine: {'line': b'-- Installing: /home/hjh/serial_new0122/install/vision_msg/include/vision_msg/vision_msg/msg/detail/gimble_position__functions.c\n'}
[4.451188] (vision_msg) StdoutLine: {'line': b'-- Installing: /home/hjh/serial_new0122/install/vision_msg/include/vision_msg/vision_msg/msg/detected_id.h\n'}
[4.451298] (vision_msg) StdoutLine: {'line': b'-- Installing: /home/hjh/serial_new0122/install/vision_msg/include/vision_msg/vision_msg/msg/selected_id.h\n'}
[4.451410] (vision_msg) StdoutLine: {'line': b'-- Installing: /home/hjh/serial_new0122/install/vision_msg/include/vision_msg/vision_msg/msg/gimble_position.h\n'}
[4.451488] (vision_msg) StdoutLine: {'line': b'-- Installing: /home/hjh/serial_new0122/install/vision_msg/share/vision_msg/environment/library_path.sh\n'}
[4.451600] (vision_msg) StdoutLine: {'line': b'-- Installing: /home/hjh/serial_new0122/install/vision_msg/share/vision_msg/environment/library_path.dsv\n'}
[4.451676] (vision_msg) StdoutLine: {'line': b'-- Installing: /home/hjh/serial_new0122/install/vision_msg/lib/libvision_msg__rosidl_generator_c.so\n'}
[4.451781] (vision_msg) StdoutLine: {'line': b'-- Set non-toolchain portion of runtime path of "/home/hjh/serial_new0122/install/vision_msg/lib/libvision_msg__rosidl_generator_c.so" to ""\n'}
[4.451928] (vision_msg) StdoutLine: {'line': b'-- Up-to-date: /home/hjh/serial_new0122/install/vision_msg/include/vision_msg/vision_msg\n'}
[4.452016] (vision_msg) StdoutLine: {'line': b'-- Up-to-date: /home/hjh/serial_new0122/install/vision_msg/include/vision_msg/vision_msg/msg\n'}
[4.452095] (vision_msg) StdoutLine: {'line': b'-- Up-to-date: /home/hjh/serial_new0122/install/vision_msg/include/vision_msg/vision_msg/msg/detail\n'}
[4.452177] (vision_msg) StdoutLine: {'line': b'-- Installing: /home/hjh/serial_new0122/install/vision_msg/include/vision_msg/vision_msg/msg/detail/selected_id__rosidl_typesupport_fastrtps_c.h\n'}
[4.452256] (vision_msg) StdoutLine: {'line': b'-- Installing: /home/hjh/serial_new0122/install/vision_msg/include/vision_msg/vision_msg/msg/detail/gimble_position__rosidl_typesupport_fastrtps_c.h\n'}
[4.452335] (vision_msg) StdoutLine: {'line': b'-- Installing: /home/hjh/serial_new0122/install/vision_msg/include/vision_msg/vision_msg/msg/detail/detected_id__rosidl_typesupport_fastrtps_c.h\n'}
[4.452414] (vision_msg) StdoutLine: {'line': b'-- Installing: /home/hjh/serial_new0122/install/vision_msg/include/vision_msg/vision_msg/msg/rosidl_typesupport_fastrtps_c__visibility_control.h\n'}
[4.452553] (vision_msg) StdoutLine: {'line': b'-- Installing: /home/hjh/serial_new0122/install/vision_msg/lib/libvision_msg__rosidl_typesupport_fastrtps_c.so\n'}
[4.452633] (vision_msg) StdoutLine: {'line': b'-- Set non-toolchain portion of runtime path of "/home/hjh/serial_new0122/install/vision_msg/lib/libvision_msg__rosidl_typesupport_fastrtps_c.so" to ""\n'}
[4.452713] (vision_msg) StdoutLine: {'line': b'-- Up-to-date: /home/hjh/serial_new0122/install/vision_msg/include/vision_msg/vision_msg\n'}
[4.452791] (vision_msg) StdoutLine: {'line': b'-- Up-to-date: /home/hjh/serial_new0122/install/vision_msg/include/vision_msg/vision_msg/msg\n'}
[4.452876] (vision_msg) StdoutLine: {'line': b'-- Up-to-date: /home/hjh/serial_new0122/install/vision_msg/include/vision_msg/vision_msg/msg/detail\n'}
[4.453017] (vision_msg) StdoutLine: {'line': b'-- Installing: /home/hjh/serial_new0122/install/vision_msg/include/vision_msg/vision_msg/msg/detail/selected_id__rosidl_typesupport_introspection_c.h\n'}
[4.453097] (vision_msg) StdoutLine: {'line': b'-- Installing: /home/hjh/serial_new0122/install/vision_msg/include/vision_msg/vision_msg/msg/detail/selected_id__type_support.c\n'}
[4.453178] (vision_msg) StdoutLine: {'line': b'-- Installing: /home/hjh/serial_new0122/install/vision_msg/include/vision_msg/vision_msg/msg/detail/detected_id__rosidl_typesupport_introspection_c.h\n'}
[4.453258] (vision_msg) StdoutLine: {'line': b'-- Installing: /home/hjh/serial_new0122/install/vision_msg/include/vision_msg/vision_msg/msg/detail/detected_id__type_support.c\n'}
[4.453336] (vision_msg) StdoutLine: {'line': b'-- Installing: /home/hjh/serial_new0122/install/vision_msg/include/vision_msg/vision_msg/msg/detail/gimble_position__rosidl_typesupport_introspection_c.h\n'}
[4.453466] (vision_msg) StdoutLine: {'line': b'-- Installing: /home/hjh/serial_new0122/install/vision_msg/include/vision_msg/vision_msg/msg/detail/gimble_position__type_support.c\n'}
[4.453560] (vision_msg) StdoutLine: {'line': b'-- Installing: /home/hjh/serial_new0122/install/vision_msg/include/vision_msg/vision_msg/msg/rosidl_typesupport_introspection_c__visibility_control.h\n'}
[4.453639] (vision_msg) StdoutLine: {'line': b'-- Installing: /home/hjh/serial_new0122/install/vision_msg/lib/libvision_msg__rosidl_typesupport_introspection_c.so\n'}
[4.453718] (vision_msg) StdoutLine: {'line': b'-- Set non-toolchain portion of runtime path of "/home/hjh/serial_new0122/install/vision_msg/lib/libvision_msg__rosidl_typesupport_introspection_c.so" to ""\n'}
[4.453796] (vision_msg) StdoutLine: {'line': b'-- Installing: /home/hjh/serial_new0122/install/vision_msg/lib/libvision_msg__rosidl_typesupport_c.so\n'}
[4.453881] (vision_msg) StdoutLine: {'line': b'-- Set non-toolchain portion of runtime path of "/home/hjh/serial_new0122/install/vision_msg/lib/libvision_msg__rosidl_typesupport_c.so" to ""\n'}
[4.454047] (vision_msg) StdoutLine: {'line': b'-- Up-to-date: /home/hjh/serial_new0122/install/vision_msg/include/vision_msg/vision_msg\n'}
[4.454128] (vision_msg) StdoutLine: {'line': b'-- Up-to-date: /home/hjh/serial_new0122/install/vision_msg/include/vision_msg/vision_msg/msg\n'}
[4.454208] (vision_msg) StdoutLine: {'line': b'-- Installing: /home/hjh/serial_new0122/install/vision_msg/include/vision_msg/vision_msg/msg/selected_id.hpp\n'}
[4.454287] (vision_msg) StdoutLine: {'line': b'-- Installing: /home/hjh/serial_new0122/install/vision_msg/include/vision_msg/vision_msg/msg/gimble_position.hpp\n'}
[4.454366] (vision_msg) StdoutLine: {'line': b'-- Installing: /home/hjh/serial_new0122/install/vision_msg/include/vision_msg/vision_msg/msg/detected_id.hpp\n'}
[4.454445] (vision_msg) StdoutLine: {'line': b'-- Up-to-date: /home/hjh/serial_new0122/install/vision_msg/include/vision_msg/vision_msg/msg/detail\n'}
[4.454576] (vision_msg) StdoutLine: {'line': b'-- Installing: /home/hjh/serial_new0122/install/vision_msg/include/vision_msg/vision_msg/msg/detail/selected_id__type_support.hpp\n'}
[4.454656] (vision_msg) StdoutLine: {'line': b'-- Installing: /home/hjh/serial_new0122/install/vision_msg/include/vision_msg/vision_msg/msg/detail/gimble_position__struct.hpp\n'}
[4.454736] (vision_msg) StdoutLine: {'line': b'-- Installing: /home/hjh/serial_new0122/install/vision_msg/include/vision_msg/vision_msg/msg/detail/gimble_position__type_support.hpp\n'}
[4.454817] (vision_msg) StdoutLine: {'line': b'-- Installing: /home/hjh/serial_new0122/install/vision_msg/include/vision_msg/vision_msg/msg/detail/detected_id__traits.hpp\n'}
[4.454932] (vision_msg) StdoutLine: {'line': b'-- Installing: /home/hjh/serial_new0122/install/vision_msg/include/vision_msg/vision_msg/msg/detail/selected_id__builder.hpp\n'}
[4.455011] (vision_msg) StdoutLine: {'line': b'-- Installing: /home/hjh/serial_new0122/install/vision_msg/include/vision_msg/vision_msg/msg/detail/detected_id__type_support.hpp\n'}
[4.455089] (vision_msg) StdoutLine: {'line': b'-- Installing: /home/hjh/serial_new0122/install/vision_msg/include/vision_msg/vision_msg/msg/detail/gimble_position__traits.hpp\n'}
[4.455167] (vision_msg) StdoutLine: {'line': b'-- Installing: /home/hjh/serial_new0122/install/vision_msg/include/vision_msg/vision_msg/msg/detail/gimble_position__builder.hpp\n'}
[4.455248] (vision_msg) StdoutLine: {'line': b'-- Installing: /home/hjh/serial_new0122/install/vision_msg/include/vision_msg/vision_msg/msg/detail/selected_id__struct.hpp\n'}
[4.455326] (vision_msg) StdoutLine: {'line': b'-- Installing: /home/hjh/serial_new0122/install/vision_msg/include/vision_msg/vision_msg/msg/detail/detected_id__builder.hpp\n'}
[4.455405] (vision_msg) StdoutLine: {'line': b'-- Installing: /home/hjh/serial_new0122/install/vision_msg/include/vision_msg/vision_msg/msg/detail/detected_id__struct.hpp\n'}
[4.455536] (vision_msg) StdoutLine: {'line': b'-- Installing: /home/hjh/serial_new0122/install/vision_msg/include/vision_msg/vision_msg/msg/detail/selected_id__traits.hpp\n'}
[4.455616] (vision_msg) StdoutLine: {'line': b'-- Installing: /home/hjh/serial_new0122/install/vision_msg/include/vision_msg/vision_msg/msg/rosidl_generator_cpp__visibility_control.hpp\n'}
[4.455725] (vision_msg) StdoutLine: {'line': b'-- Up-to-date: /home/hjh/serial_new0122/install/vision_msg/include/vision_msg/vision_msg\n'}
[4.455801] (vision_msg) StdoutLine: {'line': b'-- Up-to-date: /home/hjh/serial_new0122/install/vision_msg/include/vision_msg/vision_msg/msg\n'}
[4.455972] (vision_msg) StdoutLine: {'line': b'-- Up-to-date: /home/hjh/serial_new0122/install/vision_msg/include/vision_msg/vision_msg/msg/detail\n'}
[4.456054] (vision_msg) StdoutLine: {'line': b'-- Installing: /home/hjh/serial_new0122/install/vision_msg/include/vision_msg/vision_msg/msg/detail/detected_id__rosidl_typesupport_fastrtps_cpp.hpp\n'}
[4.456131] (vision_msg) StdoutLine: {'line': b'-- Installing: /home/hjh/serial_new0122/install/vision_msg/include/vision_msg/vision_msg/msg/detail/dds_fastrtps\n'}
[4.456208] (vision_msg) StdoutLine: {'line': b'-- Installing: /home/hjh/serial_new0122/install/vision_msg/include/vision_msg/vision_msg/msg/detail/selected_id__rosidl_typesupport_fastrtps_cpp.hpp\n'}
[4.456285] (vision_msg) StdoutLine: {'line': b'-- Installing: /home/hjh/serial_new0122/install/vision_msg/include/vision_msg/vision_msg/msg/detail/gimble_position__rosidl_typesupport_fastrtps_cpp.hpp\n'}
[4.456397] (vision_msg) StdoutLine: {'line': b'-- Installing: /home/hjh/serial_new0122/install/vision_msg/include/vision_msg/vision_msg/msg/rosidl_typesupport_fastrtps_cpp__visibility_control.h\n'}
[4.456473] (vision_msg) StdoutLine: {'line': b'-- Installing: /home/hjh/serial_new0122/install/vision_msg/lib/libvision_msg__rosidl_typesupport_fastrtps_cpp.so\n'}
[4.456545] (vision_msg) StdoutLine: {'line': b'-- Set non-toolchain portion of runtime path of "/home/hjh/serial_new0122/install/vision_msg/lib/libvision_msg__rosidl_typesupport_fastrtps_cpp.so" to ""\n'}
[4.456617] (vision_msg) StdoutLine: {'line': b'-- Up-to-date: /home/hjh/serial_new0122/install/vision_msg/include/vision_msg/vision_msg\n'}
[4.456689] (vision_msg) StdoutLine: {'line': b'-- Up-to-date: /home/hjh/serial_new0122/install/vision_msg/include/vision_msg/vision_msg/msg\n'}
[4.456760] (vision_msg) StdoutLine: {'line': b'-- Up-to-date: /home/hjh/serial_new0122/install/vision_msg/include/vision_msg/vision_msg/msg/detail\n'}
[4.456837] (vision_msg) StdoutLine: {'line': b'-- Installing: /home/hjh/serial_new0122/install/vision_msg/include/vision_msg/vision_msg/msg/detail/detected_id__type_support.cpp\n'}
[4.456931] (vision_msg) StdoutLine: {'line': b'-- Installing: /home/hjh/serial_new0122/install/vision_msg/include/vision_msg/vision_msg/msg/detail/gimble_position__type_support.cpp\n'}
[4.457004] (vision_msg) StdoutLine: {'line': b'-- Installing: /home/hjh/serial_new0122/install/vision_msg/include/vision_msg/vision_msg/msg/detail/detected_id__rosidl_typesupport_introspection_cpp.hpp\n'}
[4.457077] (vision_msg) StdoutLine: {'line': b'-- Installing: /home/hjh/serial_new0122/install/vision_msg/include/vision_msg/vision_msg/msg/detail/gimble_position__rosidl_typesupport_introspection_cpp.hpp\n'}
[4.457149] (vision_msg) StdoutLine: {'line': b'-- Installing: /home/hjh/serial_new0122/install/vision_msg/include/vision_msg/vision_msg/msg/detail/selected_id__type_support.cpp\n'}
[4.457222] (vision_msg) StdoutLine: {'line': b'-- Installing: /home/hjh/serial_new0122/install/vision_msg/include/vision_msg/vision_msg/msg/detail/selected_id__rosidl_typesupport_introspection_cpp.hpp\n'}
[4.457296] (vision_msg) StdoutLine: {'line': b'-- Installing: /home/hjh/serial_new0122/install/vision_msg/lib/libvision_msg__rosidl_typesupport_introspection_cpp.so\n'}
[4.457378] (vision_msg) StdoutLine: {'line': b'-- Set non-toolchain portion of runtime path of "/home/hjh/serial_new0122/install/vision_msg/lib/libvision_msg__rosidl_typesupport_introspection_cpp.so" to ""\n'}
[4.457451] (vision_msg) StdoutLine: {'line': b'-- Installing: /home/hjh/serial_new0122/install/vision_msg/lib/libvision_msg__rosidl_typesupport_cpp.so\n'}
[4.457523] (vision_msg) StdoutLine: {'line': b'-- Set non-toolchain portion of runtime path of "/home/hjh/serial_new0122/install/vision_msg/lib/libvision_msg__rosidl_typesupport_cpp.so" to ""\n'}
[4.457600] (vision_msg) StdoutLine: {'line': b'-- Installing: /home/hjh/serial_new0122/install/vision_msg/share/vision_msg/environment/pythonpath.sh\n'}
[4.457673] (vision_msg) StdoutLine: {'line': b'-- Installing: /home/hjh/serial_new0122/install/vision_msg/share/vision_msg/environment/pythonpath.dsv\n'}
[4.457746] (vision_msg) StdoutLine: {'line': b'-- Installing: /home/hjh/serial_new0122/install/vision_msg/local/lib/python3.10/dist-packages/vision_msg-0.0.0-py3.10.egg-info\n'}
[4.457822] (vision_msg) StdoutLine: {'line': b'-- Installing: /home/hjh/serial_new0122/install/vision_msg/local/lib/python3.10/dist-packages/vision_msg-0.0.0-py3.10.egg-info/dependency_links.txt\n'}
[4.457900] (vision_msg) StdoutLine: {'line': b'-- Installing: /home/hjh/serial_new0122/install/vision_msg/local/lib/python3.10/dist-packages/vision_msg-0.0.0-py3.10.egg-info/PKG-INFO\n'}
[4.457976] (vision_msg) StdoutLine: {'line': b'-- Installing: /home/hjh/serial_new0122/install/vision_msg/local/lib/python3.10/dist-packages/vision_msg-0.0.0-py3.10.egg-info/SOURCES.txt\n'}
[4.458047] (vision_msg) StdoutLine: {'line': b'-- Installing: /home/hjh/serial_new0122/install/vision_msg/local/lib/python3.10/dist-packages/vision_msg-0.0.0-py3.10.egg-info/top_level.txt\n'}
[4.458126] (vision_msg) StdoutLine: {'line': b'-- Installing: /home/hjh/serial_new0122/install/vision_msg/local/lib/python3.10/dist-packages/vision_msg\n'}
[4.458198] (vision_msg) StdoutLine: {'line': b'-- Installing: /home/hjh/serial_new0122/install/vision_msg/local/lib/python3.10/dist-packages/vision_msg/vision_msg_s__rosidl_typesupport_c.cpython-310-x86_64-linux-gnu.so\n'}
[4.458270] (vision_msg) StdoutLine: {'line': b'-- Installing: /home/hjh/serial_new0122/install/vision_msg/local/lib/python3.10/dist-packages/vision_msg/_vision_msg_s.ep.rosidl_typesupport_fastrtps_c.c\n'}
[4.458345] (vision_msg) StdoutLine: {'line': b'-- Installing: /home/hjh/serial_new0122/install/vision_msg/local/lib/python3.10/dist-packages/vision_msg/vision_msg_s__rosidl_typesupport_fastrtps_c.cpython-310-x86_64-linux-gnu.so\n'}
[4.458418] (vision_msg) StdoutLine: {'line': b'-- Installing: /home/hjh/serial_new0122/install/vision_msg/local/lib/python3.10/dist-packages/vision_msg/__init__.py\n'}
[4.458496] (vision_msg) StdoutLine: {'line': b'-- Installing: /home/hjh/serial_new0122/install/vision_msg/local/lib/python3.10/dist-packages/vision_msg/libvision_msg__rosidl_generator_py.so\n'}
[4.458569] (vision_msg) StdoutLine: {'line': b'-- Installing: /home/hjh/serial_new0122/install/vision_msg/local/lib/python3.10/dist-packages/vision_msg/_vision_msg_s.ep.rosidl_typesupport_c.c\n'}
[4.458642] (vision_msg) StdoutLine: {'line': b'-- Installing: /home/hjh/serial_new0122/install/vision_msg/local/lib/python3.10/dist-packages/vision_msg/msg\n'}
[4.458713] (vision_msg) StdoutLine: {'line': b'-- Installing: /home/hjh/serial_new0122/install/vision_msg/local/lib/python3.10/dist-packages/vision_msg/msg/_selected_id.py\n'}
[4.458784] (vision_msg) StdoutLine: {'line': b'-- Installing: /home/hjh/serial_new0122/install/vision_msg/local/lib/python3.10/dist-packages/vision_msg/msg/_selected_id_s.c\n'}
[4.458868] (vision_msg) StdoutLine: {'line': b'-- Installing: /home/hjh/serial_new0122/install/vision_msg/local/lib/python3.10/dist-packages/vision_msg/msg/_detected_id.py\n'}
[4.458946] (vision_msg) StdoutLine: {'line': b'-- Installing: /home/hjh/serial_new0122/install/vision_msg/local/lib/python3.10/dist-packages/vision_msg/msg/_gimble_position_s.c\n'}
[4.459018] (vision_msg) StdoutLine: {'line': b'-- Installing: /home/hjh/serial_new0122/install/vision_msg/local/lib/python3.10/dist-packages/vision_msg/msg/__init__.py\n'}
[4.459089] (vision_msg) StdoutLine: {'line': b'-- Installing: /home/hjh/serial_new0122/install/vision_msg/local/lib/python3.10/dist-packages/vision_msg/msg/_gimble_position.py\n'}
[4.459160] (vision_msg) StdoutLine: {'line': b'-- Installing: /home/hjh/serial_new0122/install/vision_msg/local/lib/python3.10/dist-packages/vision_msg/msg/_detected_id_s.c\n'}
[4.459238] (vision_msg) StdoutLine: {'line': b'-- Installing: /home/hjh/serial_new0122/install/vision_msg/local/lib/python3.10/dist-packages/vision_msg/_vision_msg_s.ep.rosidl_typesupport_introspection_c.c\n'}
[4.459309] (vision_msg) StdoutLine: {'line': b'-- Installing: /home/hjh/serial_new0122/install/vision_msg/local/lib/python3.10/dist-packages/vision_msg/vision_msg_s__rosidl_typesupport_introspection_c.cpython-310-x86_64-linux-gnu.so\n'}
[4.493309] (vision_msg) StdoutLine: {'line': b"Listing '/home/hjh/serial_new0122/install/vision_msg/local/lib/python3.10/dist-packages/vision_msg'...\n"}
[4.493500] (vision_msg) StdoutLine: {'line': b"Compiling '/home/hjh/serial_new0122/install/vision_msg/local/lib/python3.10/dist-packages/vision_msg/__init__.py'...\n"}
[4.493591] (vision_msg) StdoutLine: {'line': b"Listing '/home/hjh/serial_new0122/install/vision_msg/local/lib/python3.10/dist-packages/vision_msg/msg'...\n"}
[4.493670] (vision_msg) StdoutLine: {'line': b"Compiling '/home/hjh/serial_new0122/install/vision_msg/local/lib/python3.10/dist-packages/vision_msg/msg/__init__.py'...\n"}
[4.493758] (vision_msg) StdoutLine: {'line': b"Compiling '/home/hjh/serial_new0122/install/vision_msg/local/lib/python3.10/dist-packages/vision_msg/msg/_detected_id.py'...\n"}
[4.493845] (vision_msg) StdoutLine: {'line': b"Compiling '/home/hjh/serial_new0122/install/vision_msg/local/lib/python3.10/dist-packages/vision_msg/msg/_gimble_position.py'...\n"}
[4.493929] (vision_msg) StdoutLine: {'line': b"Compiling '/home/hjh/serial_new0122/install/vision_msg/local/lib/python3.10/dist-packages/vision_msg/msg/_selected_id.py'...\n"}
[4.498653] (vision_msg) StdoutLine: {'line': b'-- Installing: /home/hjh/serial_new0122/install/vision_msg/local/lib/python3.10/dist-packages/vision_msg/vision_msg_s__rosidl_typesupport_fastrtps_c.cpython-310-x86_64-linux-gnu.so\n'}
[4.499010] (vision_msg) StdoutLine: {'line': b'-- Set non-toolchain portion of runtime path of "/home/hjh/serial_new0122/install/vision_msg/local/lib/python3.10/dist-packages/vision_msg/vision_msg_s__rosidl_typesupport_fastrtps_c.cpython-310-x86_64-linux-gnu.so" to ""\n'}
[4.499246] (vision_msg) StdoutLine: {'line': b'-- Installing: /home/hjh/serial_new0122/install/vision_msg/local/lib/python3.10/dist-packages/vision_msg/vision_msg_s__rosidl_typesupport_introspection_c.cpython-310-x86_64-linux-gnu.so\n'}
[4.499485] (vision_msg) StdoutLine: {'line': b'-- Set non-toolchain portion of runtime path of "/home/hjh/serial_new0122/install/vision_msg/local/lib/python3.10/dist-packages/vision_msg/vision_msg_s__rosidl_typesupport_introspection_c.cpython-310-x86_64-linux-gnu.so" to ""\n'}
[4.499646] (vision_msg) StdoutLine: {'line': b'-- Installing: /home/hjh/serial_new0122/install/vision_msg/local/lib/python3.10/dist-packages/vision_msg/vision_msg_s__rosidl_typesupport_c.cpython-310-x86_64-linux-gnu.so\n'}
[4.500116] (vision_msg) StdoutLine: {'line': b'-- Set non-toolchain portion of runtime path of "/home/hjh/serial_new0122/install/vision_msg/local/lib/python3.10/dist-packages/vision_msg/vision_msg_s__rosidl_typesupport_c.cpython-310-x86_64-linux-gnu.so" to ""\n'}
[4.500267] (vision_msg) StdoutLine: {'line': b'-- Installing: /home/hjh/serial_new0122/install/vision_msg/lib/libvision_msg__rosidl_generator_py.so\n'}
[4.500416] (vision_msg) StdoutLine: {'line': b'-- Set non-toolchain portion of runtime path of "/home/hjh/serial_new0122/install/vision_msg/lib/libvision_msg__rosidl_generator_py.so" to ""\n'}
[4.500524] (vision_msg) StdoutLine: {'line': b'-- Installing: /home/hjh/serial_new0122/install/vision_msg/share/vision_msg/msg/GimblePosition.idl\n'}
[4.500629] (vision_msg) StdoutLine: {'line': b'-- Installing: /home/hjh/serial_new0122/install/vision_msg/share/vision_msg/msg/DetectedId.idl\n'}
[4.500742] (vision_msg) StdoutLine: {'line': b'-- Installing: /home/hjh/serial_new0122/install/vision_msg/share/vision_msg/msg/SelectedId.idl\n'}
[4.501052] (def_msg) StdoutLine: {'line': b'[ 81%] Built target def_msg__rosidl_typesupport_fastrtps_c\n'}
[4.501182] (vision_msg) StdoutLine: {'line': b'-- Installing: /home/hjh/serial_new0122/install/vision_msg/share/vision_msg/msg/GimblePosition.msg\n'}
[4.501272] (vision_msg) StdoutLine: {'line': b'-- Installing: /home/hjh/serial_new0122/install/vision_msg/share/vision_msg/msg/DetectedId.msg\n'}
[4.501352] (vision_msg) StdoutLine: {'line': b'-- Installing: /home/hjh/serial_new0122/install/vision_msg/share/vision_msg/msg/SelectedId.msg\n'}
[4.501467] (vision_msg) StdoutLine: {'line': b'-- Installing: /home/hjh/serial_new0122/install/vision_msg/share/ament_index/resource_index/package_run_dependencies/vision_msg\n'}
[4.501568] (vision_msg) StdoutLine: {'line': b'-- Installing: /home/hjh/serial_new0122/install/vision_msg/share/ament_index/resource_index/parent_prefix_path/vision_msg\n'}
[4.501668] (vision_msg) StdoutLine: {'line': b'-- Installing: /home/hjh/serial_new0122/install/vision_msg/share/vision_msg/environment/ament_prefix_path.sh\n'}
[4.501769] (vision_msg) StdoutLine: {'line': b'-- Installing: /home/hjh/serial_new0122/install/vision_msg/share/vision_msg/environment/ament_prefix_path.dsv\n'}
[4.501877] (vision_msg) StdoutLine: {'line': b'-- Installing: /home/hjh/serial_new0122/install/vision_msg/share/vision_msg/environment/path.sh\n'}
[4.501986] (vision_msg) StdoutLine: {'line': b'-- Installing: /home/hjh/serial_new0122/install/vision_msg/share/vision_msg/environment/path.dsv\n'}
[4.502094] (vision_msg) StdoutLine: {'line': b'-- Installing: /home/hjh/serial_new0122/install/vision_msg/share/vision_msg/local_setup.bash\n'}
[4.502212] (vision_msg) StdoutLine: {'line': b'-- Installing: /home/hjh/serial_new0122/install/vision_msg/share/vision_msg/local_setup.sh\n'}
[4.502335] (vision_msg) StdoutLine: {'line': b'-- Installing: /home/hjh/serial_new0122/install/vision_msg/share/vision_msg/local_setup.zsh\n'}
[4.502461] (vision_msg) StdoutLine: {'line': b'-- Installing: /home/hjh/serial_new0122/install/vision_msg/share/vision_msg/local_setup.dsv\n'}
[4.502578] (vision_msg) StdoutLine: {'line': b'-- Installing: /home/hjh/serial_new0122/install/vision_msg/share/vision_msg/package.dsv\n'}
[4.502733] (vision_msg) StdoutLine: {'line': b'-- Installing: /home/hjh/serial_new0122/install/vision_msg/share/ament_index/resource_index/packages/vision_msg\n'}
[4.502909] (vision_msg) StdoutLine: {'line': b'-- Installing: /home/hjh/serial_new0122/install/vision_msg/share/vision_msg/cmake/export_vision_msg__rosidl_generator_cExport.cmake\n'}
[4.503045] (vision_msg) StdoutLine: {'line': b'-- Installing: /home/hjh/serial_new0122/install/vision_msg/share/vision_msg/cmake/export_vision_msg__rosidl_generator_cExport-noconfig.cmake\n'}
[4.503182] (vision_msg) StdoutLine: {'line': b'-- Installing: /home/hjh/serial_new0122/install/vision_msg/share/vision_msg/cmake/export_vision_msg__rosidl_typesupport_fastrtps_cExport.cmake\n'}
[4.503316] (vision_msg) StdoutLine: {'line': b'-- Installing: /home/hjh/serial_new0122/install/vision_msg/share/vision_msg/cmake/export_vision_msg__rosidl_typesupport_fastrtps_cExport-noconfig.cmake\n'}
[4.503450] (vision_msg) StdoutLine: {'line': b'-- Installing: /home/hjh/serial_new0122/install/vision_msg/share/vision_msg/cmake/vision_msg__rosidl_typesupport_introspection_cExport.cmake\n'}
[4.503579] (vision_msg) StdoutLine: {'line': b'-- Installing: /home/hjh/serial_new0122/install/vision_msg/share/vision_msg/cmake/vision_msg__rosidl_typesupport_introspection_cExport-noconfig.cmake\n'}
[4.503714] (vision_msg) StdoutLine: {'line': b'-- Installing: /home/hjh/serial_new0122/install/vision_msg/share/vision_msg/cmake/vision_msg__rosidl_typesupport_cExport.cmake\n'}
[4.503847] (vision_msg) StdoutLine: {'line': b'-- Installing: /home/hjh/serial_new0122/install/vision_msg/share/vision_msg/cmake/vision_msg__rosidl_typesupport_cExport-noconfig.cmake\n'}
[4.503984] (vision_msg) StdoutLine: {'line': b'-- Installing: /home/hjh/serial_new0122/install/vision_msg/share/vision_msg/cmake/export_vision_msg__rosidl_generator_cppExport.cmake\n'}
[4.504126] (vision_msg) StdoutLine: {'line': b'-- Installing: /home/hjh/serial_new0122/install/vision_msg/share/vision_msg/cmake/export_vision_msg__rosidl_typesupport_fastrtps_cppExport.cmake\n'}
[4.504255] (vision_msg) StdoutLine: {'line': b'-- Installing: /home/hjh/serial_new0122/install/vision_msg/share/vision_msg/cmake/export_vision_msg__rosidl_typesupport_fastrtps_cppExport-noconfig.cmake\n'}
[4.504394] (vision_msg) StdoutLine: {'line': b'-- Installing: /home/hjh/serial_new0122/install/vision_msg/share/vision_msg/cmake/vision_msg__rosidl_typesupport_introspection_cppExport.cmake\n'}
[4.504527] (vision_msg) StdoutLine: {'line': b'-- Installing: /home/hjh/serial_new0122/install/vision_msg/share/vision_msg/cmake/vision_msg__rosidl_typesupport_introspection_cppExport-noconfig.cmake\n'}
[4.504659] (vision_msg) StdoutLine: {'line': b'-- Installing: /home/hjh/serial_new0122/install/vision_msg/share/vision_msg/cmake/vision_msg__rosidl_typesupport_cppExport.cmake\n'}
[4.504789] (vision_msg) StdoutLine: {'line': b'-- Installing: /home/hjh/serial_new0122/install/vision_msg/share/vision_msg/cmake/vision_msg__rosidl_typesupport_cppExport-noconfig.cmake\n'}
[4.504929] (vision_msg) StdoutLine: {'line': b'-- Installing: /home/hjh/serial_new0122/install/vision_msg/share/vision_msg/cmake/export_vision_msg__rosidl_generator_pyExport.cmake\n'}
[4.505063] (vision_msg) StdoutLine: {'line': b'-- Installing: /home/hjh/serial_new0122/install/vision_msg/share/vision_msg/cmake/export_vision_msg__rosidl_generator_pyExport-noconfig.cmake\n'}
[4.505189] (vision_msg) StdoutLine: {'line': b'-- Installing: /home/hjh/serial_new0122/install/vision_msg/share/vision_msg/cmake/rosidl_cmake-extras.cmake\n'}
[4.505311] (vision_msg) StdoutLine: {'line': b'-- Installing: /home/hjh/serial_new0122/install/vision_msg/share/vision_msg/cmake/ament_cmake_export_dependencies-extras.cmake\n'}
[4.505438] (vision_msg) StdoutLine: {'line': b'-- Installing: /home/hjh/serial_new0122/install/vision_msg/share/vision_msg/cmake/ament_cmake_export_include_directories-extras.cmake\n'}
[4.505560] (vision_msg) StdoutLine: {'line': b'-- Installing: /home/hjh/serial_new0122/install/vision_msg/share/vision_msg/cmake/ament_cmake_export_libraries-extras.cmake\n'}
[4.505687] (vision_msg) StdoutLine: {'line': b'-- Installing: /home/hjh/serial_new0122/install/vision_msg/share/vision_msg/cmake/ament_cmake_export_targets-extras.cmake\n'}
[4.505839] (vision_msg) StdoutLine: {'line': b'-- Installing: /home/hjh/serial_new0122/install/vision_msg/share/vision_msg/cmake/rosidl_cmake_export_typesupport_targets-extras.cmake\n'}
[4.505981] (vision_msg) StdoutLine: {'line': b'-- Installing: /home/hjh/serial_new0122/install/vision_msg/share/vision_msg/cmake/rosidl_cmake_export_typesupport_libraries-extras.cmake\n'}
[4.506111] (vision_msg) StdoutLine: {'line': b'-- Installing: /home/hjh/serial_new0122/install/vision_msg/share/vision_msg/cmake/vision_msgConfig.cmake\n'}
[4.506220] (vision_msg) StdoutLine: {'line': b'-- Installing: /home/hjh/serial_new0122/install/vision_msg/share/vision_msg/cmake/vision_msgConfig-version.cmake\n'}
[4.506344] (vision_msg) StdoutLine: {'line': b'-- Installing: /home/hjh/serial_new0122/install/vision_msg/share/vision_msg/package.xml\n'}
[4.508220] (vision_msg) CommandEnded: {'returncode': 0}
[4.511501] (-) TimerEvent: {}
[4.513489] (def_msg) StdoutLine: {'line': b'[ 81%] Built target def_msg\n'}
[4.528269] (vision_msg) JobEnded: {'identifier': 'vision_msg', 'rc': 0}
[4.528870] (def_msg) StdoutLine: {'line': b'[ 82%] \x1b[1m\x1b[34mGenerating Python code for ROS interfaces\x1b[0m\n'}
[4.611673] (-) TimerEvent: {}
[4.712131] (-) TimerEvent: {}
[4.812512] (-) TimerEvent: {}
[4.912949] (-) TimerEvent: {}
[5.013288] (-) TimerEvent: {}
[5.113720] (-) TimerEvent: {}
[5.214174] (-) TimerEvent: {}
[5.314574] (-) TimerEvent: {}
[5.414903] (-) TimerEvent: {}
[5.515186] (-) TimerEvent: {}
[5.564291] (def_msg) StdoutLine: {'line': b'[ 82%] Built target def_msg__py\n'}
[5.576526] (def_msg) StdoutLine: {'line': b'[ 83%] \x1b[32mBuilding C object CMakeFiles/def_msg__rosidl_generator_py.dir/rosidl_generator_py/def_msg/msg/_gimble_position_s.c.o\x1b[0m\n'}
[5.577029] (def_msg) StdoutLine: {'line': b'[ 85%] \x1b[32mBuilding C object CMakeFiles/def_msg__rosidl_generator_py.dir/rosidl_generator_py/def_msg/msg/_gobal_information_s.c.o\x1b[0m\n'}
[5.577201] (def_msg) StdoutLine: {'line': b'[ 87%] \x1b[32mBuilding C object CMakeFiles/def_msg__rosidl_generator_py.dir/rosidl_generator_py/def_msg/srv/_controller_mode_set_s.c.o\x1b[0m\n'}
[5.577893] (def_msg) StdoutLine: {'line': b'[ 87%] \x1b[32mBuilding C object CMakeFiles/def_msg__rosidl_generator_py.dir/rosidl_generator_py/def_msg/msg/_gimble_control_s.c.o\x1b[0m\n'}
[5.578300] (def_msg) StdoutLine: {'line': b'[ 88%] \x1b[32mBuilding C object CMakeFiles/def_msg__rosidl_generator_py.dir/rosidl_generator_py/def_msg/msg/_common_control_s.c.o\x1b[0m\n'}
[5.578469] (def_msg) StdoutLine: {'line': b'[ 89%] \x1b[32mBuilding C object CMakeFiles/def_msg__rosidl_generator_py.dir/rosidl_generator_py/def_msg/msg/_em_control_s.c.o\x1b[0m\n'}
[5.578743] (def_msg) StdoutLine: {'line': b'[ 90%] \x1b[32mBuilding C object CMakeFiles/def_msg__rosidl_generator_py.dir/rosidl_generator_py/def_msg/action/_nav_pose_s.c.o\x1b[0m\n'}
[5.579655] (def_msg) StdoutLine: {'line': b'[ 91%] \x1b[32mBuilding C object CMakeFiles/def_msg__rosidl_generator_py.dir/rosidl_generator_py/def_msg/srv/_heart_beat_s.c.o\x1b[0m\n'}
[5.615345] (-) TimerEvent: {}
[5.715808] (-) TimerEvent: {}
[5.726753] (def_msg) StdoutLine: {'line': b'[ 93%] \x1b[1m\x1b[32mLinking C shared library rosidl_generator_py/def_msg/libdef_msg__rosidl_generator_py.so\x1b[0m\n'}
[5.763376] (def_msg) StdoutLine: {'line': b'[ 93%] Built target def_msg__rosidl_generator_py\n'}
[5.780659] (def_msg) StdoutLine: {'line': b'[ 94%] \x1b[32mBuilding C object CMakeFiles/def_msg__rosidl_typesupport_c__pyext.dir/rosidl_generator_py/def_msg/_def_msg_s.ep.rosidl_typesupport_c.c.o\x1b[0m\n'}
[5.780938] (def_msg) StdoutLine: {'line': b'[ 95%] \x1b[32mBuilding C object CMakeFiles/def_msg__rosidl_typesupport_fastrtps_c__pyext.dir/rosidl_generator_py/def_msg/_def_msg_s.ep.rosidl_typesupport_fastrtps_c.c.o\x1b[0m\n'}
[5.781074] (def_msg) StdoutLine: {'line': b'[ 96%] \x1b[32mBuilding C object CMakeFiles/def_msg__rosidl_typesupport_introspection_c__pyext.dir/rosidl_generator_py/def_msg/_def_msg_s.ep.rosidl_typesupport_introspection_c.c.o\x1b[0m\n'}
[5.816049] (-) TimerEvent: {}
[5.880220] (def_msg) StdoutLine: {'line': b'[ 97%] \x1b[1m\x1b[32mLinking C shared library rosidl_generator_py/def_msg/def_msg_s__rosidl_typesupport_introspection_c.cpython-310-x86_64-linux-gnu.so\x1b[0m\n'}
[5.880453] (def_msg) StdoutLine: {'line': b'[ 98%] \x1b[1m\x1b[32mLinking C shared library rosidl_generator_py/def_msg/def_msg_s__rosidl_typesupport_c.cpython-310-x86_64-linux-gnu.so\x1b[0m\n'}
[5.880555] (def_msg) StdoutLine: {'line': b'[100%] \x1b[1m\x1b[32mLinking C shared library rosidl_generator_py/def_msg/def_msg_s__rosidl_typesupport_fastrtps_c.cpython-310-x86_64-linux-gnu.so\x1b[0m\n'}
[5.907790] (def_msg) StdoutLine: {'line': b'[100%] Built target def_msg__rosidl_typesupport_c__pyext\n'}
[5.908748] (def_msg) StdoutLine: {'line': b'[100%] Built target def_msg__rosidl_typesupport_introspection_c__pyext\n'}
[5.910530] (def_msg) StdoutLine: {'line': b'[100%] Built target def_msg__rosidl_typesupport_fastrtps_c__pyext\n'}
[5.916335] (-) TimerEvent: {}
[5.916788] (def_msg) CommandEnded: {'returncode': 0}
[5.917731] (def_msg) JobProgress: {'identifier': 'def_msg', 'progress': 'install'}
[5.918252] (def_msg) Command: {'cmd': ['/usr/bin/cmake', '--install', '/home/hjh/serial_new0122/build/def_msg'], 'cwd': '/home/hjh/serial_new0122/build/def_msg', 'env': OrderedDict([('LESSOPEN', '| /usr/bin/lesspipe %s'), ('HTTPS_PROXY', 'http://127.0.0.1:7890/'), ('no_proxy', 'localhost,127.0.0.1,::1'), ('LANGUAGE', 'zh_CN:en'), ('USER', 'hjh'), ('LC_TIME', 'zh_CN.UTF-8'), ('all_proxy', 'socks://127.0.0.1:7890/'), ('XDG_SESSION_TYPE', 'wayland'), ('SHLVL', '1'), ('LD_LIBRARY_PATH', '/opt/ros/humble/opt/openvdb_vendor/lib:/home/hjh/ros2_ws/install/lib:/home/hjh/ros2_ws/install/lib:/usr/lib/x86_64-linux-gnu/gazebo-11/plugins:/opt/ros/humble/opt/rviz_ogre_vendor/lib:/opt/ros/humble/lib/x86_64-linux-gnu:/opt/ros/humble/lib'), ('HOME', '/home/hjh'), ('CONDA_SHLVL', '0'), ('DESKTOP_SESSION', 'ubuntu'), ('NO_PROXY', 'localhost,127.0.0.1,::1'), ('ROS_PYTHON_VERSION', '3'), ('GNOME_SHELL_SESSION_MODE', 'ubuntu'), ('GTK_MODULES', 'gail:atk-bridge'), ('LC_MONETARY', 'zh_CN.UTF-8'), ('DBUS_STARTER_BUS_TYPE', 'session'), ('SYSTEMD_EXEC_PID', '1769'), ('DBUS_SESSION_BUS_ADDRESS', 'unix:path=/run/user/1000/bus,guid=4bdc633ca0aa5ac165e4d9d869723ee8'), ('COLORTERM', 'truecolor'), ('_CE_M', ''), ('IM_CONFIG_PHASE', '1'), ('WAYLAND_DISPLAY', 'wayland-0'), ('https_proxy', 'http://127.0.0.1:7890/'), ('ROS_DISTRO', 'humble'), ('GTK_IM_MODULE', 'fcitx'), ('LOGNAME', 'hjh'), ('ALL_PROXY', 'socks://127.0.0.1:7890/'), ('http_proxy', 'http://127.0.0.1:7890/'), ('_', '/usr/bin/colcon'), ('ROS_VERSION', '2'), ('XDG_SESSION_CLASS', 'user'), ('USERNAME', 'hjh'), ('TERM', 'xterm-256color'), ('GNOME_DESKTOP_SESSION_ID', 'this-is-deprecated'), ('_CE_CONDA', ''), ('ROS_LOCALHOST_ONLY', '0'), ('PATH', '/home/hjh/miniconda3/condabin:/opt/ros/humble/bin:/home/hjh/.local/bin:/usr/local/sbin:/usr/local/bin:/usr/sbin:/usr/bin:/sbin:/bin:/usr/games:/usr/local/games:/snap/bin:/snap/bin'), ('SESSION_MANAGER', 'local/hjh-Lenovo-G5000-IRH8:@/tmp/.ICE-unix/1769,unix/hjh-Lenovo-G5000-IRH8:/tmp/.ICE-unix/1769'), ('PAPERSIZE', 'a4'), ('XDG_MENU_PREFIX', 'gnome-'), ('LC_ADDRESS', 'zh_CN.UTF-8'), ('GNOME_TERMINAL_SCREEN', '/org/gnome/Terminal/screen/b81bb473_4549_40e1_ad91_fed3d7df0302'), ('GNOME_SETUP_DISPLAY', ':1'), ('XDG_RUNTIME_DIR', '/run/user/1000'), ('DISPLAY', ':0'), ('LANG', 'zh_CN.UTF-8'), ('XDG_CURRENT_DESKTOP', 'ubuntu:GNOME'), ('LC_TELEPHONE', 'zh_CN.UTF-8'), ('XMODIFIERS', '@im=fcitx'), ('XDG_SESSION_DESKTOP', 'ubuntu'), ('XAUTHORITY', '/run/user/1000/.mutter-Xwaylandauth.XKQWJ3'), ('LS_COLORS', 'rs=0:di=01;34:ln=01;36:mh=00:pi=40;33:so=01;35:do=01;35:bd=40;33;01:cd=40;33;01:or=40;31;01:mi=00:su=37;41:sg=30;43:ca=30;41:tw=30;42:ow=34;42:st=37;44:ex=01;32:*.tar=01;31:*.tgz=01;31:*.arc=01;31:*.arj=01;31:*.taz=01;31:*.lha=01;31:*.lz4=01;31:*.lzh=01;31:*.lzma=01;31:*.tlz=01;31:*.txz=01;31:*.tzo=01;31:*.t7z=01;31:*.zip=01;31:*.z=01;31:*.dz=01;31:*.gz=01;31:*.lrz=01;31:*.lz=01;31:*.lzo=01;31:*.xz=01;31:*.zst=01;31:*.tzst=01;31:*.bz2=01;31:*.bz=01;31:*.tbz=01;31:*.tbz2=01;31:*.tz=01;31:*.deb=01;31:*.rpm=01;31:*.jar=01;31:*.war=01;31:*.ear=01;31:*.sar=01;31:*.rar=01;31:*.alz=01;31:*.ace=01;31:*.zoo=01;31:*.cpio=01;31:*.7z=01;31:*.rz=01;31:*.cab=01;31:*.wim=01;31:*.swm=01;31:*.dwm=01;31:*.esd=01;31:*.jpg=01;35:*.jpeg=01;35:*.mjpg=01;35:*.mjpeg=01;35:*.gif=01;35:*.bmp=01;35:*.pbm=01;35:*.pgm=01;35:*.ppm=01;35:*.tga=01;35:*.xbm=01;35:*.xpm=01;35:*.tif=01;35:*.tiff=01;35:*.png=01;35:*.svg=01;35:*.svgz=01;35:*.mng=01;35:*.pcx=01;35:*.mov=01;35:*.mpg=01;35:*.mpeg=01;35:*.m2v=01;35:*.mkv=01;35:*.webm=01;35:*.webp=01;35:*.ogm=01;35:*.mp4=01;35:*.m4v=01;35:*.mp4v=01;35:*.vob=01;35:*.qt=01;35:*.nuv=01;35:*.wmv=01;35:*.asf=01;35:*.rm=01;35:*.rmvb=01;35:*.flc=01;35:*.avi=01;35:*.fli=01;35:*.flv=01;35:*.gl=01;35:*.dl=01;35:*.xcf=01;35:*.xwd=01;35:*.yuv=01;35:*.cgm=01;35:*.emf=01;35:*.ogv=01;35:*.ogx=01;35:*.aac=00;36:*.au=00;36:*.flac=00;36:*.m4a=00;36:*.mid=00;36:*.midi=00;36:*.mka=00;36:*.mp3=00;36:*.mpc=00;36:*.ogg=00;36:*.ra=00;36:*.wav=00;36:*.oga=00;36:*.opus=00;36:*.spx=00;36:*.xspf=00;36:'), ('GNOME_TERMINAL_SERVICE', ':1.159'), ('SSH_AGENT_LAUNCHER', 'gnome-keyring'), ('SSH_AUTH_SOCK', '/run/user/1000/keyring/ssh'), ('AMENT_PREFIX_PATH', '/opt/ros/humble'), ('CONDA_PYTHON_EXE', '/home/hjh/miniconda3/bin/python'), ('SHELL', '/bin/bash'), ('LC_NAME', 'zh_CN.UTF-8'), ('QT_ACCESSIBILITY', '1'), ('GDMSESSION', 'ubuntu'), ('LESSCLOSE', '/usr/bin/lesspipe %s %s'), ('LC_MEASUREMENT', 'zh_CN.UTF-8'), ('LC_IDENTIFICATION', 'zh_CN.UTF-8'), ('QT_IM_MODULE', 'fcitx'), ('PWD', '/home/hjh/serial_new0122/build/def_msg'), ('XDG_CONFIG_DIRS', '/etc/xdg/xdg-ubuntu:/etc/xdg'), ('CONDA_EXE', '/home/hjh/miniconda3/bin/conda'), ('CLUTTER_IM_MODULE', 'fcitx'), ('DBUS_STARTER_ADDRESS', 'unix:path=/run/user/1000/bus,guid=4bdc633ca0aa5ac165e4d9d869723ee8'), ('XDG_DATA_DIRS', '/usr/share/ubuntu:/usr/local/share/:/usr/share/:/var/lib/snapd/desktop'), ('PYTHONPATH', '/opt/ros/humble/lib/python3.10/site-packages:/opt/ros/humble/local/lib/python3.10/dist-packages'), ('HTTP_PROXY', 'http://127.0.0.1:7890/'), ('LC_NUMERIC', 'en_US.UTF-8'), ('LC_PAPER', 'zh_CN.UTF-8'), ('COLCON', '1'), ('VTE_VERSION', '6800'), ('CMAKE_PREFIX_PATH', '/opt/ros/humble')]), 'shell': False}
[5.923021] (def_msg) StdoutLine: {'line': b'-- Install configuration: ""\n'}
[5.923214] (def_msg) StdoutLine: {'line': b'-- Installing: /home/hjh/serial_new0122/install/def_msg/share/ament_index/resource_index/rosidl_interfaces/def_msg\n'}
[5.923322] (def_msg) StdoutLine: {'line': b'-- Installing: /home/hjh/serial_new0122/install/def_msg/include/def_msg/def_msg\n'}
[5.923423] (def_msg) StdoutLine: {'line': b'-- Installing: /home/hjh/serial_new0122/install/def_msg/include/def_msg/def_msg/srv\n'}
[5.923516] (def_msg) StdoutLine: {'line': b'-- Installing: /home/hjh/serial_new0122/install/def_msg/include/def_msg/def_msg/srv/detail\n'}
[5.923604] (def_msg) StdoutLine: {'line': b'-- Installing: /home/hjh/serial_new0122/install/def_msg/include/def_msg/def_msg/srv/detail/controller_mode_set__functions.h\n'}
[5.923735] (def_msg) StdoutLine: {'line': b'-- Installing: /home/hjh/serial_new0122/install/def_msg/include/def_msg/def_msg/srv/detail/controller_mode_set__struct.h\n'}
[5.923845] (def_msg) StdoutLine: {'line': b'-- Installing: /home/hjh/serial_new0122/install/def_msg/include/def_msg/def_msg/srv/detail/heart_beat__functions.h\n'}
[5.923959] (def_msg) StdoutLine: {'line': b'-- Installing: /home/hjh/serial_new0122/install/def_msg/include/def_msg/def_msg/srv/detail/controller_mode_set__type_support.h\n'}
[5.924089] (def_msg) StdoutLine: {'line': b'-- Installing: /home/hjh/serial_new0122/install/def_msg/include/def_msg/def_msg/srv/detail/controller_mode_set__functions.c\n'}
[5.924200] (def_msg) StdoutLine: {'line': b'-- Installing: /home/hjh/serial_new0122/install/def_msg/include/def_msg/def_msg/srv/detail/heart_beat__struct.h\n'}
[5.924291] (def_msg) StdoutLine: {'line': b'-- Installing: /home/hjh/serial_new0122/install/def_msg/include/def_msg/def_msg/srv/detail/heart_beat__functions.c\n'}
[5.924422] (def_msg) StdoutLine: {'line': b'-- Installing: /home/hjh/serial_new0122/install/def_msg/include/def_msg/def_msg/srv/detail/heart_beat__type_support.h\n'}
[5.924544] (def_msg) StdoutLine: {'line': b'-- Installing: /home/hjh/serial_new0122/install/def_msg/include/def_msg/def_msg/srv/controller_mode_set.h\n'}
[5.924651] (def_msg) StdoutLine: {'line': b'-- Installing: /home/hjh/serial_new0122/install/def_msg/include/def_msg/def_msg/srv/heart_beat.h\n'}
[5.924734] (def_msg) StdoutLine: {'line': b'-- Installing: /home/hjh/serial_new0122/install/def_msg/include/def_msg/def_msg/msg\n'}
[5.924847] (def_msg) StdoutLine: {'line': b'-- Installing: /home/hjh/serial_new0122/install/def_msg/include/def_msg/def_msg/msg/rosidl_generator_c__visibility_control.h\n'}
[5.924964] (def_msg) StdoutLine: {'line': b'-- Installing: /home/hjh/serial_new0122/install/def_msg/include/def_msg/def_msg/msg/gimble_control.h\n'}
[5.925079] (def_msg) StdoutLine: {'line': b'-- Installing: /home/hjh/serial_new0122/install/def_msg/include/def_msg/def_msg/msg/em_control.h\n'}
[5.925172] (def_msg) StdoutLine: {'line': b'-- Installing: /home/hjh/serial_new0122/install/def_msg/include/def_msg/def_msg/msg/detail\n'}
[5.925251] (def_msg) StdoutLine: {'line': b'-- Installing: /home/hjh/serial_new0122/install/def_msg/include/def_msg/def_msg/msg/detail/common_control__type_support.h\n'}
[5.925332] (def_msg) StdoutLine: {'line': b'-- Installing: /home/hjh/serial_new0122/install/def_msg/include/def_msg/def_msg/msg/detail/gimble_position__struct.h\n'}
[5.925431] (def_msg) StdoutLine: {'line': b'-- Installing: /home/hjh/serial_new0122/install/def_msg/include/def_msg/def_msg/msg/detail/gobal_information__functions.c\n'}
[5.925522] (def_msg) StdoutLine: {'line': b'-- Installing: /home/hjh/serial_new0122/install/def_msg/include/def_msg/def_msg/msg/detail/gimble_position__functions.h\n'}
[5.925601] (def_msg) StdoutLine: {'line': b'-- Installing: /home/hjh/serial_new0122/install/def_msg/include/def_msg/def_msg/msg/detail/em_control__functions.h\n'}
[5.925679] (def_msg) StdoutLine: {'line': b'-- Installing: /home/hjh/serial_new0122/install/def_msg/include/def_msg/def_msg/msg/detail/common_control__struct.h\n'}
[5.925759] (def_msg) StdoutLine: {'line': b'-- Installing: /home/hjh/serial_new0122/install/def_msg/include/def_msg/def_msg/msg/detail/gimble_position__type_support.h\n'}
[5.925895] (def_msg) StdoutLine: {'line': b'-- Installing: /home/hjh/serial_new0122/install/def_msg/include/def_msg/def_msg/msg/detail/em_control__type_support.h\n'}
[5.925993] (def_msg) StdoutLine: {'line': b'-- Installing: /home/hjh/serial_new0122/install/def_msg/include/def_msg/def_msg/msg/detail/gimble_control__struct.h\n'}
[5.926105] (def_msg) StdoutLine: {'line': b'-- Installing: /home/hjh/serial_new0122/install/def_msg/include/def_msg/def_msg/msg/detail/gobal_information__struct.h\n'}
[5.926207] (def_msg) StdoutLine: {'line': b'-- Installing: /home/hjh/serial_new0122/install/def_msg/include/def_msg/def_msg/msg/detail/em_control__struct.h\n'}
[5.926295] (def_msg) StdoutLine: {'line': b'-- Installing: /home/hjh/serial_new0122/install/def_msg/include/def_msg/def_msg/msg/detail/gimble_control__functions.h\n'}
[5.926392] (def_msg) StdoutLine: {'line': b'-- Installing: /home/hjh/serial_new0122/install/def_msg/include/def_msg/def_msg/msg/detail/common_control__functions.h\n'}
[5.926492] (def_msg) StdoutLine: {'line': b'-- Installing: /home/hjh/serial_new0122/install/def_msg/include/def_msg/def_msg/msg/detail/em_control__functions.c\n'}
[5.926593] (def_msg) StdoutLine: {'line': b'-- Installing: /home/hjh/serial_new0122/install/def_msg/include/def_msg/def_msg/msg/detail/gobal_information__functions.h\n'}
[5.926694] (def_msg) StdoutLine: {'line': b'-- Installing: /home/hjh/serial_new0122/install/def_msg/include/def_msg/def_msg/msg/detail/gimble_control__functions.c\n'}
[5.926803] (def_msg) StdoutLine: {'line': b'-- Installing: /home/hjh/serial_new0122/install/def_msg/include/def_msg/def_msg/msg/detail/gimble_control__type_support.h\n'}
[5.926916] (def_msg) StdoutLine: {'line': b'-- Installing: /home/hjh/serial_new0122/install/def_msg/include/def_msg/def_msg/msg/detail/gobal_information__type_support.h\n'}
[5.927017] (def_msg) StdoutLine: {'line': b'-- Installing: /home/hjh/serial_new0122/install/def_msg/include/def_msg/def_msg/msg/detail/common_control__functions.c\n'}
[5.927130] (def_msg) StdoutLine: {'line': b'-- Installing: /home/hjh/serial_new0122/install/def_msg/include/def_msg/def_msg/msg/detail/gimble_position__functions.c\n'}
[5.927231] (def_msg) StdoutLine: {'line': b'-- Installing: /home/hjh/serial_new0122/install/def_msg/include/def_msg/def_msg/msg/common_control.h\n'}
[5.927331] (def_msg) StdoutLine: {'line': b'-- Installing: /home/hjh/serial_new0122/install/def_msg/include/def_msg/def_msg/msg/gobal_information.h\n'}
[5.927441] (def_msg) StdoutLine: {'line': b'-- Installing: /home/hjh/serial_new0122/install/def_msg/include/def_msg/def_msg/msg/gimble_position.h\n'}
[5.927539] (def_msg) StdoutLine: {'line': b'-- Installing: /home/hjh/serial_new0122/install/def_msg/include/def_msg/def_msg/action\n'}
[5.927646] (def_msg) StdoutLine: {'line': b'-- Installing: /home/hjh/serial_new0122/install/def_msg/include/def_msg/def_msg/action/detail\n'}
[5.927738] (def_msg) StdoutLine: {'line': b'-- Installing: /home/hjh/serial_new0122/install/def_msg/include/def_msg/def_msg/action/detail/nav_pose__type_support.h\n'}
[5.927859] (def_msg) StdoutLine: {'line': b'-- Installing: /home/hjh/serial_new0122/install/def_msg/include/def_msg/def_msg/action/detail/nav_pose__struct.h\n'}
[5.928079] (def_msg) StdoutLine: {'line': b'-- Installing: /home/hjh/serial_new0122/install/def_msg/include/def_msg/def_msg/action/detail/nav_pose__functions.h\n'}
[5.928179] (def_msg) StdoutLine: {'line': b'-- Installing: /home/hjh/serial_new0122/install/def_msg/include/def_msg/def_msg/action/detail/nav_pose__functions.c\n'}
[5.928216] (def_msg) StdoutLine: {'line': b'-- Installing: /home/hjh/serial_new0122/install/def_msg/include/def_msg/def_msg/action/nav_pose.h\n'}
[5.928284] (def_msg) StdoutLine: {'line': b'-- Installing: /home/hjh/serial_new0122/install/def_msg/share/def_msg/environment/library_path.sh\n'}
[5.928319] (def_msg) StdoutLine: {'line': b'-- Installing: /home/hjh/serial_new0122/install/def_msg/share/def_msg/environment/library_path.dsv\n'}
[5.928350] (def_msg) StdoutLine: {'line': b'-- Installing: /home/hjh/serial_new0122/install/def_msg/lib/libdef_msg__rosidl_generator_c.so\n'}
[5.928380] (def_msg) StdoutLine: {'line': b'-- Set non-toolchain portion of runtime path of "/home/hjh/serial_new0122/install/def_msg/lib/libdef_msg__rosidl_generator_c.so" to ""\n'}
[5.928411] (def_msg) StdoutLine: {'line': b'-- Up-to-date: /home/hjh/serial_new0122/install/def_msg/include/def_msg/def_msg\n'}
[5.928441] (def_msg) StdoutLine: {'line': b'-- Up-to-date: /home/hjh/serial_new0122/install/def_msg/include/def_msg/def_msg/srv\n'}
[5.928470] (def_msg) StdoutLine: {'line': b'-- Up-to-date: /home/hjh/serial_new0122/install/def_msg/include/def_msg/def_msg/srv/detail\n'}
[5.928499] (def_msg) StdoutLine: {'line': b'-- Installing: /home/hjh/serial_new0122/install/def_msg/include/def_msg/def_msg/srv/detail/controller_mode_set__rosidl_typesupport_fastrtps_c.h\n'}
[5.928550] (def_msg) StdoutLine: {'line': b'-- Installing: /home/hjh/serial_new0122/install/def_msg/include/def_msg/def_msg/srv/detail/heart_beat__rosidl_typesupport_fastrtps_c.h\n'}
[5.928580] (def_msg) StdoutLine: {'line': b'-- Up-to-date: /home/hjh/serial_new0122/install/def_msg/include/def_msg/def_msg/msg\n'}
[5.928609] (def_msg) StdoutLine: {'line': b'-- Up-to-date: /home/hjh/serial_new0122/install/def_msg/include/def_msg/def_msg/msg/detail\n'}
[5.928638] (def_msg) StdoutLine: {'line': b'-- Installing: /home/hjh/serial_new0122/install/def_msg/include/def_msg/def_msg/msg/detail/gimble_control__rosidl_typesupport_fastrtps_c.h\n'}
[5.928666] (def_msg) StdoutLine: {'line': b'-- Installing: /home/hjh/serial_new0122/install/def_msg/include/def_msg/def_msg/msg/detail/gimble_position__rosidl_typesupport_fastrtps_c.h\n'}
[5.928693] (def_msg) StdoutLine: {'line': b'-- Installing: /home/hjh/serial_new0122/install/def_msg/include/def_msg/def_msg/msg/detail/em_control__rosidl_typesupport_fastrtps_c.h\n'}
[5.928722] (def_msg) StdoutLine: {'line': b'-- Installing: /home/hjh/serial_new0122/install/def_msg/include/def_msg/def_msg/msg/detail/gobal_information__rosidl_typesupport_fastrtps_c.h\n'}
[5.928749] (def_msg) StdoutLine: {'line': b'-- Installing: /home/hjh/serial_new0122/install/def_msg/include/def_msg/def_msg/msg/detail/common_control__rosidl_typesupport_fastrtps_c.h\n'}
[5.928778] (def_msg) StdoutLine: {'line': b'-- Installing: /home/hjh/serial_new0122/install/def_msg/include/def_msg/def_msg/msg/rosidl_typesupport_fastrtps_c__visibility_control.h\n'}
[5.928807] (def_msg) StdoutLine: {'line': b'-- Up-to-date: /home/hjh/serial_new0122/install/def_msg/include/def_msg/def_msg/action\n'}
[5.928842] (def_msg) StdoutLine: {'line': b'-- Up-to-date: /home/hjh/serial_new0122/install/def_msg/include/def_msg/def_msg/action/detail\n'}
[5.928871] (def_msg) StdoutLine: {'line': b'-- Installing: /home/hjh/serial_new0122/install/def_msg/include/def_msg/def_msg/action/detail/nav_pose__rosidl_typesupport_fastrtps_c.h\n'}
[5.928902] (def_msg) StdoutLine: {'line': b'-- Installing: /home/hjh/serial_new0122/install/def_msg/lib/libdef_msg__rosidl_typesupport_fastrtps_c.so\n'}
[5.928931] (def_msg) StdoutLine: {'line': b'-- Set non-toolchain portion of runtime path of "/home/hjh/serial_new0122/install/def_msg/lib/libdef_msg__rosidl_typesupport_fastrtps_c.so" to ""\n'}
[5.928999] (def_msg) StdoutLine: {'line': b'-- Up-to-date: /home/hjh/serial_new0122/install/def_msg/include/def_msg/def_msg\n'}
[5.929034] (def_msg) StdoutLine: {'line': b'-- Up-to-date: /home/hjh/serial_new0122/install/def_msg/include/def_msg/def_msg/srv\n'}
[5.929077] (def_msg) StdoutLine: {'line': b'-- Installing: /home/hjh/serial_new0122/install/def_msg/include/def_msg/def_msg/srv/heart_beat.hpp\n'}
[5.929108] (def_msg) StdoutLine: {'line': b'-- Up-to-date: /home/hjh/serial_new0122/install/def_msg/include/def_msg/def_msg/srv/detail\n'}
[5.929148] (def_msg) StdoutLine: {'line': b'-- Installing: /home/hjh/serial_new0122/install/def_msg/include/def_msg/def_msg/srv/detail/controller_mode_set__traits.hpp\n'}
[5.929178] (def_msg) StdoutLine: {'line': b'-- Installing: /home/hjh/serial_new0122/install/def_msg/include/def_msg/def_msg/srv/detail/controller_mode_set__type_support.hpp\n'}
[5.929207] (def_msg) StdoutLine: {'line': b'-- Installing: /home/hjh/serial_new0122/install/def_msg/include/def_msg/def_msg/srv/detail/heart_beat__type_support.hpp\n'}
[5.929238] (def_msg) StdoutLine: {'line': b'-- Installing: /home/hjh/serial_new0122/install/def_msg/include/def_msg/def_msg/srv/detail/heart_beat__struct.hpp\n'}
[5.929269] (def_msg) StdoutLine: {'line': b'-- Installing: /home/hjh/serial_new0122/install/def_msg/include/def_msg/def_msg/srv/detail/heart_beat__traits.hpp\n'}
[5.929298] (def_msg) StdoutLine: {'line': b'-- Installing: /home/hjh/serial_new0122/install/def_msg/include/def_msg/def_msg/srv/detail/heart_beat__builder.hpp\n'}
[5.929327] (def_msg) StdoutLine: {'line': b'-- Installing: /home/hjh/serial_new0122/install/def_msg/include/def_msg/def_msg/srv/detail/controller_mode_set__builder.hpp\n'}
[5.929357] (def_msg) StdoutLine: {'line': b'-- Installing: /home/hjh/serial_new0122/install/def_msg/include/def_msg/def_msg/srv/detail/controller_mode_set__struct.hpp\n'}
[5.929386] (def_msg) StdoutLine: {'line': b'-- Installing: /home/hjh/serial_new0122/install/def_msg/include/def_msg/def_msg/srv/controller_mode_set.hpp\n'}
[5.929415] (def_msg) StdoutLine: {'line': b'-- Up-to-date: /home/hjh/serial_new0122/install/def_msg/include/def_msg/def_msg/msg\n'}
[5.929472] (def_msg) StdoutLine: {'line': b'-- Installing: /home/hjh/serial_new0122/install/def_msg/include/def_msg/def_msg/msg/gimble_position.hpp\n'}
[5.929499] (def_msg) StdoutLine: {'line': b'-- Up-to-date: /home/hjh/serial_new0122/install/def_msg/include/def_msg/def_msg/msg/detail\n'}
[5.929528] (def_msg) StdoutLine: {'line': b'-- Installing: /home/hjh/serial_new0122/install/def_msg/include/def_msg/def_msg/msg/detail/common_control__builder.hpp\n'}
[5.929557] (def_msg) StdoutLine: {'line': b'-- Installing: /home/hjh/serial_new0122/install/def_msg/include/def_msg/def_msg/msg/detail/common_control__type_support.hpp\n'}
[5.929584] (def_msg) StdoutLine: {'line': b'-- Installing: /home/hjh/serial_new0122/install/def_msg/include/def_msg/def_msg/msg/detail/gobal_information__type_support.hpp\n'}
[5.929626] (def_msg) StdoutLine: {'line': b'-- Installing: /home/hjh/serial_new0122/install/def_msg/include/def_msg/def_msg/msg/detail/gimble_control__builder.hpp\n'}
[5.929657] (def_msg) StdoutLine: {'line': b'-- Installing: /home/hjh/serial_new0122/install/def_msg/include/def_msg/def_msg/msg/detail/gobal_information__struct.hpp\n'}
[5.929687] (def_msg) StdoutLine: {'line': b'-- Installing: /home/hjh/serial_new0122/install/def_msg/include/def_msg/def_msg/msg/detail/em_control__builder.hpp\n'}
[5.929716] (def_msg) StdoutLine: {'line': b'-- Installing: /home/hjh/serial_new0122/install/def_msg/include/def_msg/def_msg/msg/detail/em_control__type_support.hpp\n'}
[5.929745] (def_msg) StdoutLine: {'line': b'-- Installing: /home/hjh/serial_new0122/install/def_msg/include/def_msg/def_msg/msg/detail/gimble_position__struct.hpp\n'}
[5.929775] (def_msg) StdoutLine: {'line': b'-- Installing: /home/hjh/serial_new0122/install/def_msg/include/def_msg/def_msg/msg/detail/em_control__traits.hpp\n'}
[5.929804] (def_msg) StdoutLine: {'line': b'-- Installing: /home/hjh/serial_new0122/install/def_msg/include/def_msg/def_msg/msg/detail/gimble_control__struct.hpp\n'}
[5.929839] (def_msg) StdoutLine: {'line': b'-- Installing: /home/hjh/serial_new0122/install/def_msg/include/def_msg/def_msg/msg/detail/gimble_control__traits.hpp\n'}
[5.929868] (def_msg) StdoutLine: {'line': b'-- Installing: /home/hjh/serial_new0122/install/def_msg/include/def_msg/def_msg/msg/detail/gimble_position__type_support.hpp\n'}
[5.929897] (def_msg) StdoutLine: {'line': b'-- Installing: /home/hjh/serial_new0122/install/def_msg/include/def_msg/def_msg/msg/detail/gobal_information__traits.hpp\n'}
[5.929945] (def_msg) StdoutLine: {'line': b'-- Installing: /home/hjh/serial_new0122/install/def_msg/include/def_msg/def_msg/msg/detail/gobal_information__builder.hpp\n'}
[5.929973] (def_msg) StdoutLine: {'line': b'-- Installing: /home/hjh/serial_new0122/install/def_msg/include/def_msg/def_msg/msg/detail/common_control__struct.hpp\n'}
[5.930002] (def_msg) StdoutLine: {'line': b'-- Installing: /home/hjh/serial_new0122/install/def_msg/include/def_msg/def_msg/msg/detail/gimble_position__traits.hpp\n'}
[5.930032] (def_msg) StdoutLine: {'line': b'-- Installing: /home/hjh/serial_new0122/install/def_msg/include/def_msg/def_msg/msg/detail/gimble_position__builder.hpp\n'}
[5.930062] (def_msg) StdoutLine: {'line': b'-- Installing: /home/hjh/serial_new0122/install/def_msg/include/def_msg/def_msg/msg/detail/gimble_control__type_support.hpp\n'}
[5.930092] (def_msg) StdoutLine: {'line': b'-- Installing: /home/hjh/serial_new0122/install/def_msg/include/def_msg/def_msg/msg/detail/em_control__struct.hpp\n'}
[5.930121] (def_msg) StdoutLine: {'line': b'-- Installing: /home/hjh/serial_new0122/install/def_msg/include/def_msg/def_msg/msg/detail/common_control__traits.hpp\n'}
[5.930149] (def_msg) StdoutLine: {'line': b'-- Installing: /home/hjh/serial_new0122/install/def_msg/include/def_msg/def_msg/msg/em_control.hpp\n'}
[5.930179] (def_msg) StdoutLine: {'line': b'-- Installing: /home/hjh/serial_new0122/install/def_msg/include/def_msg/def_msg/msg/gobal_information.hpp\n'}
[5.930232] (def_msg) StdoutLine: {'line': b'-- Installing: /home/hjh/serial_new0122/install/def_msg/include/def_msg/def_msg/msg/rosidl_generator_cpp__visibility_control.hpp\n'}
[5.930260] (def_msg) StdoutLine: {'line': b'-- Installing: /home/hjh/serial_new0122/install/def_msg/include/def_msg/def_msg/msg/gimble_control.hpp\n'}
[5.930289] (def_msg) StdoutLine: {'line': b'-- Installing: /home/hjh/serial_new0122/install/def_msg/include/def_msg/def_msg/msg/common_control.hpp\n'}
[5.930320] (def_msg) StdoutLine: {'line': b'-- Up-to-date: /home/hjh/serial_new0122/install/def_msg/include/def_msg/def_msg/action\n'}
[5.930348] (def_msg) StdoutLine: {'line': b'-- Up-to-date: /home/hjh/serial_new0122/install/def_msg/include/def_msg/def_msg/action/detail\n'}
[5.930377] (def_msg) StdoutLine: {'line': b'-- Installing: /home/hjh/serial_new0122/install/def_msg/include/def_msg/def_msg/action/detail/nav_pose__type_support.hpp\n'}
[5.930405] (def_msg) StdoutLine: {'line': b'-- Installing: /home/hjh/serial_new0122/install/def_msg/include/def_msg/def_msg/action/detail/nav_pose__struct.hpp\n'}
[5.930433] (def_msg) StdoutLine: {'line': b'-- Installing: /home/hjh/serial_new0122/install/def_msg/include/def_msg/def_msg/action/detail/nav_pose__traits.hpp\n'}
[5.930461] (def_msg) StdoutLine: {'line': b'-- Installing: /home/hjh/serial_new0122/install/def_msg/include/def_msg/def_msg/action/detail/nav_pose__builder.hpp\n'}
[5.930488] (def_msg) StdoutLine: {'line': b'-- Installing: /home/hjh/serial_new0122/install/def_msg/include/def_msg/def_msg/action/nav_pose.hpp\n'}
[5.930515] (def_msg) StdoutLine: {'line': b'-- Up-to-date: /home/hjh/serial_new0122/install/def_msg/include/def_msg/def_msg\n'}
[5.930542] (def_msg) StdoutLine: {'line': b'-- Up-to-date: /home/hjh/serial_new0122/install/def_msg/include/def_msg/def_msg/srv\n'}
[5.930569] (def_msg) StdoutLine: {'line': b'-- Up-to-date: /home/hjh/serial_new0122/install/def_msg/include/def_msg/def_msg/srv/detail\n'}
[5.930608] (def_msg) StdoutLine: {'line': b'-- Installing: /home/hjh/serial_new0122/install/def_msg/include/def_msg/def_msg/srv/detail/dds_fastrtps\n'}
[5.930636] (def_msg) StdoutLine: {'line': b'-- Installing: /home/hjh/serial_new0122/install/def_msg/include/def_msg/def_msg/srv/detail/controller_mode_set__rosidl_typesupport_fastrtps_cpp.hpp\n'}
[5.930690] (def_msg) StdoutLine: {'line': b'-- Installing: /home/hjh/serial_new0122/install/def_msg/include/def_msg/def_msg/srv/detail/heart_beat__rosidl_typesupport_fastrtps_cpp.hpp\n'}
[5.930719] (def_msg) StdoutLine: {'line': b'-- Up-to-date: /home/hjh/serial_new0122/install/def_msg/include/def_msg/def_msg/msg\n'}
[5.930747] (def_msg) StdoutLine: {'line': b'-- Up-to-date: /home/hjh/serial_new0122/install/def_msg/include/def_msg/def_msg/msg/detail\n'}
[5.930774] (def_msg) StdoutLine: {'line': b'-- Installing: /home/hjh/serial_new0122/install/def_msg/include/def_msg/def_msg/msg/detail/dds_fastrtps\n'}
[5.930802] (def_msg) StdoutLine: {'line': b'-- Installing: /home/hjh/serial_new0122/install/def_msg/include/def_msg/def_msg/msg/detail/em_control__rosidl_typesupport_fastrtps_cpp.hpp\n'}
[5.930838] (def_msg) StdoutLine: {'line': b'-- Installing: /home/hjh/serial_new0122/install/def_msg/include/def_msg/def_msg/msg/detail/gobal_information__rosidl_typesupport_fastrtps_cpp.hpp\n'}
[5.930867] (def_msg) StdoutLine: {'line': b'-- Installing: /home/hjh/serial_new0122/install/def_msg/include/def_msg/def_msg/msg/detail/gimble_position__rosidl_typesupport_fastrtps_cpp.hpp\n'}
[5.930895] (def_msg) StdoutLine: {'line': b'-- Installing: /home/hjh/serial_new0122/install/def_msg/include/def_msg/def_msg/msg/detail/common_control__rosidl_typesupport_fastrtps_cpp.hpp\n'}
[5.930922] (def_msg) StdoutLine: {'line': b'-- Installing: /home/hjh/serial_new0122/install/def_msg/include/def_msg/def_msg/msg/detail/gimble_control__rosidl_typesupport_fastrtps_cpp.hpp\n'}
[5.930950] (def_msg) StdoutLine: {'line': b'-- Installing: /home/hjh/serial_new0122/install/def_msg/include/def_msg/def_msg/msg/rosidl_typesupport_fastrtps_cpp__visibility_control.h\n'}
[5.930978] (def_msg) StdoutLine: {'line': b'-- Up-to-date: /home/hjh/serial_new0122/install/def_msg/include/def_msg/def_msg/action\n'}
[5.931007] (def_msg) StdoutLine: {'line': b'-- Up-to-date: /home/hjh/serial_new0122/install/def_msg/include/def_msg/def_msg/action/detail\n'}
[5.931035] (def_msg) StdoutLine: {'line': b'-- Installing: /home/hjh/serial_new0122/install/def_msg/include/def_msg/def_msg/action/detail/dds_fastrtps\n'}
[5.931064] (def_msg) StdoutLine: {'line': b'-- Installing: /home/hjh/serial_new0122/install/def_msg/include/def_msg/def_msg/action/detail/nav_pose__rosidl_typesupport_fastrtps_cpp.hpp\n'}
[5.931091] (def_msg) StdoutLine: {'line': b'-- Installing: /home/hjh/serial_new0122/install/def_msg/lib/libdef_msg__rosidl_typesupport_fastrtps_cpp.so\n'}
[5.931119] (def_msg) StdoutLine: {'line': b'-- Set non-toolchain portion of runtime path of "/home/hjh/serial_new0122/install/def_msg/lib/libdef_msg__rosidl_typesupport_fastrtps_cpp.so" to ""\n'}
[5.931146] (def_msg) StdoutLine: {'line': b'-- Up-to-date: /home/hjh/serial_new0122/install/def_msg/include/def_msg/def_msg\n'}
[5.931174] (def_msg) StdoutLine: {'line': b'-- Up-to-date: /home/hjh/serial_new0122/install/def_msg/include/def_msg/def_msg/srv\n'}
[5.931202] (def_msg) StdoutLine: {'line': b'-- Up-to-date: /home/hjh/serial_new0122/install/def_msg/include/def_msg/def_msg/srv/detail\n'}
[5.931230] (def_msg) StdoutLine: {'line': b'-- Installing: /home/hjh/serial_new0122/install/def_msg/include/def_msg/def_msg/srv/detail/heart_beat__type_support.c\n'}
[5.931257] (def_msg) StdoutLine: {'line': b'-- Installing: /home/hjh/serial_new0122/install/def_msg/include/def_msg/def_msg/srv/detail/controller_mode_set__rosidl_typesupport_introspection_c.h\n'}
[5.931309] (def_msg) StdoutLine: {'line': b'-- Installing: /home/hjh/serial_new0122/install/def_msg/include/def_msg/def_msg/srv/detail/controller_mode_set__type_support.c\n'}
[5.931338] (def_msg) StdoutLine: {'line': b'-- Installing: /home/hjh/serial_new0122/install/def_msg/include/def_msg/def_msg/srv/detail/heart_beat__rosidl_typesupport_introspection_c.h\n'}
[5.931367] (def_msg) StdoutLine: {'line': b'-- Up-to-date: /home/hjh/serial_new0122/install/def_msg/include/def_msg/def_msg/msg\n'}
[5.931396] (def_msg) StdoutLine: {'line': b'-- Up-to-date: /home/hjh/serial_new0122/install/def_msg/include/def_msg/def_msg/msg/detail\n'}
[5.931425] (def_msg) StdoutLine: {'line': b'-- Installing: /home/hjh/serial_new0122/install/def_msg/include/def_msg/def_msg/msg/detail/common_control__rosidl_typesupport_introspection_c.h\n'}
[5.931468] (def_msg) StdoutLine: {'line': b'-- Installing: /home/hjh/serial_new0122/install/def_msg/include/def_msg/def_msg/msg/detail/gobal_information__type_support.c\n'}
[5.931497] (def_msg) StdoutLine: {'line': b'-- Installing: /home/hjh/serial_new0122/install/def_msg/include/def_msg/def_msg/msg/detail/common_control__type_support.c\n'}
[5.931525] (def_msg) StdoutLine: {'line': b'-- Installing: /home/hjh/serial_new0122/install/def_msg/include/def_msg/def_msg/msg/detail/gimble_control__type_support.c\n'}
[5.931553] (def_msg) StdoutLine: {'line': b'-- Installing: /home/hjh/serial_new0122/install/def_msg/include/def_msg/def_msg/msg/detail/gobal_information__rosidl_typesupport_introspection_c.h\n'}
[5.931580] (def_msg) StdoutLine: {'line': b'-- Installing: /home/hjh/serial_new0122/install/def_msg/include/def_msg/def_msg/msg/detail/gimble_position__rosidl_typesupport_introspection_c.h\n'}
[5.931608] (def_msg) StdoutLine: {'line': b'-- Installing: /home/hjh/serial_new0122/install/def_msg/include/def_msg/def_msg/msg/detail/em_control__type_support.c\n'}
[5.931655] (def_msg) StdoutLine: {'line': b'-- Installing: /home/hjh/serial_new0122/install/def_msg/include/def_msg/def_msg/msg/detail/em_control__rosidl_typesupport_introspection_c.h\n'}
[5.931683] (def_msg) StdoutLine: {'line': b'-- Installing: /home/hjh/serial_new0122/install/def_msg/include/def_msg/def_msg/msg/detail/gimble_control__rosidl_typesupport_introspection_c.h\n'}
[5.931710] (def_msg) StdoutLine: {'line': b'-- Installing: /home/hjh/serial_new0122/install/def_msg/include/def_msg/def_msg/msg/detail/gimble_position__type_support.c\n'}
[5.931738] (def_msg) StdoutLine: {'line': b'-- Installing: /home/hjh/serial_new0122/install/def_msg/include/def_msg/def_msg/msg/rosidl_typesupport_introspection_c__visibility_control.h\n'}
[5.931766] (def_msg) StdoutLine: {'line': b'-- Up-to-date: /home/hjh/serial_new0122/install/def_msg/include/def_msg/def_msg/action\n'}
[5.931794] (def_msg) StdoutLine: {'line': b'-- Up-to-date: /home/hjh/serial_new0122/install/def_msg/include/def_msg/def_msg/action/detail\n'}
[5.931900] (def_msg) StdoutLine: {'line': b'-- Installing: /home/hjh/serial_new0122/install/def_msg/include/def_msg/def_msg/action/detail/nav_pose__type_support.c\n'}
[5.931931] (def_msg) StdoutLine: {'line': b'-- Installing: /home/hjh/serial_new0122/install/def_msg/include/def_msg/def_msg/action/detail/nav_pose__rosidl_typesupport_introspection_c.h\n'}
[5.931963] (def_msg) StdoutLine: {'line': b'-- Installing: /home/hjh/serial_new0122/install/def_msg/lib/libdef_msg__rosidl_typesupport_introspection_c.so\n'}
[5.931991] (def_msg) StdoutLine: {'line': b'-- Set non-toolchain portion of runtime path of "/home/hjh/serial_new0122/install/def_msg/lib/libdef_msg__rosidl_typesupport_introspection_c.so" to ""\n'}
[5.932020] (def_msg) StdoutLine: {'line': b'-- Installing: /home/hjh/serial_new0122/install/def_msg/lib/libdef_msg__rosidl_typesupport_c.so\n'}
[5.932047] (def_msg) StdoutLine: {'line': b'-- Set non-toolchain portion of runtime path of "/home/hjh/serial_new0122/install/def_msg/lib/libdef_msg__rosidl_typesupport_c.so" to ""\n'}
[5.932075] (def_msg) StdoutLine: {'line': b'-- Up-to-date: /home/hjh/serial_new0122/install/def_msg/include/def_msg/def_msg\n'}
[5.932103] (def_msg) StdoutLine: {'line': b'-- Up-to-date: /home/hjh/serial_new0122/install/def_msg/include/def_msg/def_msg/srv\n'}
[5.932129] (def_msg) StdoutLine: {'line': b'-- Up-to-date: /home/hjh/serial_new0122/install/def_msg/include/def_msg/def_msg/srv/detail\n'}
[5.932157] (def_msg) StdoutLine: {'line': b'-- Installing: /home/hjh/serial_new0122/install/def_msg/include/def_msg/def_msg/srv/detail/controller_mode_set__rosidl_typesupport_introspection_cpp.hpp\n'}
[5.932186] (def_msg) StdoutLine: {'line': b'-- Installing: /home/hjh/serial_new0122/install/def_msg/include/def_msg/def_msg/srv/detail/heart_beat__type_support.cpp\n'}
[5.932213] (def_msg) StdoutLine: {'line': b'-- Installing: /home/hjh/serial_new0122/install/def_msg/include/def_msg/def_msg/srv/detail/heart_beat__rosidl_typesupport_introspection_cpp.hpp\n'}
[5.932252] (def_msg) StdoutLine: {'line': b'-- Installing: /home/hjh/serial_new0122/install/def_msg/include/def_msg/def_msg/srv/detail/controller_mode_set__type_support.cpp\n'}
[5.932279] (def_msg) StdoutLine: {'line': b'-- Up-to-date: /home/hjh/serial_new0122/install/def_msg/include/def_msg/def_msg/msg\n'}
[5.932307] (def_msg) StdoutLine: {'line': b'-- Up-to-date: /home/hjh/serial_new0122/install/def_msg/include/def_msg/def_msg/msg/detail\n'}
[5.932336] (def_msg) StdoutLine: {'line': b'-- Installing: /home/hjh/serial_new0122/install/def_msg/include/def_msg/def_msg/msg/detail/gobal_information__rosidl_typesupport_introspection_cpp.hpp\n'}
[5.932363] (def_msg) StdoutLine: {'line': b'-- Installing: /home/hjh/serial_new0122/install/def_msg/include/def_msg/def_msg/msg/detail/gimble_position__type_support.cpp\n'}
[5.932417] (def_msg) StdoutLine: {'line': b'-- Installing: /home/hjh/serial_new0122/install/def_msg/include/def_msg/def_msg/msg/detail/gimble_control__rosidl_typesupport_introspection_cpp.hpp\n'}
[5.932444] (def_msg) StdoutLine: {'line': b'-- Installing: /home/hjh/serial_new0122/install/def_msg/include/def_msg/def_msg/msg/detail/common_control__type_support.cpp\n'}
[5.932473] (def_msg) StdoutLine: {'line': b'-- Installing: /home/hjh/serial_new0122/install/def_msg/include/def_msg/def_msg/msg/detail/gobal_information__type_support.cpp\n'}
[5.932502] (def_msg) StdoutLine: {'line': b'-- Installing: /home/hjh/serial_new0122/install/def_msg/include/def_msg/def_msg/msg/detail/em_control__type_support.cpp\n'}
[5.932531] (def_msg) StdoutLine: {'line': b'-- Installing: /home/hjh/serial_new0122/install/def_msg/include/def_msg/def_msg/msg/detail/em_control__rosidl_typesupport_introspection_cpp.hpp\n'}
[5.932558] (def_msg) StdoutLine: {'line': b'-- Installing: /home/hjh/serial_new0122/install/def_msg/include/def_msg/def_msg/msg/detail/gimble_position__rosidl_typesupport_introspection_cpp.hpp\n'}
[5.932586] (def_msg) StdoutLine: {'line': b'-- Installing: /home/hjh/serial_new0122/install/def_msg/include/def_msg/def_msg/msg/detail/gimble_control__type_support.cpp\n'}
[5.932614] (def_msg) StdoutLine: {'line': b'-- Installing: /home/hjh/serial_new0122/install/def_msg/include/def_msg/def_msg/msg/detail/common_control__rosidl_typesupport_introspection_cpp.hpp\n'}
[5.932662] (def_msg) StdoutLine: {'line': b'-- Up-to-date: /home/hjh/serial_new0122/install/def_msg/include/def_msg/def_msg/action\n'}
[5.932697] (def_msg) StdoutLine: {'line': b'-- Up-to-date: /home/hjh/serial_new0122/install/def_msg/include/def_msg/def_msg/action/detail\n'}
[5.932725] (def_msg) StdoutLine: {'line': b'-- Installing: /home/hjh/serial_new0122/install/def_msg/include/def_msg/def_msg/action/detail/nav_pose__rosidl_typesupport_introspection_cpp.hpp\n'}
[5.932767] (def_msg) StdoutLine: {'line': b'-- Installing: /home/hjh/serial_new0122/install/def_msg/include/def_msg/def_msg/action/detail/nav_pose__type_support.cpp\n'}
[5.932793] (def_msg) StdoutLine: {'line': b'-- Installing: /home/hjh/serial_new0122/install/def_msg/lib/libdef_msg__rosidl_typesupport_introspection_cpp.so\n'}
[5.932834] (def_msg) StdoutLine: {'line': b'-- Set non-toolchain portion of runtime path of "/home/hjh/serial_new0122/install/def_msg/lib/libdef_msg__rosidl_typesupport_introspection_cpp.so" to ""\n'}
[5.932865] (def_msg) StdoutLine: {'line': b'-- Installing: /home/hjh/serial_new0122/install/def_msg/lib/libdef_msg__rosidl_typesupport_cpp.so\n'}
[5.932893] (def_msg) StdoutLine: {'line': b'-- Set non-toolchain portion of runtime path of "/home/hjh/serial_new0122/install/def_msg/lib/libdef_msg__rosidl_typesupport_cpp.so" to ""\n'}
[5.932921] (def_msg) StdoutLine: {'line': b'-- Installing: /home/hjh/serial_new0122/install/def_msg/share/def_msg/environment/pythonpath.sh\n'}
[5.932949] (def_msg) StdoutLine: {'line': b'-- Installing: /home/hjh/serial_new0122/install/def_msg/share/def_msg/environment/pythonpath.dsv\n'}
[5.932977] (def_msg) StdoutLine: {'line': b'-- Installing: /home/hjh/serial_new0122/install/def_msg/local/lib/python3.10/dist-packages/def_msg-0.0.0-py3.10.egg-info\n'}
[5.933021] (def_msg) StdoutLine: {'line': b'-- Installing: /home/hjh/serial_new0122/install/def_msg/local/lib/python3.10/dist-packages/def_msg-0.0.0-py3.10.egg-info/dependency_links.txt\n'}
[5.933049] (def_msg) StdoutLine: {'line': b'-- Installing: /home/hjh/serial_new0122/install/def_msg/local/lib/python3.10/dist-packages/def_msg-0.0.0-py3.10.egg-info/PKG-INFO\n'}
[5.933076] (def_msg) StdoutLine: {'line': b'-- Installing: /home/hjh/serial_new0122/install/def_msg/local/lib/python3.10/dist-packages/def_msg-0.0.0-py3.10.egg-info/SOURCES.txt\n'}
[5.933104] (def_msg) StdoutLine: {'line': b'-- Installing: /home/hjh/serial_new0122/install/def_msg/local/lib/python3.10/dist-packages/def_msg-0.0.0-py3.10.egg-info/top_level.txt\n'}
[5.933133] (def_msg) StdoutLine: {'line': b'-- Installing: /home/hjh/serial_new0122/install/def_msg/local/lib/python3.10/dist-packages/def_msg\n'}
[5.933160] (def_msg) StdoutLine: {'line': b'-- Installing: /home/hjh/serial_new0122/install/def_msg/local/lib/python3.10/dist-packages/def_msg/_def_msg_s.ep.rosidl_typesupport_c.c\n'}
[5.933188] (def_msg) StdoutLine: {'line': b'-- Installing: /home/hjh/serial_new0122/install/def_msg/local/lib/python3.10/dist-packages/def_msg/def_msg_s__rosidl_typesupport_introspection_c.cpython-310-x86_64-linux-gnu.so\n'}
[5.933216] (def_msg) StdoutLine: {'line': b'-- Installing: /home/hjh/serial_new0122/install/def_msg/local/lib/python3.10/dist-packages/def_msg/def_msg_s__rosidl_typesupport_fastrtps_c.cpython-310-x86_64-linux-gnu.so\n'}
[5.933244] (def_msg) StdoutLine: {'line': b'-- Installing: /home/hjh/serial_new0122/install/def_msg/local/lib/python3.10/dist-packages/def_msg/_def_msg_s.ep.rosidl_typesupport_introspection_c.c\n'}
[5.933272] (def_msg) StdoutLine: {'line': b'-- Installing: /home/hjh/serial_new0122/install/def_msg/local/lib/python3.10/dist-packages/def_msg/__init__.py\n'}
[5.933299] (def_msg) StdoutLine: {'line': b'-- Installing: /home/hjh/serial_new0122/install/def_msg/local/lib/python3.10/dist-packages/def_msg/srv\n'}
[5.933326] (def_msg) StdoutLine: {'line': b'-- Installing: /home/hjh/serial_new0122/install/def_msg/local/lib/python3.10/dist-packages/def_msg/srv/_heart_beat.py\n'}
[5.933354] (def_msg) StdoutLine: {'line': b'-- Installing: /home/hjh/serial_new0122/install/def_msg/local/lib/python3.10/dist-packages/def_msg/srv/_controller_mode_set.py\n'}
[5.933391] (def_msg) StdoutLine: {'line': b'-- Installing: /home/hjh/serial_new0122/install/def_msg/local/lib/python3.10/dist-packages/def_msg/srv/_heart_beat_s.c\n'}
[5.933417] (def_msg) StdoutLine: {'line': b'-- Installing: /home/hjh/serial_new0122/install/def_msg/local/lib/python3.10/dist-packages/def_msg/srv/_controller_mode_set_s.c\n'}
[5.933442] (def_msg) StdoutLine: {'line': b'-- Installing: /home/hjh/serial_new0122/install/def_msg/local/lib/python3.10/dist-packages/def_msg/srv/__init__.py\n'}
[5.933467] (def_msg) StdoutLine: {'line': b'-- Installing: /home/hjh/serial_new0122/install/def_msg/local/lib/python3.10/dist-packages/def_msg/_def_msg_s.ep.rosidl_typesupport_fastrtps_c.c\n'}
[5.933492] (def_msg) StdoutLine: {'line': b'-- Installing: /home/hjh/serial_new0122/install/def_msg/local/lib/python3.10/dist-packages/def_msg/def_msg_s__rosidl_typesupport_c.cpython-310-x86_64-linux-gnu.so\n'}
[5.933517] (def_msg) StdoutLine: {'line': b'-- Installing: /home/hjh/serial_new0122/install/def_msg/local/lib/python3.10/dist-packages/def_msg/libdef_msg__rosidl_generator_py.so\n'}
[5.933544] (def_msg) StdoutLine: {'line': b'-- Installing: /home/hjh/serial_new0122/install/def_msg/local/lib/python3.10/dist-packages/def_msg/msg\n'}
[5.933570] (def_msg) StdoutLine: {'line': b'-- Installing: /home/hjh/serial_new0122/install/def_msg/local/lib/python3.10/dist-packages/def_msg/msg/_gobal_information_s.c\n'}
[5.933595] (def_msg) StdoutLine: {'line': b'-- Installing: /home/hjh/serial_new0122/install/def_msg/local/lib/python3.10/dist-packages/def_msg/msg/_common_control.py\n'}
[5.933620] (def_msg) StdoutLine: {'line': b'-- Installing: /home/hjh/serial_new0122/install/def_msg/local/lib/python3.10/dist-packages/def_msg/msg/_gimble_control_s.c\n'}
[5.933646] (def_msg) StdoutLine: {'line': b'-- Installing: /home/hjh/serial_new0122/install/def_msg/local/lib/python3.10/dist-packages/def_msg/msg/_gimble_position_s.c\n'}
[5.933672] (def_msg) StdoutLine: {'line': b'-- Installing: /home/hjh/serial_new0122/install/def_msg/local/lib/python3.10/dist-packages/def_msg/msg/__init__.py\n'}
[5.933697] (def_msg) StdoutLine: {'line': b'-- Installing: /home/hjh/serial_new0122/install/def_msg/local/lib/python3.10/dist-packages/def_msg/msg/_common_control_s.c\n'}
[5.933722] (def_msg) StdoutLine: {'line': b'-- Installing: /home/hjh/serial_new0122/install/def_msg/local/lib/python3.10/dist-packages/def_msg/msg/_gobal_information.py\n'}
[5.933746] (def_msg) StdoutLine: {'line': b'-- Installing: /home/hjh/serial_new0122/install/def_msg/local/lib/python3.10/dist-packages/def_msg/msg/_gimble_position.py\n'}
[5.933771] (def_msg) StdoutLine: {'line': b'-- Installing: /home/hjh/serial_new0122/install/def_msg/local/lib/python3.10/dist-packages/def_msg/msg/_em_control.py\n'}
[5.933796] (def_msg) StdoutLine: {'line': b'-- Installing: /home/hjh/serial_new0122/install/def_msg/local/lib/python3.10/dist-packages/def_msg/msg/_em_control_s.c\n'}
[5.933824] (def_msg) StdoutLine: {'line': b'-- Installing: /home/hjh/serial_new0122/install/def_msg/local/lib/python3.10/dist-packages/def_msg/msg/_gimble_control.py\n'}
[5.933850] (def_msg) StdoutLine: {'line': b'-- Installing: /home/hjh/serial_new0122/install/def_msg/local/lib/python3.10/dist-packages/def_msg/action\n'}
[5.933876] (def_msg) StdoutLine: {'line': b'-- Installing: /home/hjh/serial_new0122/install/def_msg/local/lib/python3.10/dist-packages/def_msg/action/__init__.py\n'}
[5.933902] (def_msg) StdoutLine: {'line': b'-- Installing: /home/hjh/serial_new0122/install/def_msg/local/lib/python3.10/dist-packages/def_msg/action/_nav_pose_s.c\n'}
[5.933926] (def_msg) StdoutLine: {'line': b'-- Installing: /home/hjh/serial_new0122/install/def_msg/local/lib/python3.10/dist-packages/def_msg/action/_nav_pose.py\n'}
[5.966107] (def_msg) StdoutLine: {'line': b"Listing '/home/hjh/serial_new0122/install/def_msg/local/lib/python3.10/dist-packages/def_msg'...\n"}
[5.966323] (def_msg) StdoutLine: {'line': b"Compiling '/home/hjh/serial_new0122/install/def_msg/local/lib/python3.10/dist-packages/def_msg/__init__.py'...\n"}
[5.966428] (def_msg) StdoutLine: {'line': b"Listing '/home/hjh/serial_new0122/install/def_msg/local/lib/python3.10/dist-packages/def_msg/action'...\n"}
[5.966536] (def_msg) StdoutLine: {'line': b"Compiling '/home/hjh/serial_new0122/install/def_msg/local/lib/python3.10/dist-packages/def_msg/action/__init__.py'...\n"}
[5.966638] (def_msg) StdoutLine: {'line': b"Compiling '/home/hjh/serial_new0122/install/def_msg/local/lib/python3.10/dist-packages/def_msg/action/_nav_pose.py'...\n"}
[5.966736] (def_msg) StdoutLine: {'line': b"Listing '/home/hjh/serial_new0122/install/def_msg/local/lib/python3.10/dist-packages/def_msg/msg'...\n"}
[5.966844] (def_msg) StdoutLine: {'line': b"Compiling '/home/hjh/serial_new0122/install/def_msg/local/lib/python3.10/dist-packages/def_msg/msg/__init__.py'...\n"}
[5.966952] (def_msg) StdoutLine: {'line': b"Compiling '/home/hjh/serial_new0122/install/def_msg/local/lib/python3.10/dist-packages/def_msg/msg/_common_control.py'...\n"}
[5.967050] (def_msg) StdoutLine: {'line': b"Compiling '/home/hjh/serial_new0122/install/def_msg/local/lib/python3.10/dist-packages/def_msg/msg/_em_control.py'...\n"}
[5.967148] (def_msg) StdoutLine: {'line': b"Compiling '/home/hjh/serial_new0122/install/def_msg/local/lib/python3.10/dist-packages/def_msg/msg/_gimble_control.py'...\n"}
[5.967245] (def_msg) StdoutLine: {'line': b"Compiling '/home/hjh/serial_new0122/install/def_msg/local/lib/python3.10/dist-packages/def_msg/msg/_gimble_position.py'...\n"}
[5.967342] (def_msg) StdoutLine: {'line': b"Compiling '/home/hjh/serial_new0122/install/def_msg/local/lib/python3.10/dist-packages/def_msg/msg/_gobal_information.py'...\n"}
[5.967454] (def_msg) StdoutLine: {'line': b"Listing '/home/hjh/serial_new0122/install/def_msg/local/lib/python3.10/dist-packages/def_msg/srv'...\n"}
[5.967559] (def_msg) StdoutLine: {'line': b"Compiling '/home/hjh/serial_new0122/install/def_msg/local/lib/python3.10/dist-packages/def_msg/srv/__init__.py'...\n"}
[5.967655] (def_msg) StdoutLine: {'line': b"Compiling '/home/hjh/serial_new0122/install/def_msg/local/lib/python3.10/dist-packages/def_msg/srv/_controller_mode_set.py'...\n"}
[5.967751] (def_msg) StdoutLine: {'line': b"Compiling '/home/hjh/serial_new0122/install/def_msg/local/lib/python3.10/dist-packages/def_msg/srv/_heart_beat.py'...\n"}
[5.969345] (def_msg) StdoutLine: {'line': b'-- Installing: /home/hjh/serial_new0122/install/def_msg/local/lib/python3.10/dist-packages/def_msg/def_msg_s__rosidl_typesupport_fastrtps_c.cpython-310-x86_64-linux-gnu.so\n'}
[5.969646] (def_msg) StdoutLine: {'line': b'-- Set non-toolchain portion of runtime path of "/home/hjh/serial_new0122/install/def_msg/local/lib/python3.10/dist-packages/def_msg/def_msg_s__rosidl_typesupport_fastrtps_c.cpython-310-x86_64-linux-gnu.so" to ""\n'}
[5.969804] (def_msg) StdoutLine: {'line': b'-- Installing: /home/hjh/serial_new0122/install/def_msg/local/lib/python3.10/dist-packages/def_msg/def_msg_s__rosidl_typesupport_introspection_c.cpython-310-x86_64-linux-gnu.so\n'}
[5.969909] (def_msg) StdoutLine: {'line': b'-- Set non-toolchain portion of runtime path of "/home/hjh/serial_new0122/install/def_msg/local/lib/python3.10/dist-packages/def_msg/def_msg_s__rosidl_typesupport_introspection_c.cpython-310-x86_64-linux-gnu.so" to ""\n'}
[5.970179] (def_msg) StdoutLine: {'line': b'-- Installing: /home/hjh/serial_new0122/install/def_msg/local/lib/python3.10/dist-packages/def_msg/def_msg_s__rosidl_typesupport_c.cpython-310-x86_64-linux-gnu.so\n'}
[5.970324] (def_msg) StdoutLine: {'line': b'-- Set non-toolchain portion of runtime path of "/home/hjh/serial_new0122/install/def_msg/local/lib/python3.10/dist-packages/def_msg/def_msg_s__rosidl_typesupport_c.cpython-310-x86_64-linux-gnu.so" to ""\n'}
[5.970424] (def_msg) StdoutLine: {'line': b'-- Installing: /home/hjh/serial_new0122/install/def_msg/lib/libdef_msg__rosidl_generator_py.so\n'}
[5.970519] (def_msg) StdoutLine: {'line': b'-- Set non-toolchain portion of runtime path of "/home/hjh/serial_new0122/install/def_msg/lib/libdef_msg__rosidl_generator_py.so" to ""\n'}
[5.970609] (def_msg) StdoutLine: {'line': b'-- Installing: /home/hjh/serial_new0122/install/def_msg/share/def_msg/msg/GobalInformation.idl\n'}
[5.970700] (def_msg) StdoutLine: {'line': b'-- Installing: /home/hjh/serial_new0122/install/def_msg/share/def_msg/msg/GimbleControl.idl\n'}
[5.970788] (def_msg) StdoutLine: {'line': b'-- Installing: /home/hjh/serial_new0122/install/def_msg/share/def_msg/msg/CommonControl.idl\n'}
[5.971028] (def_msg) StdoutLine: {'line': b'-- Installing: /home/hjh/serial_new0122/install/def_msg/share/def_msg/msg/EmControl.idl\n'}
[5.971165] (def_msg) StdoutLine: {'line': b'-- Installing: /home/hjh/serial_new0122/install/def_msg/share/def_msg/msg/GimblePosition.idl\n'}
[5.971261] (def_msg) StdoutLine: {'line': b'-- Installing: /home/hjh/serial_new0122/install/def_msg/share/def_msg/srv/ControllerModeSet.idl\n'}
[5.971355] (def_msg) StdoutLine: {'line': b'-- Installing: /home/hjh/serial_new0122/install/def_msg/share/def_msg/srv/HeartBeat.idl\n'}
[5.971447] (def_msg) StdoutLine: {'line': b'-- Installing: /home/hjh/serial_new0122/install/def_msg/share/def_msg/action/NavPose.idl\n'}
[5.971537] (def_msg) StdoutLine: {'line': b'-- Installing: /home/hjh/serial_new0122/install/def_msg/share/def_msg/msg/GobalInformation.msg\n'}
[5.971627] (def_msg) StdoutLine: {'line': b'-- Installing: /home/hjh/serial_new0122/install/def_msg/share/def_msg/msg/GimbleControl.msg\n'}
[5.971715] (def_msg) StdoutLine: {'line': b'-- Installing: /home/hjh/serial_new0122/install/def_msg/share/def_msg/msg/CommonControl.msg\n'}
[5.971803] (def_msg) StdoutLine: {'line': b'-- Installing: /home/hjh/serial_new0122/install/def_msg/share/def_msg/msg/EmControl.msg\n'}
[5.971898] (def_msg) StdoutLine: {'line': b'-- Installing: /home/hjh/serial_new0122/install/def_msg/share/def_msg/msg/GimblePosition.msg\n'}
[5.972086] (def_msg) StdoutLine: {'line': b'-- Installing: /home/hjh/serial_new0122/install/def_msg/share/def_msg/srv/ControllerModeSet.srv\n'}
[5.972195] (def_msg) StdoutLine: {'line': b'-- Installing: /home/hjh/serial_new0122/install/def_msg/share/def_msg/srv/ControllerModeSet_Request.msg\n'}
[5.972287] (def_msg) StdoutLine: {'line': b'-- Installing: /home/hjh/serial_new0122/install/def_msg/share/def_msg/srv/ControllerModeSet_Response.msg\n'}
[5.972371] (def_msg) StdoutLine: {'line': b'-- Installing: /home/hjh/serial_new0122/install/def_msg/share/def_msg/srv/HeartBeat.srv\n'}
[5.972459] (def_msg) StdoutLine: {'line': b'-- Installing: /home/hjh/serial_new0122/install/def_msg/share/def_msg/srv/HeartBeat_Request.msg\n'}
[5.972547] (def_msg) StdoutLine: {'line': b'-- Installing: /home/hjh/serial_new0122/install/def_msg/share/def_msg/srv/HeartBeat_Response.msg\n'}
[5.972635] (def_msg) StdoutLine: {'line': b'-- Installing: /home/hjh/serial_new0122/install/def_msg/share/def_msg/action/NavPose.action\n'}
[5.972723] (def_msg) StdoutLine: {'line': b'-- Installing: /home/hjh/serial_new0122/install/def_msg/share/ament_index/resource_index/package_run_dependencies/def_msg\n'}
[5.972811] (def_msg) StdoutLine: {'line': b'-- Installing: /home/hjh/serial_new0122/install/def_msg/share/ament_index/resource_index/parent_prefix_path/def_msg\n'}
[5.972901] (def_msg) StdoutLine: {'line': b'-- Installing: /home/hjh/serial_new0122/install/def_msg/share/def_msg/environment/ament_prefix_path.sh\n'}
[5.973055] (def_msg) StdoutLine: {'line': b'-- Installing: /home/hjh/serial_new0122/install/def_msg/share/def_msg/environment/ament_prefix_path.dsv\n'}
[5.973150] (def_msg) StdoutLine: {'line': b'-- Installing: /home/hjh/serial_new0122/install/def_msg/share/def_msg/environment/path.sh\n'}
[5.973240] (def_msg) StdoutLine: {'line': b'-- Installing: /home/hjh/serial_new0122/install/def_msg/share/def_msg/environment/path.dsv\n'}
[5.973324] (def_msg) StdoutLine: {'line': b'-- Installing: /home/hjh/serial_new0122/install/def_msg/share/def_msg/local_setup.bash\n'}
[5.973407] (def_msg) StdoutLine: {'line': b'-- Installing: /home/hjh/serial_new0122/install/def_msg/share/def_msg/local_setup.sh\n'}
[5.973490] (def_msg) StdoutLine: {'line': b'-- Installing: /home/hjh/serial_new0122/install/def_msg/share/def_msg/local_setup.zsh\n'}
[5.973573] (def_msg) StdoutLine: {'line': b'-- Installing: /home/hjh/serial_new0122/install/def_msg/share/def_msg/local_setup.dsv\n'}
[5.973664] (def_msg) StdoutLine: {'line': b'-- Installing: /home/hjh/serial_new0122/install/def_msg/share/def_msg/package.dsv\n'}
[5.973750] (def_msg) StdoutLine: {'line': b'-- Installing: /home/hjh/serial_new0122/install/def_msg/share/ament_index/resource_index/packages/def_msg\n'}
[5.973842] (def_msg) StdoutLine: {'line': b'-- Installing: /home/hjh/serial_new0122/install/def_msg/share/def_msg/cmake/export_def_msg__rosidl_generator_cExport.cmake\n'}
[5.973973] (def_msg) StdoutLine: {'line': b'-- Installing: /home/hjh/serial_new0122/install/def_msg/share/def_msg/cmake/export_def_msg__rosidl_generator_cExport-noconfig.cmake\n'}
[5.974212] (def_msg) StdoutLine: {'line': b'-- Installing: /home/hjh/serial_new0122/install/def_msg/share/def_msg/cmake/export_def_msg__rosidl_typesupport_fastrtps_cExport.cmake\n'}
[5.974298] (def_msg) StdoutLine: {'line': b'-- Installing: /home/hjh/serial_new0122/install/def_msg/share/def_msg/cmake/export_def_msg__rosidl_typesupport_fastrtps_cExport-noconfig.cmake\n'}
[5.974381] (def_msg) StdoutLine: {'line': b'-- Installing: /home/hjh/serial_new0122/install/def_msg/share/def_msg/cmake/export_def_msg__rosidl_generator_cppExport.cmake\n'}
[5.974591] (def_msg) StdoutLine: {'line': b'-- Installing: /home/hjh/serial_new0122/install/def_msg/share/def_msg/cmake/export_def_msg__rosidl_typesupport_fastrtps_cppExport.cmake\n'}
[5.974677] (def_msg) StdoutLine: {'line': b'-- Installing: /home/hjh/serial_new0122/install/def_msg/share/def_msg/cmake/export_def_msg__rosidl_typesupport_fastrtps_cppExport-noconfig.cmake\n'}
[5.974761] (def_msg) StdoutLine: {'line': b'-- Installing: /home/hjh/serial_new0122/install/def_msg/share/def_msg/cmake/def_msg__rosidl_typesupport_introspection_cExport.cmake\n'}
[5.975001] (def_msg) StdoutLine: {'line': b'-- Installing: /home/hjh/serial_new0122/install/def_msg/share/def_msg/cmake/def_msg__rosidl_typesupport_introspection_cExport-noconfig.cmake\n'}
[5.975209] (def_msg) StdoutLine: {'line': b'-- Installing: /home/hjh/serial_new0122/install/def_msg/share/def_msg/cmake/def_msg__rosidl_typesupport_cExport.cmake\n'}
[5.975299] (def_msg) StdoutLine: {'line': b'-- Installing: /home/hjh/serial_new0122/install/def_msg/share/def_msg/cmake/def_msg__rosidl_typesupport_cExport-noconfig.cmake\n'}
[5.975390] (def_msg) StdoutLine: {'line': b'-- Installing: /home/hjh/serial_new0122/install/def_msg/share/def_msg/cmake/def_msg__rosidl_typesupport_introspection_cppExport.cmake\n'}
[5.975476] (def_msg) StdoutLine: {'line': b'-- Installing: /home/hjh/serial_new0122/install/def_msg/share/def_msg/cmake/def_msg__rosidl_typesupport_introspection_cppExport-noconfig.cmake\n'}
[5.975560] (def_msg) StdoutLine: {'line': b'-- Installing: /home/hjh/serial_new0122/install/def_msg/share/def_msg/cmake/def_msg__rosidl_typesupport_cppExport.cmake\n'}
[5.975647] (def_msg) StdoutLine: {'line': b'-- Installing: /home/hjh/serial_new0122/install/def_msg/share/def_msg/cmake/def_msg__rosidl_typesupport_cppExport-noconfig.cmake\n'}
[5.975732] (def_msg) StdoutLine: {'line': b'-- Installing: /home/hjh/serial_new0122/install/def_msg/share/def_msg/cmake/export_def_msg__rosidl_generator_pyExport.cmake\n'}
[5.975820] (def_msg) StdoutLine: {'line': b'-- Installing: /home/hjh/serial_new0122/install/def_msg/share/def_msg/cmake/export_def_msg__rosidl_generator_pyExport-noconfig.cmake\n'}
[5.975912] (def_msg) StdoutLine: {'line': b'-- Installing: /home/hjh/serial_new0122/install/def_msg/share/def_msg/cmake/rosidl_cmake-extras.cmake\n'}
[5.976852] (def_msg) StdoutLine: {'line': b'-- Installing: /home/hjh/serial_new0122/install/def_msg/share/def_msg/cmake/ament_cmake_export_dependencies-extras.cmake\n'}
[5.976980] (def_msg) StdoutLine: {'line': b'-- Installing: /home/hjh/serial_new0122/install/def_msg/share/def_msg/cmake/ament_cmake_export_include_directories-extras.cmake\n'}
[5.977069] (def_msg) StdoutLine: {'line': b'-- Installing: /home/hjh/serial_new0122/install/def_msg/share/def_msg/cmake/ament_cmake_export_libraries-extras.cmake\n'}
[5.977153] (def_msg) StdoutLine: {'line': b'-- Installing: /home/hjh/serial_new0122/install/def_msg/share/def_msg/cmake/ament_cmake_export_targets-extras.cmake\n'}
[5.977235] (def_msg) StdoutLine: {'line': b'-- Installing: /home/hjh/serial_new0122/install/def_msg/share/def_msg/cmake/rosidl_cmake_export_typesupport_targets-extras.cmake\n'}
[5.977317] (def_msg) StdoutLine: {'line': b'-- Installing: /home/hjh/serial_new0122/install/def_msg/share/def_msg/cmake/rosidl_cmake_export_typesupport_libraries-extras.cmake\n'}
[5.977399] (def_msg) StdoutLine: {'line': b'-- Installing: /home/hjh/serial_new0122/install/def_msg/share/def_msg/cmake/def_msgConfig.cmake\n'}
[5.977482] (def_msg) StdoutLine: {'line': b'-- Installing: /home/hjh/serial_new0122/install/def_msg/share/def_msg/cmake/def_msgConfig-version.cmake\n'}
[5.977596] (def_msg) StdoutLine: {'line': b'-- Installing: /home/hjh/serial_new0122/install/def_msg/share/def_msg/package.xml\n'}
[5.977701] (def_msg) CommandEnded: {'returncode': 0}
[5.988729] (def_msg) JobEnded: {'identifier': 'def_msg', 'rc': 0}
[5.989473] (serial_def_sdk) JobStarted: {'identifier': 'serial_def_sdk'}
[6.003165] (serial_def_sdk) JobProgress: {'identifier': 'serial_def_sdk', 'progress': 'cmake'}
[6.004794] (serial_def_sdk) Command: {'cmd': ['/usr/bin/cmake', '/home/hjh/serial_new0122/serial/serial_def_sdk', '-DCMAKE_INSTALL_PREFIX=/home/hjh/serial_new0122/install/serial_def_sdk'], 'cwd': '/home/hjh/serial_new0122/build/serial_def_sdk', 'env': OrderedDict([('LESSOPEN', '| /usr/bin/lesspipe %s'), ('HTTPS_PROXY', 'http://127.0.0.1:7890/'), ('no_proxy', 'localhost,127.0.0.1,::1'), ('LANGUAGE', 'zh_CN:en'), ('USER', 'hjh'), ('LC_TIME', 'zh_CN.UTF-8'), ('all_proxy', 'socks://127.0.0.1:7890/'), ('XDG_SESSION_TYPE', 'wayland'), ('SHLVL', '1'), ('LD_LIBRARY_PATH', '/home/hjh/serial_new0122/install/vision_msg/lib:/home/hjh/serial_new0122/install/def_msg/lib:/opt/ros/humble/opt/openvdb_vendor/lib:/home/hjh/ros2_ws/install/lib:/home/hjh/ros2_ws/install/lib:/usr/lib/x86_64-linux-gnu/gazebo-11/plugins:/opt/ros/humble/opt/rviz_ogre_vendor/lib:/opt/ros/humble/lib/x86_64-linux-gnu:/opt/ros/humble/lib'), ('HOME', '/home/hjh'), ('CONDA_SHLVL', '0'), ('DESKTOP_SESSION', 'ubuntu'), ('NO_PROXY', 'localhost,127.0.0.1,::1'), ('ROS_PYTHON_VERSION', '3'), ('GNOME_SHELL_SESSION_MODE', 'ubuntu'), ('GTK_MODULES', 'gail:atk-bridge'), ('LC_MONETARY', 'zh_CN.UTF-8'), ('DBUS_STARTER_BUS_TYPE', 'session'), ('SYSTEMD_EXEC_PID', '1769'), ('DBUS_SESSION_BUS_ADDRESS', 'unix:path=/run/user/1000/bus,guid=4bdc633ca0aa5ac165e4d9d869723ee8'), ('COLORTERM', 'truecolor'), ('_CE_M', ''), ('IM_CONFIG_PHASE', '1'), ('WAYLAND_DISPLAY', 'wayland-0'), ('https_proxy', 'http://127.0.0.1:7890/'), ('ROS_DISTRO', 'humble'), ('GTK_IM_MODULE', 'fcitx'), ('LOGNAME', 'hjh'), ('ALL_PROXY', 'socks://127.0.0.1:7890/'), ('http_proxy', 'http://127.0.0.1:7890/'), ('_', '/usr/bin/colcon'), ('ROS_VERSION', '2'), ('XDG_SESSION_CLASS', 'user'), ('USERNAME', 'hjh'), ('TERM', 'xterm-256color'), ('GNOME_DESKTOP_SESSION_ID', 'this-is-deprecated'), ('_CE_CONDA', ''), ('ROS_LOCALHOST_ONLY', '0'), ('PATH', '/home/hjh/miniconda3/condabin:/opt/ros/humble/bin:/home/hjh/.local/bin:/usr/local/sbin:/usr/local/bin:/usr/sbin:/usr/bin:/sbin:/bin:/usr/games:/usr/local/games:/snap/bin:/snap/bin'), ('SESSION_MANAGER', 'local/hjh-Lenovo-G5000-IRH8:@/tmp/.ICE-unix/1769,unix/hjh-Lenovo-G5000-IRH8:/tmp/.ICE-unix/1769'), ('PAPERSIZE', 'a4'), ('XDG_MENU_PREFIX', 'gnome-'), ('LC_ADDRESS', 'zh_CN.UTF-8'), ('GNOME_TERMINAL_SCREEN', '/org/gnome/Terminal/screen/b81bb473_4549_40e1_ad91_fed3d7df0302'), ('GNOME_SETUP_DISPLAY', ':1'), ('XDG_RUNTIME_DIR', '/run/user/1000'), ('DISPLAY', ':0'), ('LANG', 'zh_CN.UTF-8'), ('XDG_CURRENT_DESKTOP', 'ubuntu:GNOME'), ('LC_TELEPHONE', 'zh_CN.UTF-8'), ('XMODIFIERS', '@im=fcitx'), ('XDG_SESSION_DESKTOP', 'ubuntu'), ('XAUTHORITY', '/run/user/1000/.mutter-Xwaylandauth.XKQWJ3'), ('LS_COLORS', 'rs=0:di=01;34:ln=01;36:mh=00:pi=40;33:so=01;35:do=01;35:bd=40;33;01:cd=40;33;01:or=40;31;01:mi=00:su=37;41:sg=30;43:ca=30;41:tw=30;42:ow=34;42:st=37;44:ex=01;32:*.tar=01;31:*.tgz=01;31:*.arc=01;31:*.arj=01;31:*.taz=01;31:*.lha=01;31:*.lz4=01;31:*.lzh=01;31:*.lzma=01;31:*.tlz=01;31:*.txz=01;31:*.tzo=01;31:*.t7z=01;31:*.zip=01;31:*.z=01;31:*.dz=01;31:*.gz=01;31:*.lrz=01;31:*.lz=01;31:*.lzo=01;31:*.xz=01;31:*.zst=01;31:*.tzst=01;31:*.bz2=01;31:*.bz=01;31:*.tbz=01;31:*.tbz2=01;31:*.tz=01;31:*.deb=01;31:*.rpm=01;31:*.jar=01;31:*.war=01;31:*.ear=01;31:*.sar=01;31:*.rar=01;31:*.alz=01;31:*.ace=01;31:*.zoo=01;31:*.cpio=01;31:*.7z=01;31:*.rz=01;31:*.cab=01;31:*.wim=01;31:*.swm=01;31:*.dwm=01;31:*.esd=01;31:*.jpg=01;35:*.jpeg=01;35:*.mjpg=01;35:*.mjpeg=01;35:*.gif=01;35:*.bmp=01;35:*.pbm=01;35:*.pgm=01;35:*.ppm=01;35:*.tga=01;35:*.xbm=01;35:*.xpm=01;35:*.tif=01;35:*.tiff=01;35:*.png=01;35:*.svg=01;35:*.svgz=01;35:*.mng=01;35:*.pcx=01;35:*.mov=01;35:*.mpg=01;35:*.mpeg=01;35:*.m2v=01;35:*.mkv=01;35:*.webm=01;35:*.webp=01;35:*.ogm=01;35:*.mp4=01;35:*.m4v=01;35:*.mp4v=01;35:*.vob=01;35:*.qt=01;35:*.nuv=01;35:*.wmv=01;35:*.asf=01;35:*.rm=01;35:*.rmvb=01;35:*.flc=01;35:*.avi=01;35:*.fli=01;35:*.flv=01;35:*.gl=01;35:*.dl=01;35:*.xcf=01;35:*.xwd=01;35:*.yuv=01;35:*.cgm=01;35:*.emf=01;35:*.ogv=01;35:*.ogx=01;35:*.aac=00;36:*.au=00;36:*.flac=00;36:*.m4a=00;36:*.mid=00;36:*.midi=00;36:*.mka=00;36:*.mp3=00;36:*.mpc=00;36:*.ogg=00;36:*.ra=00;36:*.wav=00;36:*.oga=00;36:*.opus=00;36:*.spx=00;36:*.xspf=00;36:'), ('GNOME_TERMINAL_SERVICE', ':1.159'), ('SSH_AGENT_LAUNCHER', 'gnome-keyring'), ('SSH_AUTH_SOCK', '/run/user/1000/keyring/ssh'), ('AMENT_PREFIX_PATH', '/home/hjh/serial_new0122/install/vision_msg:/home/hjh/serial_new0122/install/def_msg:/opt/ros/humble'), ('CONDA_PYTHON_EXE', '/home/hjh/miniconda3/bin/python'), ('SHELL', '/bin/bash'), ('LC_NAME', 'zh_CN.UTF-8'), ('QT_ACCESSIBILITY', '1'), ('GDMSESSION', 'ubuntu'), ('LESSCLOSE', '/usr/bin/lesspipe %s %s'), ('LC_MEASUREMENT', 'zh_CN.UTF-8'), ('LC_IDENTIFICATION', 'zh_CN.UTF-8'), ('QT_IM_MODULE', 'fcitx'), ('PWD', '/home/hjh/serial_new0122/build/serial_def_sdk'), ('XDG_CONFIG_DIRS', '/etc/xdg/xdg-ubuntu:/etc/xdg'), ('CONDA_EXE', '/home/hjh/miniconda3/bin/conda'), ('CLUTTER_IM_MODULE', 'fcitx'), ('DBUS_STARTER_ADDRESS', 'unix:path=/run/user/1000/bus,guid=4bdc633ca0aa5ac165e4d9d869723ee8'), ('XDG_DATA_DIRS', '/usr/share/ubuntu:/usr/local/share/:/usr/share/:/var/lib/snapd/desktop'), ('PYTHONPATH', '/home/hjh/serial_new0122/install/vision_msg/local/lib/python3.10/dist-packages:/home/hjh/serial_new0122/install/def_msg/local/lib/python3.10/dist-packages:/opt/ros/humble/lib/python3.10/site-packages:/opt/ros/humble/local/lib/python3.10/dist-packages'), ('HTTP_PROXY', 'http://127.0.0.1:7890/'), ('LC_NUMERIC', 'en_US.UTF-8'), ('LC_PAPER', 'zh_CN.UTF-8'), ('COLCON', '1'), ('VTE_VERSION', '6800'), ('CMAKE_PREFIX_PATH', '/home/hjh/serial_new0122/install/vision_msg:/home/hjh/serial_new0122/install/def_msg:/opt/ros/humble')]), 'shell': False}
[6.013136] (serial_def_sdk) StderrLine: {'line': b'\x1b[0mCMake Deprecation Warning at CMakeLists.txt:1 (cmake_minimum_required):\n'}
[6.013341] (serial_def_sdk) StderrLine: {'line': b'  Compatibility with CMake < 3.10 will be removed from a future version of\n'}
[6.013470] (serial_def_sdk) StderrLine: {'line': b'  CMake.\n'}
[6.013585] (serial_def_sdk) StderrLine: {'line': b'\n'}
[6.013696] (serial_def_sdk) StderrLine: {'line': b'  Update the VERSION argument <min> value.  Or, use the <min>...<max> syntax\n'}
[6.013808] (serial_def_sdk) StderrLine: {'line': b'  to tell CMake that the project requires at least <min> but has been updated\n'}
[6.013939] (serial_def_sdk) StderrLine: {'line': b'  to work with policies introduced by <max> or earlier.\n'}
[6.014056] (serial_def_sdk) StderrLine: {'line': b'\n'}
[6.014163] (serial_def_sdk) StderrLine: {'line': b'\x1b[0m\n'}
[6.016424] (-) TimerEvent: {}
[6.079711] (serial_def_sdk) StdoutLine: {'line': b'-- The C compiler identification is GNU 11.4.0\n'}
[6.116682] (-) TimerEvent: {}
[6.141703] (serial_def_sdk) StdoutLine: {'line': b'-- The CXX compiler identification is GNU 11.4.0\n'}
[6.154172] (serial_def_sdk) StdoutLine: {'line': b'-- Detecting C compiler ABI info\n'}
[6.216950] (-) TimerEvent: {}
[6.232325] (serial_def_sdk) StdoutLine: {'line': b'-- Detecting C compiler ABI info - done\n'}
[6.251508] (serial_def_sdk) StdoutLine: {'line': b'-- Check for working C compiler: /usr/bin/cc - skipped\n'}
[6.251867] (serial_def_sdk) StdoutLine: {'line': b'-- Detecting C compile features\n'}
[6.252720] (serial_def_sdk) StdoutLine: {'line': b'-- Detecting C compile features - done\n'}
[6.269954] (serial_def_sdk) StdoutLine: {'line': b'-- Detecting CXX compiler ABI info\n'}
[6.317072] (-) TimerEvent: {}
[6.361655] (serial_def_sdk) StdoutLine: {'line': b'-- Detecting CXX compiler ABI info - done\n'}
[6.383662] (serial_def_sdk) StdoutLine: {'line': b'-- Check for working CXX compiler: /usr/bin/c++ - skipped\n'}
[6.384343] (serial_def_sdk) StdoutLine: {'line': b'-- Detecting CXX compile features\n'}
[6.385425] (serial_def_sdk) StdoutLine: {'line': b'-- Detecting CXX compile features - done\n'}
[6.399446] (serial_def_sdk) StdoutLine: {'line': b'-- Found ament_cmake: 1.3.11 (/opt/ros/humble/share/ament_cmake/cmake)\n'}
[6.417211] (-) TimerEvent: {}
[6.517716] (-) TimerEvent: {}
[6.519970] (serial_def_sdk) StdoutLine: {'line': b'-- Found Python3: /usr/bin/python3 (found version "3.10.12") found components: Interpreter\n'}
[6.596879] (serial_def_sdk) StdoutLine: {'line': b'-- Found rclcpp: 16.0.12 (/opt/ros/humble/share/rclcpp/cmake)\n'}
[6.617903] (-) TimerEvent: {}
[6.639119] (serial_def_sdk) StdoutLine: {'line': b'-- Found rosidl_generator_c: 3.1.6 (/opt/ros/humble/share/rosidl_generator_c/cmake)\n'}
[6.643184] (serial_def_sdk) StdoutLine: {'line': b'-- Found rosidl_adapter: 3.1.6 (/opt/ros/humble/share/rosidl_adapter/cmake)\n'}
[6.650639] (serial_def_sdk) StdoutLine: {'line': b'-- Found rosidl_generator_cpp: 3.1.6 (/opt/ros/humble/share/rosidl_generator_cpp/cmake)\n'}
[6.660419] (serial_def_sdk) StdoutLine: {'line': b'-- Using all available rosidl_typesupport_c: rosidl_typesupport_fastrtps_c;rosidl_typesupport_introspection_c\n'}
[6.673761] (serial_def_sdk) StdoutLine: {'line': b'-- Using all available rosidl_typesupport_cpp: rosidl_typesupport_fastrtps_cpp;rosidl_typesupport_introspection_cpp\n'}
[6.717970] (-) TimerEvent: {}
[6.718981] (serial_def_sdk) StdoutLine: {'line': b'-- Found rmw_implementation_cmake: 6.1.2 (/opt/ros/humble/share/rmw_implementation_cmake/cmake)\n'}
[6.721938] (serial_def_sdk) StdoutLine: {'line': b'-- Found rmw_fastrtps_cpp: 6.2.7 (/opt/ros/humble/share/rmw_fastrtps_cpp/cmake)\n'}
[6.818096] (-) TimerEvent: {}
[6.820215] (serial_def_sdk) StdoutLine: {'line': b'-- Found OpenSSL: /usr/lib/x86_64-linux-gnu/libcrypto.so (found version "3.0.2")\n'}
[6.862677] (serial_def_sdk) StdoutLine: {'line': b'-- Found FastRTPS: /opt/ros/humble/include\n'}
[6.898373] (serial_def_sdk) StdoutLine: {'line': b"-- Using RMW implementation 'rmw_fastrtps_cpp' as default\n"}
[6.908930] (serial_def_sdk) StdoutLine: {'line': b'-- Performing Test CMAKE_HAVE_LIBC_PTHREAD\n'}
[6.918165] (-) TimerEvent: {}
[6.989856] (serial_def_sdk) StdoutLine: {'line': b'-- Performing Test CMAKE_HAVE_LIBC_PTHREAD - Success\n'}
[6.991026] (serial_def_sdk) StdoutLine: {'line': b'-- Found Threads: TRUE\n'}
[7.018415] (-) TimerEvent: {}
[7.052579] (serial_def_sdk) StdoutLine: {'line': b'-- Found def_msg: 0.0.0 (/home/hjh/serial_new0122/install/def_msg/share/def_msg/cmake)\n'}
[7.088968] (serial_def_sdk) StdoutLine: {'line': b'-- Found vision_msg: 0.0.0 (/home/hjh/serial_new0122/install/vision_msg/share/vision_msg/cmake)\n'}
[7.102469] (serial_def_sdk) StdoutLine: {'line': b'-- Found rclcpp_action: 16.0.12 (/opt/ros/humble/share/rclcpp_action/cmake)\n'}
[7.115000] (serial_def_sdk) StdoutLine: {'line': b'-- Found geometry_msgs: 4.8.0 (/opt/ros/humble/share/geometry_msgs/cmake)\n'}
[7.118578] (-) TimerEvent: {}
[7.129793] (serial_def_sdk) StdoutLine: {'line': b'-- Found nav_msgs: 4.2.4 (/opt/ros/humble/share/nav_msgs/cmake)\n'}
[7.151083] (serial_def_sdk) StdoutLine: {'line': b'-- Found tf2: 0.25.11 (/opt/ros/humble/share/tf2/cmake)\n'}
[7.161208] (serial_def_sdk) StdoutLine: {'line': b'-- Found tf2_ros: 0.25.12 (/opt/ros/humble/share/tf2_ros/cmake)\n'}
[7.218799] (-) TimerEvent: {}
[7.225678] (serial_def_sdk) StdoutLine: {'line': b'-- Found sensor_msgs: 4.8.0 (/opt/ros/humble/share/sensor_msgs/cmake)\n'}
[7.244420] (serial_def_sdk) StdoutLine: {'line': b'-- Found example_interfaces: 0.9.3 (/opt/ros/humble/share/example_interfaces/cmake)\n'}
[7.260128] (serial_def_sdk) StdoutLine: {'line': b'-- Found ament_lint_auto: 0.12.11 (/opt/ros/humble/share/ament_lint_auto/cmake)\n'}
[7.318996] (-) TimerEvent: {}
[7.323803] (serial_def_sdk) StdoutLine: {'line': b"-- Added test 'copyright' to check source files copyright and LICENSE\n"}
[7.325680] (serial_def_sdk) StdoutLine: {'line': b"-- Added test 'cppcheck' to perform static code analysis on C / C++ code\n"}
[7.325881] (serial_def_sdk) StdoutLine: {'line': b'-- Configured cppcheck include dirs: /home/hjh/serial_new0122/serial/serial_def_sdk/./include/serial;/home/hjh/serial_new0122/serial/serial_def_sdk/./uart\n'}
[7.325978] (serial_def_sdk) StdoutLine: {'line': b'-- Configured cppcheck exclude dirs and/or files: \n'}
[7.327622] (serial_def_sdk) StdoutLine: {'line': b"-- Added test 'cpplint' to check C / C++ code against the Google style\n"}
[7.327801] (serial_def_sdk) StdoutLine: {'line': b'-- Configured cpplint exclude dirs and/or files: \n'}
[7.328063] (serial_def_sdk) StdoutLine: {'line': b"-- Added test 'flake8' to check Python code syntax and style conventions\n"}
[7.328748] (serial_def_sdk) StdoutLine: {'line': b"-- Added test 'lint_cmake' to check CMake code style\n"}
[7.329183] (serial_def_sdk) StdoutLine: {'line': b"-- Added test 'pep257' to check Python code against some of the docstring style conventions in PEP 257\n"}
[7.330913] (serial_def_sdk) StdoutLine: {'line': b"-- Added test 'uncrustify' to check C / C++ code style\n"}
[7.331048] (serial_def_sdk) StdoutLine: {'line': b'-- Configured uncrustify additional arguments: \n'}
[7.331389] (serial_def_sdk) StdoutLine: {'line': b"-- Added test 'xmllint' to check XML markup files\n"}
[7.332131] (serial_def_sdk) StdoutLine: {'line': b'-- Configuring done (1.3s)\n'}
[7.347741] (serial_def_sdk) StdoutLine: {'line': b'-- Generating done (0.0s)\n'}
[7.350968] (serial_def_sdk) StdoutLine: {'line': b'-- Build files have been written to: /home/hjh/serial_new0122/build/serial_def_sdk\n'}
[7.359873] (serial_def_sdk) CommandEnded: {'returncode': 0}
[7.360299] (serial_def_sdk) JobProgress: {'identifier': 'serial_def_sdk', 'progress': 'build'}
[7.360318] (serial_def_sdk) Command: {'cmd': ['/usr/bin/cmake', '--build', '/home/hjh/serial_new0122/build/serial_def_sdk', '--', '-j16', '-l16'], 'cwd': '/home/hjh/serial_new0122/build/serial_def_sdk', 'env': OrderedDict([('LESSOPEN', '| /usr/bin/lesspipe %s'), ('HTTPS_PROXY', 'http://127.0.0.1:7890/'), ('no_proxy', 'localhost,127.0.0.1,::1'), ('LANGUAGE', 'zh_CN:en'), ('USER', 'hjh'), ('LC_TIME', 'zh_CN.UTF-8'), ('all_proxy', 'socks://127.0.0.1:7890/'), ('XDG_SESSION_TYPE', 'wayland'), ('SHLVL', '1'), ('LD_LIBRARY_PATH', '/home/hjh/serial_new0122/install/vision_msg/lib:/home/hjh/serial_new0122/install/def_msg/lib:/opt/ros/humble/opt/openvdb_vendor/lib:/home/hjh/ros2_ws/install/lib:/home/hjh/ros2_ws/install/lib:/usr/lib/x86_64-linux-gnu/gazebo-11/plugins:/opt/ros/humble/opt/rviz_ogre_vendor/lib:/opt/ros/humble/lib/x86_64-linux-gnu:/opt/ros/humble/lib'), ('HOME', '/home/hjh'), ('CONDA_SHLVL', '0'), ('DESKTOP_SESSION', 'ubuntu'), ('NO_PROXY', 'localhost,127.0.0.1,::1'), ('ROS_PYTHON_VERSION', '3'), ('GNOME_SHELL_SESSION_MODE', 'ubuntu'), ('GTK_MODULES', 'gail:atk-bridge'), ('LC_MONETARY', 'zh_CN.UTF-8'), ('DBUS_STARTER_BUS_TYPE', 'session'), ('SYSTEMD_EXEC_PID', '1769'), ('DBUS_SESSION_BUS_ADDRESS', 'unix:path=/run/user/1000/bus,guid=4bdc633ca0aa5ac165e4d9d869723ee8'), ('COLORTERM', 'truecolor'), ('_CE_M', ''), ('IM_CONFIG_PHASE', '1'), ('WAYLAND_DISPLAY', 'wayland-0'), ('https_proxy', 'http://127.0.0.1:7890/'), ('ROS_DISTRO', 'humble'), ('GTK_IM_MODULE', 'fcitx'), ('LOGNAME', 'hjh'), ('ALL_PROXY', 'socks://127.0.0.1:7890/'), ('http_proxy', 'http://127.0.0.1:7890/'), ('_', '/usr/bin/colcon'), ('ROS_VERSION', '2'), ('XDG_SESSION_CLASS', 'user'), ('USERNAME', 'hjh'), ('TERM', 'xterm-256color'), ('GNOME_DESKTOP_SESSION_ID', 'this-is-deprecated'), ('_CE_CONDA', ''), ('ROS_LOCALHOST_ONLY', '0'), ('PATH', '/home/hjh/miniconda3/condabin:/opt/ros/humble/bin:/home/hjh/.local/bin:/usr/local/sbin:/usr/local/bin:/usr/sbin:/usr/bin:/sbin:/bin:/usr/games:/usr/local/games:/snap/bin:/snap/bin'), ('SESSION_MANAGER', 'local/hjh-Lenovo-G5000-IRH8:@/tmp/.ICE-unix/1769,unix/hjh-Lenovo-G5000-IRH8:/tmp/.ICE-unix/1769'), ('PAPERSIZE', 'a4'), ('XDG_MENU_PREFIX', 'gnome-'), ('LC_ADDRESS', 'zh_CN.UTF-8'), ('GNOME_TERMINAL_SCREEN', '/org/gnome/Terminal/screen/b81bb473_4549_40e1_ad91_fed3d7df0302'), ('GNOME_SETUP_DISPLAY', ':1'), ('XDG_RUNTIME_DIR', '/run/user/1000'), ('DISPLAY', ':0'), ('LANG', 'zh_CN.UTF-8'), ('XDG_CURRENT_DESKTOP', 'ubuntu:GNOME'), ('LC_TELEPHONE', 'zh_CN.UTF-8'), ('XMODIFIERS', '@im=fcitx'), ('XDG_SESSION_DESKTOP', 'ubuntu'), ('XAUTHORITY', '/run/user/1000/.mutter-Xwaylandauth.XKQWJ3'), ('LS_COLORS', 'rs=0:di=01;34:ln=01;36:mh=00:pi=40;33:so=01;35:do=01;35:bd=40;33;01:cd=40;33;01:or=40;31;01:mi=00:su=37;41:sg=30;43:ca=30;41:tw=30;42:ow=34;42:st=37;44:ex=01;32:*.tar=01;31:*.tgz=01;31:*.arc=01;31:*.arj=01;31:*.taz=01;31:*.lha=01;31:*.lz4=01;31:*.lzh=01;31:*.lzma=01;31:*.tlz=01;31:*.txz=01;31:*.tzo=01;31:*.t7z=01;31:*.zip=01;31:*.z=01;31:*.dz=01;31:*.gz=01;31:*.lrz=01;31:*.lz=01;31:*.lzo=01;31:*.xz=01;31:*.zst=01;31:*.tzst=01;31:*.bz2=01;31:*.bz=01;31:*.tbz=01;31:*.tbz2=01;31:*.tz=01;31:*.deb=01;31:*.rpm=01;31:*.jar=01;31:*.war=01;31:*.ear=01;31:*.sar=01;31:*.rar=01;31:*.alz=01;31:*.ace=01;31:*.zoo=01;31:*.cpio=01;31:*.7z=01;31:*.rz=01;31:*.cab=01;31:*.wim=01;31:*.swm=01;31:*.dwm=01;31:*.esd=01;31:*.jpg=01;35:*.jpeg=01;35:*.mjpg=01;35:*.mjpeg=01;35:*.gif=01;35:*.bmp=01;35:*.pbm=01;35:*.pgm=01;35:*.ppm=01;35:*.tga=01;35:*.xbm=01;35:*.xpm=01;35:*.tif=01;35:*.tiff=01;35:*.png=01;35:*.svg=01;35:*.svgz=01;35:*.mng=01;35:*.pcx=01;35:*.mov=01;35:*.mpg=01;35:*.mpeg=01;35:*.m2v=01;35:*.mkv=01;35:*.webm=01;35:*.webp=01;35:*.ogm=01;35:*.mp4=01;35:*.m4v=01;35:*.mp4v=01;35:*.vob=01;35:*.qt=01;35:*.nuv=01;35:*.wmv=01;35:*.asf=01;35:*.rm=01;35:*.rmvb=01;35:*.flc=01;35:*.avi=01;35:*.fli=01;35:*.flv=01;35:*.gl=01;35:*.dl=01;35:*.xcf=01;35:*.xwd=01;35:*.yuv=01;35:*.cgm=01;35:*.emf=01;35:*.ogv=01;35:*.ogx=01;35:*.aac=00;36:*.au=00;36:*.flac=00;36:*.m4a=00;36:*.mid=00;36:*.midi=00;36:*.mka=00;36:*.mp3=00;36:*.mpc=00;36:*.ogg=00;36:*.ra=00;36:*.wav=00;36:*.oga=00;36:*.opus=00;36:*.spx=00;36:*.xspf=00;36:'), ('GNOME_TERMINAL_SERVICE', ':1.159'), ('SSH_AGENT_LAUNCHER', 'gnome-keyring'), ('SSH_AUTH_SOCK', '/run/user/1000/keyring/ssh'), ('AMENT_PREFIX_PATH', '/home/hjh/serial_new0122/install/vision_msg:/home/hjh/serial_new0122/install/def_msg:/opt/ros/humble'), ('CONDA_PYTHON_EXE', '/home/hjh/miniconda3/bin/python'), ('SHELL', '/bin/bash'), ('LC_NAME', 'zh_CN.UTF-8'), ('QT_ACCESSIBILITY', '1'), ('GDMSESSION', 'ubuntu'), ('LESSCLOSE', '/usr/bin/lesspipe %s %s'), ('LC_MEASUREMENT', 'zh_CN.UTF-8'), ('LC_IDENTIFICATION', 'zh_CN.UTF-8'), ('QT_IM_MODULE', 'fcitx'), ('PWD', '/home/hjh/serial_new0122/build/serial_def_sdk'), ('XDG_CONFIG_DIRS', '/etc/xdg/xdg-ubuntu:/etc/xdg'), ('CONDA_EXE', '/home/hjh/miniconda3/bin/conda'), ('CLUTTER_IM_MODULE', 'fcitx'), ('DBUS_STARTER_ADDRESS', 'unix:path=/run/user/1000/bus,guid=4bdc633ca0aa5ac165e4d9d869723ee8'), ('XDG_DATA_DIRS', '/usr/share/ubuntu:/usr/local/share/:/usr/share/:/var/lib/snapd/desktop'), ('PYTHONPATH', '/home/hjh/serial_new0122/install/vision_msg/local/lib/python3.10/dist-packages:/home/hjh/serial_new0122/install/def_msg/local/lib/python3.10/dist-packages:/opt/ros/humble/lib/python3.10/site-packages:/opt/ros/humble/local/lib/python3.10/dist-packages'), ('HTTP_PROXY', 'http://127.0.0.1:7890/'), ('LC_NUMERIC', 'en_US.UTF-8'), ('LC_PAPER', 'zh_CN.UTF-8'), ('COLCON', '1'), ('VTE_VERSION', '6800'), ('CMAKE_PREFIX_PATH', '/home/hjh/serial_new0122/install/vision_msg:/home/hjh/serial_new0122/install/def_msg:/opt/ros/humble')]), 'shell': False}
[7.387950] (serial_def_sdk) StdoutLine: {'line': b'[  9%] \x1b[32mBuilding C object CMakeFiles/uart.dir/uart/DataType.c.o\x1b[0m\n'}
[7.388662] (serial_def_sdk) StdoutLine: {'line': b'[ 18%] \x1b[32mBuilding C object CMakeFiles/uart.dir/uart/crc16.c.o\x1b[0m\n'}
[7.389030] (serial_def_sdk) StdoutLine: {'line': b'[ 27%] \x1b[32mBuilding CXX object CMakeFiles/uart.dir/src/base_controller.cpp.o\x1b[0m\n'}
[7.389315] (serial_def_sdk) StdoutLine: {'line': b'[ 36%] \x1b[32mBuilding CXX object CMakeFiles/uart.dir/uart/SerialDriver.cpp.o\x1b[0m\n'}
[7.389603] (serial_def_sdk) StdoutLine: {'line': b'[ 45%] \x1b[32mBuilding CXX object CMakeFiles/uart.dir/uart/uart_interface.cpp.o\x1b[0m\n'}
[7.389747] (serial_def_sdk) StdoutLine: {'line': b'[ 54%] \x1b[32mBuilding CXX object CMakeFiles/uart.dir/uart/SeaskyProtocol.cpp.o\x1b[0m\n'}
[7.389903] (serial_def_sdk) StdoutLine: {'line': b'[ 63%] \x1b[32mBuilding CXX object CMakeFiles/talker.dir/src/publisher.cpp.o\x1b[0m\n'}
[7.390399] (serial_def_sdk) StdoutLine: {'line': b'[ 72%] \x1b[32mBuilding C object CMakeFiles/uart.dir/uart/crc8.c.o\x1b[0m\n'}
[7.391122] (serial_def_sdk) StdoutLine: {'line': b'[ 81%] \x1b[32mBuilding CXX object CMakeFiles/uart.dir/uart/seasky_communicator.cpp.o\x1b[0m\n'}
[7.419193] (-) TimerEvent: {}
[7.519624] (-) TimerEvent: {}
[7.619925] (-) TimerEvent: {}
[7.692268] (serial_def_sdk) StderrLine: {'line': b'In file included from \x1b[01m\x1b[K/home/hjh/serial_new0122/serial/serial_def_sdk/uart/seasky_communicator.hpp:9\x1b[m\x1b[K,\n'}
[7.692454] (serial_def_sdk) StderrLine: {'line': b'                 from \x1b[01m\x1b[K/home/hjh/serial_new0122/serial/serial_def_sdk/uart/seasky_communicator.cpp:1\x1b[m\x1b[K:\n'}
[7.692535] (serial_def_sdk) StderrLine: {'line': b'\x1b[01m\x1b[K/home/hjh/serial_new0122/serial/serial_def_sdk/uart/uart_hd.h:\x1b[m\x1b[K In constructor \xe2\x80\x98\x1b[01m\x1b[KUartLinux::UartLinux(std::string, int, char, int, int)\x1b[m\x1b[K\xe2\x80\x99:\n'}
[7.692624] (serial_def_sdk) StderrLine: {'line': b'\x1b[01m\x1b[K/home/hjh/serial_new0122/serial/serial_def_sdk/uart/uart_hd.h:17:22:\x1b[m\x1b[K \x1b[01;35m\x1b[Kwarning: \x1b[m\x1b[Kunused parameter \xe2\x80\x98\x1b[01m\x1b[Kuart_name\x1b[m\x1b[K\xe2\x80\x99 [\x1b[01;35m\x1b[K\x1b]8;;https://gcc.gnu.org/onlinedocs/gcc/Warning-Options.html#index-Wunused-parameter\x07-Wunused-parameter\x1b]8;;\x07\x1b[m\x1b[K]\n'}
[7.692701] (serial_def_sdk) StderrLine: {'line': b'   17 |     UartLinux(\x1b[01;35m\x1b[Kstring uart_name = "/dev/ttyUSB0"\x1b[m\x1b[K, int nSpeed = 115200, char nEvent = \'N\', int nBits = 8, int nStop = 1) {}\n'}
[7.692780] (serial_def_sdk) StderrLine: {'line': b'      |               \x1b[01;35m\x1b[K~~~~~~~^~~~~~~~~~~~~~~~~~~~~~~~~~\x1b[m\x1b[K\n'}
[7.692867] (serial_def_sdk) StderrLine: {'line': b'\x1b[01m\x1b[K/home/hjh/serial_new0122/serial/serial_def_sdk/uart/uart_hd.h:17:54:\x1b[m\x1b[K \x1b[01;35m\x1b[Kwarning: \x1b[m\x1b[Kunused parameter \xe2\x80\x98\x1b[01m\x1b[KnSpeed\x1b[m\x1b[K\xe2\x80\x99 [\x1b[01;35m\x1b[K\x1b]8;;https://gcc.gnu.org/onlinedocs/gcc/Warning-Options.html#index-Wunused-parameter\x07-Wunused-parameter\x1b]8;;\x07\x1b[m\x1b[K]\n'}
[7.692941] (serial_def_sdk) StderrLine: {'line': b'   17 |     UartLinux(string uart_name = "/dev/ttyUSB0", \x1b[01;35m\x1b[Kint nSpeed = 115200\x1b[m\x1b[K, char nEvent = \'N\', int nBits = 8, int nStop = 1) {}\n'}
[7.693011] (serial_def_sdk) StderrLine: {'line': b'      |                                                  \x1b[01;35m\x1b[K~~~~^~~~~~~~~~~~~~~\x1b[m\x1b[K\n'}
[7.693079] (serial_def_sdk) StderrLine: {'line': b'\x1b[01m\x1b[K/home/hjh/serial_new0122/serial/serial_def_sdk/uart/uart_hd.h:17:76:\x1b[m\x1b[K \x1b[01;35m\x1b[Kwarning: \x1b[m\x1b[Kunused parameter \xe2\x80\x98\x1b[01m\x1b[KnEvent\x1b[m\x1b[K\xe2\x80\x99 [\x1b[01;35m\x1b[K\x1b]8;;https://gcc.gnu.org/onlinedocs/gcc/Warning-Options.html#index-Wunused-parameter\x07-Wunused-parameter\x1b]8;;\x07\x1b[m\x1b[K]\n'}
[7.693151] (serial_def_sdk) StderrLine: {'line': b'   17 |     UartLinux(string uart_name = "/dev/ttyUSB0", int nSpeed = 115200, \x1b[01;35m\x1b[Kchar nEvent = \'N\'\x1b[m\x1b[K, int nBits = 8, int nStop = 1) {}\n'}
[7.693233] (serial_def_sdk) StderrLine: {'line': b'      |                                                                       \x1b[01;35m\x1b[K~~~~~^~~~~~~~~~~~\x1b[m\x1b[K\n'}
[7.693302] (serial_def_sdk) StderrLine: {'line': b'\x1b[01m\x1b[K/home/hjh/serial_new0122/serial/serial_def_sdk/uart/uart_hd.h:17:94:\x1b[m\x1b[K \x1b[01;35m\x1b[Kwarning: \x1b[m\x1b[Kunused parameter \xe2\x80\x98\x1b[01m\x1b[KnBits\x1b[m\x1b[K\xe2\x80\x99 [\x1b[01;35m\x1b[K\x1b]8;;https://gcc.gnu.org/onlinedocs/gcc/Warning-Options.html#index-Wunused-parameter\x07-Wunused-parameter\x1b]8;;\x07\x1b[m\x1b[K]\n'}
[7.693372] (serial_def_sdk) StderrLine: {'line': b'   17 |     UartLinux(string uart_name = "/dev/ttyUSB0", int nSpeed = 115200, char nEvent = \'N\', \x1b[01;35m\x1b[Kint nBits = 8\x1b[m\x1b[K, int nStop = 1) {}\n'}
[7.693440] (serial_def_sdk) StderrLine: {'line': b'      |                                                                                          \x1b[01;35m\x1b[K~~~~^~~~~~~~~\x1b[m\x1b[K\n'}
[7.693507] (serial_def_sdk) StderrLine: {'line': b'\x1b[01m\x1b[K/home/hjh/serial_new0122/serial/serial_def_sdk/uart/uart_hd.h:17:109:\x1b[m\x1b[K \x1b[01;35m\x1b[Kwarning: \x1b[m\x1b[Kunused parameter \xe2\x80\x98\x1b[01m\x1b[KnStop\x1b[m\x1b[K\xe2\x80\x99 [\x1b[01;35m\x1b[K\x1b]8;;https://gcc.gnu.org/onlinedocs/gcc/Warning-Options.html#index-Wunused-parameter\x07-Wunused-parameter\x1b]8;;\x07\x1b[m\x1b[K]\n'}
[7.693576] (serial_def_sdk) StderrLine: {'line': b'   17 |     UartLinux(string uart_name = "/dev/ttyUSB0", int nSpeed = 115200, char nEvent = \'N\', int nBits = 8, \x1b[01;35m\x1b[Kint nStop = 1\x1b[m\x1b[K) {}\n'}
[7.693642] (serial_def_sdk) StderrLine: {'line': b'      |                                                                                                         \x1b[01;35m\x1b[K~~~~^~~~~~~~~\x1b[m\x1b[K\n'}
[7.696015] (serial_def_sdk) StderrLine: {'line': b'\x1b[01m\x1b[K/home/hjh/serial_new0122/serial/serial_def_sdk/uart/seasky_communicator.cpp:\x1b[m\x1b[K In member function \xe2\x80\x98\x1b[01m\x1b[Kvoid SeaskyCommunicator::pollingLoop()\x1b[m\x1b[K\xe2\x80\x99:\n'}
[7.696179] (serial_def_sdk) StderrLine: {'line': b'\x1b[01m\x1b[K/home/hjh/serial_new0122/serial/serial_def_sdk/uart/seasky_communicator.cpp:63:10:\x1b[m\x1b[K \x1b[01;35m\x1b[Kwarning: \x1b[m\x1b[Kunused variable \xe2\x80\x98\x1b[01m\x1b[Klast_fire\x1b[m\x1b[K\xe2\x80\x99 [\x1b[01;35m\x1b[K\x1b]8;;https://gcc.gnu.org/onlinedocs/gcc/Warning-Options.html#index-Wunused-variable\x07-Wunused-variable\x1b]8;;\x07\x1b[m\x1b[K]\n'}
[7.696266] (serial_def_sdk) StderrLine: {'line': b'   63 |     bool \x1b[01;35m\x1b[Klast_fire\x1b[m\x1b[K = gimbal_receive.fire; // \xe6\x96\xb0\xe5\xa2\x9e\n'}
[7.696342] (serial_def_sdk) StderrLine: {'line': b'      |          \x1b[01;35m\x1b[K^~~~~~~~~\x1b[m\x1b[K\n'}
[7.720028] (-) TimerEvent: {}
[7.820316] (-) TimerEvent: {}
[7.885257] (serial_def_sdk) StderrLine: {'line': b'In file included from \x1b[01m\x1b[K/home/hjh/serial_new0122/serial/serial_def_sdk/uart/uart_interface.cpp:14\x1b[m\x1b[K:\n'}
[7.885473] (serial_def_sdk) StderrLine: {'line': b'\x1b[01m\x1b[K/home/hjh/serial_new0122/serial/serial_def_sdk/uart/uart_hd.h:\x1b[m\x1b[K In constructor \xe2\x80\x98\x1b[01m\x1b[KUartLinux::UartLinux(std::string, int, char, int, int)\x1b[m\x1b[K\xe2\x80\x99:\n'}
[7.885565] (serial_def_sdk) StderrLine: {'line': b'\x1b[01m\x1b[K/home/hjh/serial_new0122/serial/serial_def_sdk/uart/uart_hd.h:17:22:\x1b[m\x1b[K \x1b[01;35m\x1b[Kwarning: \x1b[m\x1b[Kunused parameter \xe2\x80\x98\x1b[01m\x1b[Kuart_name\x1b[m\x1b[K\xe2\x80\x99 [\x1b[01;35m\x1b[K\x1b]8;;https://gcc.gnu.org/onlinedocs/gcc/Warning-Options.html#index-Wunused-parameter\x07-Wunused-parameter\x1b]8;;\x07\x1b[m\x1b[K]\n'}
[7.885654] (serial_def_sdk) StderrLine: {'line': b'   17 |     UartLinux(\x1b[01;35m\x1b[Kstring uart_name = "/dev/ttyUSB0"\x1b[m\x1b[K, int nSpeed = 115200, char nEvent = \'N\', int nBits = 8, int nStop = 1) {}\n'}
[7.885737] (serial_def_sdk) StderrLine: {'line': b'      |               \x1b[01;35m\x1b[K~~~~~~~^~~~~~~~~~~~~~~~~~~~~~~~~~\x1b[m\x1b[K\n'}
[7.885829] (serial_def_sdk) StderrLine: {'line': b'\x1b[01m\x1b[K/home/hjh/serial_new0122/serial/serial_def_sdk/uart/uart_hd.h:17:54:\x1b[m\x1b[K \x1b[01;35m\x1b[Kwarning: \x1b[m\x1b[Kunused parameter \xe2\x80\x98\x1b[01m\x1b[KnSpeed\x1b[m\x1b[K\xe2\x80\x99 [\x1b[01;35m\x1b[K\x1b]8;;https://gcc.gnu.org/onlinedocs/gcc/Warning-Options.html#index-Wunused-parameter\x07-Wunused-parameter\x1b]8;;\x07\x1b[m\x1b[K]\n'}
[7.885925] (serial_def_sdk) StderrLine: {'line': b'   17 |     UartLinux(string uart_name = "/dev/ttyUSB0", \x1b[01;35m\x1b[Kint nSpeed = 115200\x1b[m\x1b[K, char nEvent = \'N\', int nBits = 8, int nStop = 1) {}\n'}
[7.886004] (serial_def_sdk) StderrLine: {'line': b'      |                                                  \x1b[01;35m\x1b[K~~~~^~~~~~~~~~~~~~~\x1b[m\x1b[K\n'}
[7.886082] (serial_def_sdk) StderrLine: {'line': b'\x1b[01m\x1b[K/home/hjh/serial_new0122/serial/serial_def_sdk/uart/uart_hd.h:17:76:\x1b[m\x1b[K \x1b[01;35m\x1b[Kwarning: \x1b[m\x1b[Kunused parameter \xe2\x80\x98\x1b[01m\x1b[KnEvent\x1b[m\x1b[K\xe2\x80\x99 [\x1b[01;35m\x1b[K\x1b]8;;https://gcc.gnu.org/onlinedocs/gcc/Warning-Options.html#index-Wunused-parameter\x07-Wunused-parameter\x1b]8;;\x07\x1b[m\x1b[K]\n'}
[7.886161] (serial_def_sdk) StderrLine: {'line': b'   17 |     UartLinux(string uart_name = "/dev/ttyUSB0", int nSpeed = 115200, \x1b[01;35m\x1b[Kchar nEvent = \'N\'\x1b[m\x1b[K, int nBits = 8, int nStop = 1) {}\n'}
[7.886238] (serial_def_sdk) StderrLine: {'line': b'      |                                                                       \x1b[01;35m\x1b[K~~~~~^~~~~~~~~~~~\x1b[m\x1b[K\n'}
[7.886315] (serial_def_sdk) StderrLine: {'line': b'\x1b[01m\x1b[K/home/hjh/serial_new0122/serial/serial_def_sdk/uart/uart_hd.h:17:94:\x1b[m\x1b[K \x1b[01;35m\x1b[Kwarning: \x1b[m\x1b[Kunused parameter \xe2\x80\x98\x1b[01m\x1b[KnBits\x1b[m\x1b[K\xe2\x80\x99 [\x1b[01;35m\x1b[K\x1b]8;;https://gcc.gnu.org/onlinedocs/gcc/Warning-Options.html#index-Wunused-parameter\x07-Wunused-parameter\x1b]8;;\x07\x1b[m\x1b[K]\n'}
[7.886399] (serial_def_sdk) StderrLine: {'line': b'   17 |     UartLinux(string uart_name = "/dev/ttyUSB0", int nSpeed = 115200, char nEvent = \'N\', \x1b[01;35m\x1b[Kint nBits = 8\x1b[m\x1b[K, int nStop = 1) {}\n'}
[7.886477] (serial_def_sdk) StderrLine: {'line': b'      |                                                                                          \x1b[01;35m\x1b[K~~~~^~~~~~~~~\x1b[m\x1b[K\n'}
[7.886554] (serial_def_sdk) StderrLine: {'line': b'\x1b[01m\x1b[K/home/hjh/serial_new0122/serial/serial_def_sdk/uart/uart_hd.h:17:109:\x1b[m\x1b[K \x1b[01;35m\x1b[Kwarning: \x1b[m\x1b[Kunused parameter \xe2\x80\x98\x1b[01m\x1b[KnStop\x1b[m\x1b[K\xe2\x80\x99 [\x1b[01;35m\x1b[K\x1b]8;;https://gcc.gnu.org/onlinedocs/gcc/Warning-Options.html#index-Wunused-parameter\x07-Wunused-parameter\x1b]8;;\x07\x1b[m\x1b[K]\n'}
[7.886632] (serial_def_sdk) StderrLine: {'line': b'   17 |     UartLinux(string uart_name = "/dev/ttyUSB0", int nSpeed = 115200, char nEvent = \'N\', int nBits = 8, \x1b[01;35m\x1b[Kint nStop = 1\x1b[m\x1b[K) {}\n'}
[7.886709] (serial_def_sdk) StderrLine: {'line': b'      |                                                                                                         \x1b[01;35m\x1b[K~~~~^~~~~~~~~\x1b[m\x1b[K\n'}
[7.887461] (serial_def_sdk) StderrLine: {'line': b'\x1b[01m\x1b[K/home/hjh/serial_new0122/serial/serial_def_sdk/uart/uart_interface.cpp:\x1b[m\x1b[K In function \xe2\x80\x98\x1b[01m\x1b[Kvoid defUartRead(uint8_t*, int)\x1b[m\x1b[K\xe2\x80\x99:\n'}
[7.887641] (serial_def_sdk) StderrLine: {'line': b'\x1b[01m\x1b[K/home/hjh/serial_new0122/serial/serial_def_sdk/uart/uart_interface.cpp:77:27:\x1b[m\x1b[K \x1b[01;35m\x1b[Kwarning: \x1b[m\x1b[Kunused parameter \xe2\x80\x98\x1b[01m\x1b[Kreadbuff\x1b[m\x1b[K\xe2\x80\x99 [\x1b[01;35m\x1b[K\x1b]8;;https://gcc.gnu.org/onlinedocs/gcc/Warning-Options.html#index-Wunused-parameter\x07-Wunused-parameter\x1b]8;;\x07\x1b[m\x1b[K]\n'}
[7.887731] (serial_def_sdk) StderrLine: {'line': b'   77 | void defUartRead(\x1b[01;35m\x1b[Kuint8_t* readbuff\x1b[m\x1b[K, int nread) {\n'}
[7.887810] (serial_def_sdk) StderrLine: {'line': b'      |                  \x1b[01;35m\x1b[K~~~~~~~~~^~~~~~~~\x1b[m\x1b[K\n'}
[7.887900] (serial_def_sdk) StderrLine: {'line': b'\x1b[01m\x1b[K/home/hjh/serial_new0122/serial/serial_def_sdk/uart/uart_interface.cpp:77:41:\x1b[m\x1b[K \x1b[01;35m\x1b[Kwarning: \x1b[m\x1b[Kunused parameter \xe2\x80\x98\x1b[01m\x1b[Knread\x1b[m\x1b[K\xe2\x80\x99 [\x1b[01;35m\x1b[K\x1b]8;;https://gcc.gnu.org/onlinedocs/gcc/Warning-Options.html#index-Wunused-parameter\x07-Wunused-parameter\x1b]8;;\x07\x1b[m\x1b[K]\n'}
[7.887979] (serial_def_sdk) StderrLine: {'line': b'   77 | void defUartRead(uint8_t* readbuff, \x1b[01;35m\x1b[Kint nread\x1b[m\x1b[K) {\n'}
[7.888054] (serial_def_sdk) StderrLine: {'line': b'      |                                     \x1b[01;35m\x1b[K~~~~^~~~~\x1b[m\x1b[K\n'}
[7.888127] (serial_def_sdk) StderrLine: {'line': b'\x1b[01m\x1b[K/home/hjh/serial_new0122/serial/serial_def_sdk/uart/uart_interface.cpp:\x1b[m\x1b[K In function \xe2\x80\x98\x1b[01m\x1b[Kvoid print_frame(const char*, uint8_t*, int)\x1b[m\x1b[K\xe2\x80\x99:\n'}
[7.888217] (serial_def_sdk) StderrLine: {'line': b'\x1b[01m\x1b[K/home/hjh/serial_new0122/serial/serial_def_sdk/uart/uart_interface.cpp:84:30:\x1b[m\x1b[K \x1b[01;35m\x1b[Kwarning: \x1b[m\x1b[Kunused parameter \xe2\x80\x98\x1b[01m\x1b[Kdesc\x1b[m\x1b[K\xe2\x80\x99 [\x1b[01;35m\x1b[K\x1b]8;;https://gcc.gnu.org/onlinedocs/gcc/Warning-Options.html#index-Wunused-parameter\x07-Wunused-parameter\x1b]8;;\x07\x1b[m\x1b[K]\n'}
[7.888294] (serial_def_sdk) StderrLine: {'line': b'   84 | void print_frame(\x1b[01;35m\x1b[Kconst char *desc\x1b[m\x1b[K, uint8_t *buf, int size) {}\n'}
[7.888368] (serial_def_sdk) StderrLine: {'line': b'      |                  \x1b[01;35m\x1b[K~~~~~~~~~~~~^~~~\x1b[m\x1b[K\n'}
[7.888446] (serial_def_sdk) StderrLine: {'line': b'\x1b[01m\x1b[K/home/hjh/serial_new0122/serial/serial_def_sdk/uart/uart_interface.cpp:84:45:\x1b[m\x1b[K \x1b[01;35m\x1b[Kwarning: \x1b[m\x1b[Kunused parameter \xe2\x80\x98\x1b[01m\x1b[Kbuf\x1b[m\x1b[K\xe2\x80\x99 [\x1b[01;35m\x1b[K\x1b]8;;https://gcc.gnu.org/onlinedocs/gcc/Warning-Options.html#index-Wunused-parameter\x07-Wunused-parameter\x1b]8;;\x07\x1b[m\x1b[K]\n'}
[7.888524] (serial_def_sdk) StderrLine: {'line': b'   84 | void print_frame(const char *desc, \x1b[01;35m\x1b[Kuint8_t *buf\x1b[m\x1b[K, int size) {}\n'}
[7.888598] (serial_def_sdk) StderrLine: {'line': b'      |                                    \x1b[01;35m\x1b[K~~~~~~~~~^~~\x1b[m\x1b[K\n'}
[7.888671] (serial_def_sdk) StderrLine: {'line': b'\x1b[01m\x1b[K/home/hjh/serial_new0122/serial/serial_def_sdk/uart/uart_interface.cpp:84:54:\x1b[m\x1b[K \x1b[01;35m\x1b[Kwarning: \x1b[m\x1b[Kunused parameter \xe2\x80\x98\x1b[01m\x1b[Ksize\x1b[m\x1b[K\xe2\x80\x99 [\x1b[01;35m\x1b[K\x1b]8;;https://gcc.gnu.org/onlinedocs/gcc/Warning-Options.html#index-Wunused-parameter\x07-Wunused-parameter\x1b]8;;\x07\x1b[m\x1b[K]\n'}
[7.888746] (serial_def_sdk) StderrLine: {'line': b'   84 | void print_frame(const char *desc, uint8_t *buf, \x1b[01;35m\x1b[Kint size\x1b[m\x1b[K) {}\n'}
[7.888827] (serial_def_sdk) StderrLine: {'line': b'      |                                                  \x1b[01;35m\x1b[K~~~~^~~~\x1b[m\x1b[K\n'}
[7.888908] (serial_def_sdk) StderrLine: {'line': b'\x1b[01m\x1b[K/home/hjh/serial_new0122/serial/serial_def_sdk/uart/uart_interface.cpp:\x1b[m\x1b[K In function \xe2\x80\x98\x1b[01m\x1b[Kbool WriteDataWapper(const unsigned char*, unsigned int)\x1b[m\x1b[K\xe2\x80\x99:\n'}
[7.888983] (serial_def_sdk) StderrLine: {'line': b'\x1b[01m\x1b[K/home/hjh/serial_new0122/serial/serial_def_sdk/uart/uart_interface.cpp:85:43:\x1b[m\x1b[K \x1b[01;35m\x1b[Kwarning: \x1b[m\x1b[Kunused parameter \xe2\x80\x98\x1b[01m\x1b[KpData\x1b[m\x1b[K\xe2\x80\x99 [\x1b[01;35m\x1b[K\x1b]8;;https://gcc.gnu.org/onlinedocs/gcc/Warning-Options.html#index-Wunused-parameter\x07-Wunused-parameter\x1b]8;;\x07\x1b[m\x1b[K]\n'}
[7.889058] (serial_def_sdk) StderrLine: {'line': b'   85 | bool WriteDataWapper(\x1b[01;35m\x1b[Kconst unsigned char* pData\x1b[m\x1b[K, unsigned int length) { return false; }\n'}
[7.889132] (serial_def_sdk) StderrLine: {'line': b'      |                      \x1b[01;35m\x1b[K~~~~~~~~~~~~~~~~~~~~~^~~~~\x1b[m\x1b[K\n'}
[7.889204] (serial_def_sdk) StderrLine: {'line': b'\x1b[01m\x1b[K/home/hjh/serial_new0122/serial/serial_def_sdk/uart/uart_interface.cpp:85:63:\x1b[m\x1b[K \x1b[01;35m\x1b[Kwarning: \x1b[m\x1b[Kunused parameter \xe2\x80\x98\x1b[01m\x1b[Klength\x1b[m\x1b[K\xe2\x80\x99 [\x1b[01;35m\x1b[K\x1b]8;;https://gcc.gnu.org/onlinedocs/gcc/Warning-Options.html#index-Wunused-parameter\x07-Wunused-parameter\x1b]8;;\x07\x1b[m\x1b[K]\n'}
[7.889279] (serial_def_sdk) StderrLine: {'line': b'   85 | bool WriteDataWapper(const unsigned char* pData, \x1b[01;35m\x1b[Kunsigned int length\x1b[m\x1b[K) { return false; }\n'}
[7.889352] (serial_def_sdk) StderrLine: {'line': b'      |                                                  \x1b[01;35m\x1b[K~~~~~~~~~~~~~^~~~~~\x1b[m\x1b[K\n'}
[7.920551] (-) TimerEvent: {}
[8.020952] (-) TimerEvent: {}
[8.121379] (-) TimerEvent: {}
[8.221793] (-) TimerEvent: {}
[8.322101] (-) TimerEvent: {}
[8.422523] (-) TimerEvent: {}
[8.522939] (-) TimerEvent: {}
[8.623352] (-) TimerEvent: {}
[8.723756] (-) TimerEvent: {}
[8.824179] (-) TimerEvent: {}
[8.924602] (-) TimerEvent: {}
[9.025015] (-) TimerEvent: {}
[9.125341] (-) TimerEvent: {}
[9.175919] (serial_def_sdk) StderrLine: {'line': b'In file included from \x1b[01m\x1b[K/home/hjh/serial_new0122/serial/serial_def_sdk/./include/serial/base_controller.h:24\x1b[m\x1b[K,\n'}
[9.176111] (serial_def_sdk) StderrLine: {'line': b'                 from \x1b[01m\x1b[K/home/hjh/serial_new0122/serial/serial_def_sdk/src/base_controller.cpp:1\x1b[m\x1b[K:\n'}
[9.176195] (serial_def_sdk) StderrLine: {'line': b'\x1b[01m\x1b[K/home/hjh/serial_new0122/serial/serial_def_sdk/./uart/uart_hd.h:\x1b[m\x1b[K In constructor \xe2\x80\x98\x1b[01m\x1b[KUartLinux::UartLinux(std::string, int, char, int, int)\x1b[m\x1b[K\xe2\x80\x99:\n'}
[9.176289] (serial_def_sdk) StderrLine: {'line': b'\x1b[01m\x1b[K/home/hjh/serial_new0122/serial/serial_def_sdk/./uart/uart_hd.h:17:22:\x1b[m\x1b[K \x1b[01;35m\x1b[Kwarning: \x1b[m\x1b[Kunused parameter \xe2\x80\x98\x1b[01m\x1b[Kuart_name\x1b[m\x1b[K\xe2\x80\x99 [\x1b[01;35m\x1b[K\x1b]8;;https://gcc.gnu.org/onlinedocs/gcc/Warning-Options.html#index-Wunused-parameter\x07-Wunused-parameter\x1b]8;;\x07\x1b[m\x1b[K]\n'}
[9.176371] (serial_def_sdk) StderrLine: {'line': b'   17 |     UartLinux(\x1b[01;35m\x1b[Kstring uart_name = "/dev/ttyUSB0"\x1b[m\x1b[K, int nSpeed = 115200, char nEvent = \'N\', int nBits = 8, int nStop = 1) {}\n'}
[9.176449] (serial_def_sdk) StderrLine: {'line': b'      |               \x1b[01;35m\x1b[K~~~~~~~^~~~~~~~~~~~~~~~~~~~~~~~~~\x1b[m\x1b[K\n'}
[9.176523] (serial_def_sdk) StderrLine: {'line': b'\x1b[01m\x1b[K/home/hjh/serial_new0122/serial/serial_def_sdk/./uart/uart_hd.h:17:54:\x1b[m\x1b[K \x1b[01;35m\x1b[Kwarning: \x1b[m\x1b[Kunused parameter \xe2\x80\x98\x1b[01m\x1b[KnSpeed\x1b[m\x1b[K\xe2\x80\x99 [\x1b[01;35m\x1b[K\x1b]8;;https://gcc.gnu.org/onlinedocs/gcc/Warning-Options.html#index-Wunused-parameter\x07-Wunused-parameter\x1b]8;;\x07\x1b[m\x1b[K]\n'}
[9.176600] (serial_def_sdk) StderrLine: {'line': b'   17 |     UartLinux(string uart_name = "/dev/ttyUSB0", \x1b[01;35m\x1b[Kint nSpeed = 115200\x1b[m\x1b[K, char nEvent = \'N\', int nBits = 8, int nStop = 1) {}\n'}
[9.176674] (serial_def_sdk) StderrLine: {'line': b'      |                                                  \x1b[01;35m\x1b[K~~~~^~~~~~~~~~~~~~~\x1b[m\x1b[K\n'}
[9.176747] (serial_def_sdk) StderrLine: {'line': b'\x1b[01m\x1b[K/home/hjh/serial_new0122/serial/serial_def_sdk/./uart/uart_hd.h:17:76:\x1b[m\x1b[K \x1b[01;35m\x1b[Kwarning: \x1b[m\x1b[Kunused parameter \xe2\x80\x98\x1b[01m\x1b[KnEvent\x1b[m\x1b[K\xe2\x80\x99 [\x1b[01;35m\x1b[K\x1b]8;;https://gcc.gnu.org/onlinedocs/gcc/Warning-Options.html#index-Wunused-parameter\x07-Wunused-parameter\x1b]8;;\x07\x1b[m\x1b[K]\n'}
[9.176840] (serial_def_sdk) StderrLine: {'line': b'   17 | tring uart_name = "/dev/ttyUSB0", int nSpeed = 115200, \x1b[01;35m\x1b[Kchar nEvent = \'N\'\x1b[m\x1b[K, int nBits = 8, int nStop = 1) {}\n'}
[9.176920] (serial_def_sdk) StderrLine: {'line': b'      |                                                        \x1b[01;35m\x1b[K~~~~~^~~~~~~~~~~~\x1b[m\x1b[K\n'}
[9.176992] (serial_def_sdk) StderrLine: {'line': b'\n'}
[9.177065] (serial_def_sdk) StderrLine: {'line': b'\x1b[01m\x1b[K/home/hjh/serial_new0122/serial/serial_def_sdk/./uart/uart_hd.h:17:94:\x1b[m\x1b[K \x1b[01;35m\x1b[Kwarning: \x1b[m\x1b[Kunused parameter \xe2\x80\x98\x1b[01m\x1b[KnBits\x1b[m\x1b[K\xe2\x80\x99 [\x1b[01;35m\x1b[K\x1b]8;;https://gcc.gnu.org/onlinedocs/gcc/Warning-Options.html#index-Wunused-parameter\x07-Wunused-parameter\x1b]8;;\x07\x1b[m\x1b[K]\n'}
[9.177155] (serial_def_sdk) StderrLine: {'line': b'   17 | "/dev/ttyUSB0", int nSpeed = 115200, char nEvent = \'N\', \x1b[01;35m\x1b[Kint nBits = 8\x1b[m\x1b[K, int nStop = 1) {}\n'}
[9.177229] (serial_def_sdk) StderrLine: {'line': b'      |                                                         \x1b[01;35m\x1b[K~~~~^~~~~~~~~\x1b[m\x1b[K\n'}
[9.177301] (serial_def_sdk) StderrLine: {'line': b'\n'}
[9.177373] (serial_def_sdk) StderrLine: {'line': b'\x1b[01m\x1b[K/home/hjh/serial_new0122/serial/serial_def_sdk/./uart/uart_hd.h:17:109:\x1b[m\x1b[K \x1b[01;35m\x1b[Kwarning: \x1b[m\x1b[Kunused parameter \xe2\x80\x98\x1b[01m\x1b[KnStop\x1b[m\x1b[K\xe2\x80\x99 [\x1b[01;35m\x1b[K\x1b]8;;https://gcc.gnu.org/onlinedocs/gcc/Warning-Options.html#index-Wunused-parameter\x07-Wunused-parameter\x1b]8;;\x07\x1b[m\x1b[K]\n'}
[9.177447] (serial_def_sdk) StderrLine: {'line': b"   17 |  int nSpeed = 115200, char nEvent = 'N', int nBits = 8, \x1b[01;35m\x1b[Kint nStop = 1\x1b[m\x1b[K) {}\n"}
[9.177519] (serial_def_sdk) StderrLine: {'line': b'      |                                                         \x1b[01;35m\x1b[K~~~~^~~~~~~~~\x1b[m\x1b[K\n'}
[9.177595] (serial_def_sdk) StderrLine: {'line': b'\n'}
[9.225574] (-) TimerEvent: {}
[9.326000] (-) TimerEvent: {}
[9.426424] (-) TimerEvent: {}
[9.526825] (-) TimerEvent: {}
[9.627230] (-) TimerEvent: {}
[9.727633] (-) TimerEvent: {}
[9.828057] (-) TimerEvent: {}
[9.928466] (-) TimerEvent: {}
[10.028889] (-) TimerEvent: {}
[10.118127] (serial_def_sdk) StdoutLine: {'line': b'[ 90%] \x1b[1m\x1b[32mLinking CXX executable talker\x1b[0m\n'}
[10.129175] (-) TimerEvent: {}
[10.229633] (-) TimerEvent: {}
[10.247153] (serial_def_sdk) StdoutLine: {'line': b'[ 90%] Built target talker\n'}
[10.329899] (-) TimerEvent: {}
[10.430231] (-) TimerEvent: {}
[10.530636] (-) TimerEvent: {}
[10.631057] (-) TimerEvent: {}
[10.731471] (-) TimerEvent: {}
[10.831886] (-) TimerEvent: {}
[10.932183] (-) TimerEvent: {}
[11.032610] (-) TimerEvent: {}
[11.133015] (-) TimerEvent: {}
[11.233435] (-) TimerEvent: {}
[11.333855] (-) TimerEvent: {}
[11.434146] (-) TimerEvent: {}
[11.534573] (-) TimerEvent: {}
[11.635034] (-) TimerEvent: {}
[11.735457] (-) TimerEvent: {}
[11.835875] (-) TimerEvent: {}
[11.936193] (-) TimerEvent: {}
[12.036437] (-) TimerEvent: {}
[12.136747] (-) TimerEvent: {}
[12.236982] (-) TimerEvent: {}
[12.337330] (-) TimerEvent: {}
[12.437675] (-) TimerEvent: {}
[12.537979] (-) TimerEvent: {}
[12.638199] (-) TimerEvent: {}
[12.738531] (-) TimerEvent: {}
[12.838874] (-) TimerEvent: {}
[12.939106] (-) TimerEvent: {}
[13.039393] (-) TimerEvent: {}
[13.139739] (-) TimerEvent: {}
[13.240020] (-) TimerEvent: {}
[13.340266] (-) TimerEvent: {}
[13.440627] (-) TimerEvent: {}
[13.540961] (-) TimerEvent: {}
[13.641197] (-) TimerEvent: {}
[13.741468] (-) TimerEvent: {}
[13.841738] (-) TimerEvent: {}
[13.941994] (-) TimerEvent: {}
[14.042314] (-) TimerEvent: {}
[14.142632] (-) TimerEvent: {}
[14.242957] (-) TimerEvent: {}
[14.343278] (-) TimerEvent: {}
[14.443610] (-) TimerEvent: {}
[14.543943] (-) TimerEvent: {}
[14.644264] (-) TimerEvent: {}
[14.744582] (-) TimerEvent: {}
[14.844908] (-) TimerEvent: {}
[14.945239] (-) TimerEvent: {}
[15.045553] (-) TimerEvent: {}
[15.145869] (-) TimerEvent: {}
[15.246089] (-) TimerEvent: {}
[15.346429] (-) TimerEvent: {}
[15.446658] (-) TimerEvent: {}
[15.547016] (-) TimerEvent: {}
[15.647362] (-) TimerEvent: {}
[15.747685] (-) TimerEvent: {}
[15.847986] (-) TimerEvent: {}
[15.948203] (-) TimerEvent: {}
[16.048453] (-) TimerEvent: {}
[16.148766] (-) TimerEvent: {}
[16.248981] (-) TimerEvent: {}
[16.349196] (-) TimerEvent: {}
[16.449437] (-) TimerEvent: {}
[16.549739] (-) TimerEvent: {}
[16.649966] (-) TimerEvent: {}
[16.750181] (-) TimerEvent: {}
[16.850430] (-) TimerEvent: {}
[16.950743] (-) TimerEvent: {}
[17.050984] (-) TimerEvent: {}
[17.151195] (-) TimerEvent: {}
[17.251508] (-) TimerEvent: {}
[17.351753] (-) TimerEvent: {}
[17.451982] (-) TimerEvent: {}
[17.552307] (-) TimerEvent: {}
[17.652618] (-) TimerEvent: {}
[17.752933] (-) TimerEvent: {}
[17.853242] (-) TimerEvent: {}
[17.953561] (-) TimerEvent: {}
[18.053875] (-) TimerEvent: {}
[18.154194] (-) TimerEvent: {}
[18.254501] (-) TimerEvent: {}
[18.354866] (-) TimerEvent: {}
[18.455183] (-) TimerEvent: {}
[18.555446] (-) TimerEvent: {}
[18.655786] (-) TimerEvent: {}
[18.756063] (-) TimerEvent: {}
[18.856393] (-) TimerEvent: {}
[18.956737] (-) TimerEvent: {}
[19.057088] (-) TimerEvent: {}
[19.157352] (-) TimerEvent: {}
[19.257692] (-) TimerEvent: {}
[19.358050] (-) TimerEvent: {}
[19.368239] (serial_def_sdk) StdoutLine: {'line': b'[100%] \x1b[1m\x1b[32mLinking CXX executable uart\x1b[0m\n'}
[19.458242] (-) TimerEvent: {}
[19.558566] (-) TimerEvent: {}
[19.658894] (-) TimerEvent: {}
[19.759246] (-) TimerEvent: {}
[19.859490] (-) TimerEvent: {}
[19.959839] (-) TimerEvent: {}
[20.060191] (-) TimerEvent: {}
[20.117262] (serial_def_sdk) StdoutLine: {'line': b'[100%] Built target uart\n'}
[20.123806] (serial_def_sdk) CommandEnded: {'returncode': 0}
[20.125572] (serial_def_sdk) JobProgress: {'identifier': 'serial_def_sdk', 'progress': 'install'}
[20.125639] (serial_def_sdk) Command: {'cmd': ['/usr/bin/cmake', '--install', '/home/hjh/serial_new0122/build/serial_def_sdk'], 'cwd': '/home/hjh/serial_new0122/build/serial_def_sdk', 'env': OrderedDict([('LESSOPEN', '| /usr/bin/lesspipe %s'), ('HTTPS_PROXY', 'http://127.0.0.1:7890/'), ('no_proxy', 'localhost,127.0.0.1,::1'), ('LANGUAGE', 'zh_CN:en'), ('USER', 'hjh'), ('LC_TIME', 'zh_CN.UTF-8'), ('all_proxy', 'socks://127.0.0.1:7890/'), ('XDG_SESSION_TYPE', 'wayland'), ('SHLVL', '1'), ('LD_LIBRARY_PATH', '/home/hjh/serial_new0122/install/vision_msg/lib:/home/hjh/serial_new0122/install/def_msg/lib:/opt/ros/humble/opt/openvdb_vendor/lib:/home/hjh/ros2_ws/install/lib:/home/hjh/ros2_ws/install/lib:/usr/lib/x86_64-linux-gnu/gazebo-11/plugins:/opt/ros/humble/opt/rviz_ogre_vendor/lib:/opt/ros/humble/lib/x86_64-linux-gnu:/opt/ros/humble/lib'), ('HOME', '/home/hjh'), ('CONDA_SHLVL', '0'), ('DESKTOP_SESSION', 'ubuntu'), ('NO_PROXY', 'localhost,127.0.0.1,::1'), ('ROS_PYTHON_VERSION', '3'), ('GNOME_SHELL_SESSION_MODE', 'ubuntu'), ('GTK_MODULES', 'gail:atk-bridge'), ('LC_MONETARY', 'zh_CN.UTF-8'), ('DBUS_STARTER_BUS_TYPE', 'session'), ('SYSTEMD_EXEC_PID', '1769'), ('DBUS_SESSION_BUS_ADDRESS', 'unix:path=/run/user/1000/bus,guid=4bdc633ca0aa5ac165e4d9d869723ee8'), ('COLORTERM', 'truecolor'), ('_CE_M', ''), ('IM_CONFIG_PHASE', '1'), ('WAYLAND_DISPLAY', 'wayland-0'), ('https_proxy', 'http://127.0.0.1:7890/'), ('ROS_DISTRO', 'humble'), ('GTK_IM_MODULE', 'fcitx'), ('LOGNAME', 'hjh'), ('ALL_PROXY', 'socks://127.0.0.1:7890/'), ('http_proxy', 'http://127.0.0.1:7890/'), ('_', '/usr/bin/colcon'), ('ROS_VERSION', '2'), ('XDG_SESSION_CLASS', 'user'), ('USERNAME', 'hjh'), ('TERM', 'xterm-256color'), ('GNOME_DESKTOP_SESSION_ID', 'this-is-deprecated'), ('_CE_CONDA', ''), ('ROS_LOCALHOST_ONLY', '0'), ('PATH', '/home/hjh/miniconda3/condabin:/opt/ros/humble/bin:/home/hjh/.local/bin:/usr/local/sbin:/usr/local/bin:/usr/sbin:/usr/bin:/sbin:/bin:/usr/games:/usr/local/games:/snap/bin:/snap/bin'), ('SESSION_MANAGER', 'local/hjh-Lenovo-G5000-IRH8:@/tmp/.ICE-unix/1769,unix/hjh-Lenovo-G5000-IRH8:/tmp/.ICE-unix/1769'), ('PAPERSIZE', 'a4'), ('XDG_MENU_PREFIX', 'gnome-'), ('LC_ADDRESS', 'zh_CN.UTF-8'), ('GNOME_TERMINAL_SCREEN', '/org/gnome/Terminal/screen/b81bb473_4549_40e1_ad91_fed3d7df0302'), ('GNOME_SETUP_DISPLAY', ':1'), ('XDG_RUNTIME_DIR', '/run/user/1000'), ('DISPLAY', ':0'), ('LANG', 'zh_CN.UTF-8'), ('XDG_CURRENT_DESKTOP', 'ubuntu:GNOME'), ('LC_TELEPHONE', 'zh_CN.UTF-8'), ('XMODIFIERS', '@im=fcitx'), ('XDG_SESSION_DESKTOP', 'ubuntu'), ('XAUTHORITY', '/run/user/1000/.mutter-Xwaylandauth.XKQWJ3'), ('LS_COLORS', 'rs=0:di=01;34:ln=01;36:mh=00:pi=40;33:so=01;35:do=01;35:bd=40;33;01:cd=40;33;01:or=40;31;01:mi=00:su=37;41:sg=30;43:ca=30;41:tw=30;42:ow=34;42:st=37;44:ex=01;32:*.tar=01;31:*.tgz=01;31:*.arc=01;31:*.arj=01;31:*.taz=01;31:*.lha=01;31:*.lz4=01;31:*.lzh=01;31:*.lzma=01;31:*.tlz=01;31:*.txz=01;31:*.tzo=01;31:*.t7z=01;31:*.zip=01;31:*.z=01;31:*.dz=01;31:*.gz=01;31:*.lrz=01;31:*.lz=01;31:*.lzo=01;31:*.xz=01;31:*.zst=01;31:*.tzst=01;31:*.bz2=01;31:*.bz=01;31:*.tbz=01;31:*.tbz2=01;31:*.tz=01;31:*.deb=01;31:*.rpm=01;31:*.jar=01;31:*.war=01;31:*.ear=01;31:*.sar=01;31:*.rar=01;31:*.alz=01;31:*.ace=01;31:*.zoo=01;31:*.cpio=01;31:*.7z=01;31:*.rz=01;31:*.cab=01;31:*.wim=01;31:*.swm=01;31:*.dwm=01;31:*.esd=01;31:*.jpg=01;35:*.jpeg=01;35:*.mjpg=01;35:*.mjpeg=01;35:*.gif=01;35:*.bmp=01;35:*.pbm=01;35:*.pgm=01;35:*.ppm=01;35:*.tga=01;35:*.xbm=01;35:*.xpm=01;35:*.tif=01;35:*.tiff=01;35:*.png=01;35:*.svg=01;35:*.svgz=01;35:*.mng=01;35:*.pcx=01;35:*.mov=01;35:*.mpg=01;35:*.mpeg=01;35:*.m2v=01;35:*.mkv=01;35:*.webm=01;35:*.webp=01;35:*.ogm=01;35:*.mp4=01;35:*.m4v=01;35:*.mp4v=01;35:*.vob=01;35:*.qt=01;35:*.nuv=01;35:*.wmv=01;35:*.asf=01;35:*.rm=01;35:*.rmvb=01;35:*.flc=01;35:*.avi=01;35:*.fli=01;35:*.flv=01;35:*.gl=01;35:*.dl=01;35:*.xcf=01;35:*.xwd=01;35:*.yuv=01;35:*.cgm=01;35:*.emf=01;35:*.ogv=01;35:*.ogx=01;35:*.aac=00;36:*.au=00;36:*.flac=00;36:*.m4a=00;36:*.mid=00;36:*.midi=00;36:*.mka=00;36:*.mp3=00;36:*.mpc=00;36:*.ogg=00;36:*.ra=00;36:*.wav=00;36:*.oga=00;36:*.opus=00;36:*.spx=00;36:*.xspf=00;36:'), ('GNOME_TERMINAL_SERVICE', ':1.159'), ('SSH_AGENT_LAUNCHER', 'gnome-keyring'), ('SSH_AUTH_SOCK', '/run/user/1000/keyring/ssh'), ('AMENT_PREFIX_PATH', '/home/hjh/serial_new0122/install/vision_msg:/home/hjh/serial_new0122/install/def_msg:/opt/ros/humble'), ('CONDA_PYTHON_EXE', '/home/hjh/miniconda3/bin/python'), ('SHELL', '/bin/bash'), ('LC_NAME', 'zh_CN.UTF-8'), ('QT_ACCESSIBILITY', '1'), ('GDMSESSION', 'ubuntu'), ('LESSCLOSE', '/usr/bin/lesspipe %s %s'), ('LC_MEASUREMENT', 'zh_CN.UTF-8'), ('LC_IDENTIFICATION', 'zh_CN.UTF-8'), ('QT_IM_MODULE', 'fcitx'), ('PWD', '/home/hjh/serial_new0122/build/serial_def_sdk'), ('XDG_CONFIG_DIRS', '/etc/xdg/xdg-ubuntu:/etc/xdg'), ('CONDA_EXE', '/home/hjh/miniconda3/bin/conda'), ('CLUTTER_IM_MODULE', 'fcitx'), ('DBUS_STARTER_ADDRESS', 'unix:path=/run/user/1000/bus,guid=4bdc633ca0aa5ac165e4d9d869723ee8'), ('XDG_DATA_DIRS', '/usr/share/ubuntu:/usr/local/share/:/usr/share/:/var/lib/snapd/desktop'), ('PYTHONPATH', '/home/hjh/serial_new0122/install/vision_msg/local/lib/python3.10/dist-packages:/home/hjh/serial_new0122/install/def_msg/local/lib/python3.10/dist-packages:/opt/ros/humble/lib/python3.10/site-packages:/opt/ros/humble/local/lib/python3.10/dist-packages'), ('HTTP_PROXY', 'http://127.0.0.1:7890/'), ('LC_NUMERIC', 'en_US.UTF-8'), ('LC_PAPER', 'zh_CN.UTF-8'), ('COLCON', '1'), ('VTE_VERSION', '6800'), ('CMAKE_PREFIX_PATH', '/home/hjh/serial_new0122/install/vision_msg:/home/hjh/serial_new0122/install/def_msg:/opt/ros/humble')]), 'shell': False}
[20.129920] (serial_def_sdk) StdoutLine: {'line': b'-- Install configuration: ""\n'}
[20.130173] (serial_def_sdk) StdoutLine: {'line': b'-- Installing: /home/hjh/serial_new0122/install/serial_def_sdk/lib/serial_def_sdk/uart\n'}
[20.139594] (serial_def_sdk) StdoutLine: {'line': b'-- Set non-toolchain portion of runtime path of "/home/hjh/serial_new0122/install/serial_def_sdk/lib/serial_def_sdk/uart" to ""\n'}
[20.139947] (serial_def_sdk) StdoutLine: {'line': b'-- Installing: /home/hjh/serial_new0122/install/serial_def_sdk/lib/serial_def_sdk/talker\n'}
[20.140756] (serial_def_sdk) StdoutLine: {'line': b'-- Set non-toolchain portion of runtime path of "/home/hjh/serial_new0122/install/serial_def_sdk/lib/serial_def_sdk/talker" to ""\n'}
[20.141043] (serial_def_sdk) StdoutLine: {'line': b'-- Installing: /home/hjh/serial_new0122/install/serial_def_sdk/share/serial_def_sdk/launch\n'}
[20.141179] (serial_def_sdk) StdoutLine: {'line': b'-- Installing: /home/hjh/serial_new0122/install/serial_def_sdk/share/serial_def_sdk/launch/serial.launch.py\n'}
[20.141302] (serial_def_sdk) StdoutLine: {'line': b'-- Installing: /home/hjh/serial_new0122/install/serial_def_sdk/share/ament_index/resource_index/package_run_dependencies/serial_def_sdk\n'}
[20.141486] (serial_def_sdk) StdoutLine: {'line': b'-- Installing: /home/hjh/serial_new0122/install/serial_def_sdk/share/ament_index/resource_index/parent_prefix_path/serial_def_sdk\n'}
[20.141611] (serial_def_sdk) StdoutLine: {'line': b'-- Installing: /home/hjh/serial_new0122/install/serial_def_sdk/share/serial_def_sdk/environment/ament_prefix_path.sh\n'}
[20.141729] (serial_def_sdk) StdoutLine: {'line': b'-- Installing: /home/hjh/serial_new0122/install/serial_def_sdk/share/serial_def_sdk/environment/ament_prefix_path.dsv\n'}
[20.141850] (serial_def_sdk) StdoutLine: {'line': b'-- Installing: /home/hjh/serial_new0122/install/serial_def_sdk/share/serial_def_sdk/environment/path.sh\n'}
[20.142016] (serial_def_sdk) StdoutLine: {'line': b'-- Installing: /home/hjh/serial_new0122/install/serial_def_sdk/share/serial_def_sdk/environment/path.dsv\n'}
[20.142134] (serial_def_sdk) StdoutLine: {'line': b'-- Installing: /home/hjh/serial_new0122/install/serial_def_sdk/share/serial_def_sdk/local_setup.bash\n'}
[20.142277] (serial_def_sdk) StdoutLine: {'line': b'-- Installing: /home/hjh/serial_new0122/install/serial_def_sdk/share/serial_def_sdk/local_setup.sh\n'}
[20.142394] (serial_def_sdk) StdoutLine: {'line': b'-- Installing: /home/hjh/serial_new0122/install/serial_def_sdk/share/serial_def_sdk/local_setup.zsh\n'}
[20.142507] (serial_def_sdk) StdoutLine: {'line': b'-- Installing: /home/hjh/serial_new0122/install/serial_def_sdk/share/serial_def_sdk/local_setup.dsv\n'}
[20.142644] (serial_def_sdk) StdoutLine: {'line': b'-- Installing: /home/hjh/serial_new0122/install/serial_def_sdk/share/serial_def_sdk/package.dsv\n'}
[20.142747] (serial_def_sdk) StdoutLine: {'line': b'-- Installing: /home/hjh/serial_new0122/install/serial_def_sdk/share/ament_index/resource_index/packages/serial_def_sdk\n'}
[20.142859] (serial_def_sdk) StdoutLine: {'line': b'-- Installing: /home/hjh/serial_new0122/install/serial_def_sdk/share/serial_def_sdk/cmake/serial_def_sdkConfig.cmake\n'}
[20.142971] (serial_def_sdk) StdoutLine: {'line': b'-- Installing: /home/hjh/serial_new0122/install/serial_def_sdk/share/serial_def_sdk/cmake/serial_def_sdkConfig-version.cmake\n'}
[20.143077] (serial_def_sdk) StdoutLine: {'line': b'-- Installing: /home/hjh/serial_new0122/install/serial_def_sdk/share/serial_def_sdk/package.xml\n'}
[20.145395] (serial_def_sdk) CommandEnded: {'returncode': 0}
[20.154856] (serial_def_sdk) JobEnded: {'identifier': 'serial_def_sdk', 'rc': 0}
[20.155370] (-) EventReactorShutdown: {}
