[0.000000] (-) TimerEvent: {}
[0.000229] (def_msg) JobQueued: {'identifier': 'def_msg', 'dependencies': OrderedDict()}
[0.000254] (vision_msg) JobQueued: {'identifier': 'vision_msg', 'dependencies': OrderedDict()}
[0.000265] (serial_def_sdk) JobQueued: {'identifier': 'serial_def_sdk', 'dependencies': OrderedDict([('def_msg', '/home/hjh/RMserial/install/def_msg'), ('vision_msg', '/home/hjh/RMserial/install/vision_msg')])}
[0.000543] (def_msg) JobStarted: {'identifier': 'def_msg'}
[0.006048] (vision_msg) JobStarted: {'identifier': 'vision_msg'}
[0.009266] (def_msg) JobProgress: {'identifier': 'def_msg', 'progress': 'cmake'}
[0.009603] (def_msg) Command: {'cmd': ['/usr/bin/cmake', '/home/hjh/RMserial/serial/def_msg', '-DCMAKE_INSTALL_PREFIX=/home/hjh/RMserial/install/def_msg'], 'cwd': '/home/hjh/RMserial/build/def_msg', 'env': OrderedDict([('LESSOPEN', '| /usr/bin/lesspipe %s'), ('HTTPS_PROXY', 'http://127.0.0.1:7890/'), ('no_proxy', 'localhost,127.0.0.1,::1'), ('LANGUAGE', 'zh_CN:en'), ('USER', 'hjh'), ('LC_TIME', 'zh_CN.UTF-8'), ('all_proxy', 'socks://127.0.0.1:7890/'), ('XDG_SESSION_TYPE', 'wayland'), ('SHLVL', '1'), ('LD_LIBRARY_PATH', '/opt/ros/humble/opt/openvdb_vendor/lib:/home/hjh/ros2_ws/install/lib:/home/hjh/ros2_ws/install/lib:/usr/lib/x86_64-linux-gnu/gazebo-11/plugins:/opt/ros/humble/opt/rviz_ogre_vendor/lib:/opt/ros/humble/lib/x86_64-linux-gnu:/opt/ros/humble/lib'), ('HOME', '/home/hjh'), ('CONDA_SHLVL', '0'), ('DESKTOP_SESSION', 'ubuntu'), ('NO_PROXY', 'localhost,127.0.0.1,::1'), ('ROS_PYTHON_VERSION', '3'), ('GNOME_SHELL_SESSION_MODE', 'ubuntu'), ('GTK_MODULES', 'gail:atk-bridge'), ('LC_MONETARY', 'zh_CN.UTF-8'), ('DBUS_STARTER_BUS_TYPE', 'session'), ('SYSTEMD_EXEC_PID', '1784'), ('DBUS_SESSION_BUS_ADDRESS', 'unix:path=/run/user/1000/bus,guid=23506245021c0007447155ba69c24332'), ('COLORTERM', 'truecolor'), ('_CE_M', ''), ('IM_CONFIG_PHASE', '1'), ('WAYLAND_DISPLAY', 'wayland-0'), ('https_proxy', 'http://127.0.0.1:7890/'), ('ROS_DISTRO', 'humble'), ('GTK_IM_MODULE', 'fcitx'), ('LOGNAME', 'hjh'), ('ALL_PROXY', 'socks://127.0.0.1:7890/'), ('http_proxy', 'http://127.0.0.1:7890/'), ('_', '/usr/bin/colcon'), ('ROS_VERSION', '2'), ('XDG_SESSION_CLASS', 'user'), ('USERNAME', 'hjh'), ('TERM', 'xterm-256color'), ('GNOME_DESKTOP_SESSION_ID', 'this-is-deprecated'), ('_CE_CONDA', ''), ('ROS_LOCALHOST_ONLY', '0'), ('PATH', '/home/hjh/miniconda3/condabin:/opt/ros/humble/bin:/home/hjh/.local/bin:/usr/local/sbin:/usr/local/bin:/usr/sbin:/usr/bin:/sbin:/bin:/usr/games:/usr/local/games:/snap/bin:/snap/bin'), ('SESSION_MANAGER', 'local/hjh-Lenovo-G5000-IRH8:@/tmp/.ICE-unix/1784,unix/hjh-Lenovo-G5000-IRH8:/tmp/.ICE-unix/1784'), ('PAPERSIZE', 'a4'), ('XDG_MENU_PREFIX', 'gnome-'), ('LC_ADDRESS', 'zh_CN.UTF-8'), ('GNOME_TERMINAL_SCREEN', '/org/gnome/Terminal/screen/e73f2372_e141_489a_a74e_9a18388fb53f'), ('GNOME_SETUP_DISPLAY', ':1'), ('XDG_RUNTIME_DIR', '/run/user/1000'), ('DISPLAY', ':0'), ('LANG', 'zh_CN.UTF-8'), ('XDG_CURRENT_DESKTOP', 'ubuntu:GNOME'), ('LC_TELEPHONE', 'zh_CN.UTF-8'), ('XMODIFIERS', '@im=fcitx'), ('XDG_SESSION_DESKTOP', 'ubuntu'), ('XAUTHORITY', '/run/user/1000/.mutter-Xwaylandauth.8265M3'), ('LS_COLORS', 'rs=0:di=01;34:ln=01;36:mh=00:pi=40;33:so=01;35:do=01;35:bd=40;33;01:cd=40;33;01:or=40;31;01:mi=00:su=37;41:sg=30;43:ca=30;41:tw=30;42:ow=34;42:st=37;44:ex=01;32:*.tar=01;31:*.tgz=01;31:*.arc=01;31:*.arj=01;31:*.taz=01;31:*.lha=01;31:*.lz4=01;31:*.lzh=01;31:*.lzma=01;31:*.tlz=01;31:*.txz=01;31:*.tzo=01;31:*.t7z=01;31:*.zip=01;31:*.z=01;31:*.dz=01;31:*.gz=01;31:*.lrz=01;31:*.lz=01;31:*.lzo=01;31:*.xz=01;31:*.zst=01;31:*.tzst=01;31:*.bz2=01;31:*.bz=01;31:*.tbz=01;31:*.tbz2=01;31:*.tz=01;31:*.deb=01;31:*.rpm=01;31:*.jar=01;31:*.war=01;31:*.ear=01;31:*.sar=01;31:*.rar=01;31:*.alz=01;31:*.ace=01;31:*.zoo=01;31:*.cpio=01;31:*.7z=01;31:*.rz=01;31:*.cab=01;31:*.wim=01;31:*.swm=01;31:*.dwm=01;31:*.esd=01;31:*.jpg=01;35:*.jpeg=01;35:*.mjpg=01;35:*.mjpeg=01;35:*.gif=01;35:*.bmp=01;35:*.pbm=01;35:*.pgm=01;35:*.ppm=01;35:*.tga=01;35:*.xbm=01;35:*.xpm=01;35:*.tif=01;35:*.tiff=01;35:*.png=01;35:*.svg=01;35:*.svgz=01;35:*.mng=01;35:*.pcx=01;35:*.mov=01;35:*.mpg=01;35:*.mpeg=01;35:*.m2v=01;35:*.mkv=01;35:*.webm=01;35:*.webp=01;35:*.ogm=01;35:*.mp4=01;35:*.m4v=01;35:*.mp4v=01;35:*.vob=01;35:*.qt=01;35:*.nuv=01;35:*.wmv=01;35:*.asf=01;35:*.rm=01;35:*.rmvb=01;35:*.flc=01;35:*.avi=01;35:*.fli=01;35:*.flv=01;35:*.gl=01;35:*.dl=01;35:*.xcf=01;35:*.xwd=01;35:*.yuv=01;35:*.cgm=01;35:*.emf=01;35:*.ogv=01;35:*.ogx=01;35:*.aac=00;36:*.au=00;36:*.flac=00;36:*.m4a=00;36:*.mid=00;36:*.midi=00;36:*.mka=00;36:*.mp3=00;36:*.mpc=00;36:*.ogg=00;36:*.ra=00;36:*.wav=00;36:*.oga=00;36:*.opus=00;36:*.spx=00;36:*.xspf=00;36:'), ('GNOME_TERMINAL_SERVICE', ':1.392'), ('SSH_AGENT_LAUNCHER', 'gnome-keyring'), ('SSH_AUTH_SOCK', '/run/user/1000/keyring/ssh'), ('AMENT_PREFIX_PATH', '/opt/ros/humble'), ('CONDA_PYTHON_EXE', '/home/hjh/miniconda3/bin/python'), ('SHELL', '/bin/bash'), ('LC_NAME', 'zh_CN.UTF-8'), ('QT_ACCESSIBILITY', '1'), ('GDMSESSION', 'ubuntu'), ('LESSCLOSE', '/usr/bin/lesspipe %s %s'), ('LC_MEASUREMENT', 'zh_CN.UTF-8'), ('LC_IDENTIFICATION', 'zh_CN.UTF-8'), ('QT_IM_MODULE', 'fcitx'), ('PWD', '/home/hjh/RMserial/build/def_msg'), ('XDG_CONFIG_DIRS', '/etc/xdg/xdg-ubuntu:/etc/xdg'), ('CONDA_EXE', '/home/hjh/miniconda3/bin/conda'), ('CLUTTER_IM_MODULE', 'fcitx'), ('DBUS_STARTER_ADDRESS', 'unix:path=/run/user/1000/bus,guid=23506245021c0007447155ba69c24332'), ('XDG_DATA_DIRS', '/usr/share/ubuntu:/usr/local/share/:/usr/share/:/var/lib/snapd/desktop'), ('PYTHONPATH', '/opt/ros/humble/lib/python3.10/site-packages:/opt/ros/humble/local/lib/python3.10/dist-packages'), ('HTTP_PROXY', 'http://127.0.0.1:7890/'), ('LC_NUMERIC', 'en_US.UTF-8'), ('LC_PAPER', 'zh_CN.UTF-8'), ('COLCON', '1'), ('VTE_VERSION', '6800'), ('CMAKE_PREFIX_PATH', '/opt/ros/humble')]), 'shell': False}
[0.012000] (vision_msg) JobProgress: {'identifier': 'vision_msg', 'progress': 'cmake'}
[0.012287] (vision_msg) Command: {'cmd': ['/usr/bin/cmake', '/home/hjh/RMserial/serial/vision_msg', '-DCMAKE_INSTALL_PREFIX=/home/hjh/RMserial/install/vision_msg'], 'cwd': '/home/hjh/RMserial/build/vision_msg', 'env': OrderedDict([('LESSOPEN', '| /usr/bin/lesspipe %s'), ('HTTPS_PROXY', 'http://127.0.0.1:7890/'), ('no_proxy', 'localhost,127.0.0.1,::1'), ('LANGUAGE', 'zh_CN:en'), ('USER', 'hjh'), ('LC_TIME', 'zh_CN.UTF-8'), ('all_proxy', 'socks://127.0.0.1:7890/'), ('XDG_SESSION_TYPE', 'wayland'), ('SHLVL', '1'), ('LD_LIBRARY_PATH', '/opt/ros/humble/opt/openvdb_vendor/lib:/home/hjh/ros2_ws/install/lib:/home/hjh/ros2_ws/install/lib:/usr/lib/x86_64-linux-gnu/gazebo-11/plugins:/opt/ros/humble/opt/rviz_ogre_vendor/lib:/opt/ros/humble/lib/x86_64-linux-gnu:/opt/ros/humble/lib'), ('HOME', '/home/hjh'), ('CONDA_SHLVL', '0'), ('DESKTOP_SESSION', 'ubuntu'), ('NO_PROXY', 'localhost,127.0.0.1,::1'), ('ROS_PYTHON_VERSION', '3'), ('GNOME_SHELL_SESSION_MODE', 'ubuntu'), ('GTK_MODULES', 'gail:atk-bridge'), ('LC_MONETARY', 'zh_CN.UTF-8'), ('DBUS_STARTER_BUS_TYPE', 'session'), ('SYSTEMD_EXEC_PID', '1784'), ('DBUS_SESSION_BUS_ADDRESS', 'unix:path=/run/user/1000/bus,guid=23506245021c0007447155ba69c24332'), ('COLORTERM', 'truecolor'), ('_CE_M', ''), ('IM_CONFIG_PHASE', '1'), ('WAYLAND_DISPLAY', 'wayland-0'), ('https_proxy', 'http://127.0.0.1:7890/'), ('ROS_DISTRO', 'humble'), ('GTK_IM_MODULE', 'fcitx'), ('LOGNAME', 'hjh'), ('ALL_PROXY', 'socks://127.0.0.1:7890/'), ('http_proxy', 'http://127.0.0.1:7890/'), ('_', '/usr/bin/colcon'), ('ROS_VERSION', '2'), ('XDG_SESSION_CLASS', 'user'), ('USERNAME', 'hjh'), ('TERM', 'xterm-256color'), ('GNOME_DESKTOP_SESSION_ID', 'this-is-deprecated'), ('_CE_CONDA', ''), ('ROS_LOCALHOST_ONLY', '0'), ('PATH', '/home/hjh/miniconda3/condabin:/opt/ros/humble/bin:/home/hjh/.local/bin:/usr/local/sbin:/usr/local/bin:/usr/sbin:/usr/bin:/sbin:/bin:/usr/games:/usr/local/games:/snap/bin:/snap/bin'), ('SESSION_MANAGER', 'local/hjh-Lenovo-G5000-IRH8:@/tmp/.ICE-unix/1784,unix/hjh-Lenovo-G5000-IRH8:/tmp/.ICE-unix/1784'), ('PAPERSIZE', 'a4'), ('XDG_MENU_PREFIX', 'gnome-'), ('LC_ADDRESS', 'zh_CN.UTF-8'), ('GNOME_TERMINAL_SCREEN', '/org/gnome/Terminal/screen/e73f2372_e141_489a_a74e_9a18388fb53f'), ('GNOME_SETUP_DISPLAY', ':1'), ('XDG_RUNTIME_DIR', '/run/user/1000'), ('DISPLAY', ':0'), ('LANG', 'zh_CN.UTF-8'), ('XDG_CURRENT_DESKTOP', 'ubuntu:GNOME'), ('LC_TELEPHONE', 'zh_CN.UTF-8'), ('XMODIFIERS', '@im=fcitx'), ('XDG_SESSION_DESKTOP', 'ubuntu'), ('XAUTHORITY', '/run/user/1000/.mutter-Xwaylandauth.8265M3'), ('LS_COLORS', 'rs=0:di=01;34:ln=01;36:mh=00:pi=40;33:so=01;35:do=01;35:bd=40;33;01:cd=40;33;01:or=40;31;01:mi=00:su=37;41:sg=30;43:ca=30;41:tw=30;42:ow=34;42:st=37;44:ex=01;32:*.tar=01;31:*.tgz=01;31:*.arc=01;31:*.arj=01;31:*.taz=01;31:*.lha=01;31:*.lz4=01;31:*.lzh=01;31:*.lzma=01;31:*.tlz=01;31:*.txz=01;31:*.tzo=01;31:*.t7z=01;31:*.zip=01;31:*.z=01;31:*.dz=01;31:*.gz=01;31:*.lrz=01;31:*.lz=01;31:*.lzo=01;31:*.xz=01;31:*.zst=01;31:*.tzst=01;31:*.bz2=01;31:*.bz=01;31:*.tbz=01;31:*.tbz2=01;31:*.tz=01;31:*.deb=01;31:*.rpm=01;31:*.jar=01;31:*.war=01;31:*.ear=01;31:*.sar=01;31:*.rar=01;31:*.alz=01;31:*.ace=01;31:*.zoo=01;31:*.cpio=01;31:*.7z=01;31:*.rz=01;31:*.cab=01;31:*.wim=01;31:*.swm=01;31:*.dwm=01;31:*.esd=01;31:*.jpg=01;35:*.jpeg=01;35:*.mjpg=01;35:*.mjpeg=01;35:*.gif=01;35:*.bmp=01;35:*.pbm=01;35:*.pgm=01;35:*.ppm=01;35:*.tga=01;35:*.xbm=01;35:*.xpm=01;35:*.tif=01;35:*.tiff=01;35:*.png=01;35:*.svg=01;35:*.svgz=01;35:*.mng=01;35:*.pcx=01;35:*.mov=01;35:*.mpg=01;35:*.mpeg=01;35:*.m2v=01;35:*.mkv=01;35:*.webm=01;35:*.webp=01;35:*.ogm=01;35:*.mp4=01;35:*.m4v=01;35:*.mp4v=01;35:*.vob=01;35:*.qt=01;35:*.nuv=01;35:*.wmv=01;35:*.asf=01;35:*.rm=01;35:*.rmvb=01;35:*.flc=01;35:*.avi=01;35:*.fli=01;35:*.flv=01;35:*.gl=01;35:*.dl=01;35:*.xcf=01;35:*.xwd=01;35:*.yuv=01;35:*.cgm=01;35:*.emf=01;35:*.ogv=01;35:*.ogx=01;35:*.aac=00;36:*.au=00;36:*.flac=00;36:*.m4a=00;36:*.mid=00;36:*.midi=00;36:*.mka=00;36:*.mp3=00;36:*.mpc=00;36:*.ogg=00;36:*.ra=00;36:*.wav=00;36:*.oga=00;36:*.opus=00;36:*.spx=00;36:*.xspf=00;36:'), ('GNOME_TERMINAL_SERVICE', ':1.392'), ('SSH_AGENT_LAUNCHER', 'gnome-keyring'), ('SSH_AUTH_SOCK', '/run/user/1000/keyring/ssh'), ('AMENT_PREFIX_PATH', '/opt/ros/humble'), ('CONDA_PYTHON_EXE', '/home/hjh/miniconda3/bin/python'), ('SHELL', '/bin/bash'), ('LC_NAME', 'zh_CN.UTF-8'), ('QT_ACCESSIBILITY', '1'), ('GDMSESSION', 'ubuntu'), ('LESSCLOSE', '/usr/bin/lesspipe %s %s'), ('LC_MEASUREMENT', 'zh_CN.UTF-8'), ('LC_IDENTIFICATION', 'zh_CN.UTF-8'), ('QT_IM_MODULE', 'fcitx'), ('PWD', '/home/hjh/RMserial/build/vision_msg'), ('XDG_CONFIG_DIRS', '/etc/xdg/xdg-ubuntu:/etc/xdg'), ('CONDA_EXE', '/home/hjh/miniconda3/bin/conda'), ('CLUTTER_IM_MODULE', 'fcitx'), ('DBUS_STARTER_ADDRESS', 'unix:path=/run/user/1000/bus,guid=23506245021c0007447155ba69c24332'), ('XDG_DATA_DIRS', '/usr/share/ubuntu:/usr/local/share/:/usr/share/:/var/lib/snapd/desktop'), ('PYTHONPATH', '/opt/ros/humble/lib/python3.10/site-packages:/opt/ros/humble/local/lib/python3.10/dist-packages'), ('HTTP_PROXY', 'http://127.0.0.1:7890/'), ('LC_NUMERIC', 'en_US.UTF-8'), ('LC_PAPER', 'zh_CN.UTF-8'), ('COLCON', '1'), ('VTE_VERSION', '6800'), ('CMAKE_PREFIX_PATH', '/opt/ros/humble')]), 'shell': False}
[0.017168] (def_msg) StderrLine: {'line': b'\x1b[0mCMake Deprecation Warning at CMakeLists.txt:1 (cmake_minimum_required):\n'}
[0.017335] (def_msg) StderrLine: {'line': b'  Compatibility with CMake < 3.10 will be removed from a future version of\n'}
[0.017424] (def_msg) StderrLine: {'line': b'  CMake.\n'}
[0.017505] (def_msg) StderrLine: {'line': b'\n'}
[0.017583] (def_msg) StderrLine: {'line': b'  Update the VERSION argument <min> value.  Or, use the <min>...<max> syntax\n'}
[0.017660] (def_msg) StderrLine: {'line': b'  to tell CMake that the project requires at least <min> but has been updated\n'}
[0.017734] (def_msg) StderrLine: {'line': b'  to work with policies introduced by <max> or earlier.\n'}
[0.017809] (def_msg) StderrLine: {'line': b'\n'}
[0.017882] (def_msg) StderrLine: {'line': b'\x1b[0m\n'}
[0.019206] (vision_msg) StderrLine: {'line': b'\x1b[0mCMake Deprecation Warning at CMakeLists.txt:1 (cmake_minimum_required):\n'}
[0.019304] (vision_msg) StderrLine: {'line': b'  Compatibility with CMake < 3.10 will be removed from a future version of\n'}
[0.019378] (vision_msg) StderrLine: {'line': b'  CMake.\n'}
[0.019453] (vision_msg) StderrLine: {'line': b'\n'}
[0.019524] (vision_msg) StderrLine: {'line': b'  Update the VERSION argument <min> value.  Or, use the <min>...<max> syntax\n'}
[0.019594] (vision_msg) StderrLine: {'line': b'  to tell CMake that the project requires at least <min> but has been updated\n'}
[0.019664] (vision_msg) StderrLine: {'line': b'  to work with policies introduced by <max> or earlier.\n'}
[0.019735] (vision_msg) StderrLine: {'line': b'\n'}
[0.019803] (vision_msg) StderrLine: {'line': b'\x1b[0m\n'}
[0.077351] (def_msg) StdoutLine: {'line': b'-- The C compiler identification is GNU 11.4.0\n'}
[0.080714] (vision_msg) StdoutLine: {'line': b'-- The C compiler identification is GNU 11.4.0\n'}
[0.099802] (-) TimerEvent: {}
[0.133022] (def_msg) StdoutLine: {'line': b'-- The CXX compiler identification is GNU 11.4.0\n'}
[0.139645] (def_msg) StdoutLine: {'line': b'-- Detecting C compiler ABI info\n'}
[0.152852] (vision_msg) StdoutLine: {'line': b'-- The CXX compiler identification is GNU 11.4.0\n'}
[0.159308] (vision_msg) StdoutLine: {'line': b'-- Detecting C compiler ABI info\n'}
[0.199995] (-) TimerEvent: {}
[0.224648] (def_msg) StdoutLine: {'line': b'-- Detecting C compiler ABI info - done\n'}
[0.253021] (vision_msg) StdoutLine: {'line': b'-- Detecting C compiler ABI info - done\n'}
[0.253752] (def_msg) StdoutLine: {'line': b'-- Check for working C compiler: /usr/bin/cc - skipped\n'}
[0.254342] (def_msg) StdoutLine: {'line': b'-- Detecting C compile features\n'}
[0.254717] (def_msg) StdoutLine: {'line': b'-- Detecting C compile features - done\n'}
[0.263773] (vision_msg) StdoutLine: {'line': b'-- Check for working C compiler: /usr/bin/cc - skipped\n'}
[0.264009] (vision_msg) StdoutLine: {'line': b'-- Detecting C compile features\n'}
[0.264285] (vision_msg) StdoutLine: {'line': b'-- Detecting C compile features - done\n'}
[0.266914] (def_msg) StdoutLine: {'line': b'-- Detecting CXX compiler ABI info\n'}
[0.275825] (vision_msg) StdoutLine: {'line': b'-- Detecting CXX compiler ABI info\n'}
[0.300078] (-) TimerEvent: {}
[0.328950] (def_msg) StdoutLine: {'line': b'-- Detecting CXX compiler ABI info - done\n'}
[0.339639] (vision_msg) StdoutLine: {'line': b'-- Detecting CXX compiler ABI info - done\n'}
[0.340190] (def_msg) StdoutLine: {'line': b'-- Check for working CXX compiler: /usr/bin/c++ - skipped\n'}
[0.340707] (def_msg) StdoutLine: {'line': b'-- Detecting CXX compile features\n'}
[0.341434] (def_msg) StdoutLine: {'line': b'-- Detecting CXX compile features - done\n'}
[0.351928] (def_msg) StdoutLine: {'line': b'-- Found ament_cmake: 1.3.11 (/opt/ros/humble/share/ament_cmake/cmake)\n'}
[0.352526] (vision_msg) StdoutLine: {'line': b'-- Check for working CXX compiler: /usr/bin/c++ - skipped\n'}
[0.352932] (vision_msg) StdoutLine: {'line': b'-- Detecting CXX compile features\n'}
[0.353496] (vision_msg) StdoutLine: {'line': b'-- Detecting CXX compile features - done\n'}
[0.361125] (vision_msg) StdoutLine: {'line': b'-- Found ament_cmake: 1.3.11 (/opt/ros/humble/share/ament_cmake/cmake)\n'}
[0.400173] (-) TimerEvent: {}
[0.459842] (def_msg) StdoutLine: {'line': b'-- Found Python3: /usr/bin/python3 (found version "3.10.12") found components: Interpreter\n'}
[0.461948] (vision_msg) StdoutLine: {'line': b'-- Found Python3: /usr/bin/python3 (found version "3.10.12") found components: Interpreter\n'}
[0.500277] (-) TimerEvent: {}
[0.543390] (def_msg) StdoutLine: {'line': b'-- Found std_msgs: 4.2.4 (/opt/ros/humble/share/std_msgs/cmake)\n'}
[0.543791] (vision_msg) StdoutLine: {'line': b'-- Found rosidl_default_generators: 1.2.0 (/opt/ros/humble/share/rosidl_default_generators/cmake)\n'}
[0.548365] (vision_msg) StdoutLine: {'line': b'-- Using all available rosidl_typesupport_c: rosidl_typesupport_fastrtps_c;rosidl_typesupport_introspection_c\n'}
[0.558684] (vision_msg) StdoutLine: {'line': b'-- Found rosidl_adapter: 3.1.6 (/opt/ros/humble/share/rosidl_adapter/cmake)\n'}
[0.576211] (def_msg) StdoutLine: {'line': b'-- Found rosidl_generator_c: 3.1.6 (/opt/ros/humble/share/rosidl_generator_c/cmake)\n'}
[0.580331] (def_msg) StdoutLine: {'line': b'-- Found rosidl_adapter: 3.1.6 (/opt/ros/humble/share/rosidl_adapter/cmake)\n'}
[0.587504] (def_msg) StdoutLine: {'line': b'-- Found rosidl_generator_cpp: 3.1.6 (/opt/ros/humble/share/rosidl_generator_cpp/cmake)\n'}
[0.594357] (vision_msg) StdoutLine: {'line': b'-- Using all available rosidl_typesupport_cpp: rosidl_typesupport_fastrtps_cpp;rosidl_typesupport_introspection_cpp\n'}
[0.597542] (def_msg) StdoutLine: {'line': b'-- Using all available rosidl_typesupport_c: rosidl_typesupport_fastrtps_c;rosidl_typesupport_introspection_c\n'}
[0.600346] (-) TimerEvent: {}
[0.610821] (def_msg) StdoutLine: {'line': b'-- Using all available rosidl_typesupport_cpp: rosidl_typesupport_fastrtps_cpp;rosidl_typesupport_introspection_cpp\n'}
[0.622637] (vision_msg) StdoutLine: {'line': b'-- Found std_msgs: 4.2.4 (/opt/ros/humble/share/std_msgs/cmake)\n'}
[0.634772] (def_msg) StdoutLine: {'line': b'-- Found rosidl_default_generators: 1.2.0 (/opt/ros/humble/share/rosidl_default_generators/cmake)\n'}
[0.641833] (def_msg) StdoutLine: {'line': b'-- Found ament_lint_auto: 0.12.11 (/opt/ros/humble/share/ament_lint_auto/cmake)\n'}
[0.647057] (vision_msg) StdoutLine: {'line': b'-- Found ament_lint_auto: 0.12.11 (/opt/ros/humble/share/ament_lint_auto/cmake)\n'}
[0.700462] (-) TimerEvent: {}
[0.800784] (-) TimerEvent: {}
[0.901107] (-) TimerEvent: {}
[0.987380] (vision_msg) StdoutLine: {'line': b'-- Found ament_cmake_ros: 0.10.0 (/opt/ros/humble/share/ament_cmake_ros/cmake)\n'}
[1.001191] (-) TimerEvent: {}
[1.060973] (def_msg) StdoutLine: {'line': b'-- Found ament_cmake_ros: 0.10.0 (/opt/ros/humble/share/ament_cmake_ros/cmake)\n'}
[1.101295] (-) TimerEvent: {}
[1.201619] (-) TimerEvent: {}
[1.301934] (-) TimerEvent: {}
[1.358074] (vision_msg) StdoutLine: {'line': b'-- Using all available rosidl_typesupport_c: rosidl_typesupport_fastrtps_c;rosidl_typesupport_introspection_c\n'}
[1.402030] (-) TimerEvent: {}
[1.502260] (-) TimerEvent: {}
[1.602531] (-) TimerEvent: {}
[1.671280] (def_msg) StdoutLine: {'line': b'-- Using all available rosidl_typesupport_c: rosidl_typesupport_fastrtps_c;rosidl_typesupport_introspection_c\n'}
[1.702629] (-) TimerEvent: {}
[1.798059] (vision_msg) StdoutLine: {'line': b'-- Using all available rosidl_typesupport_cpp: rosidl_typesupport_fastrtps_cpp;rosidl_typesupport_introspection_cpp\n'}
[1.799727] (vision_msg) StderrLine: {'line': b'\x1b[33mCMake Warning (dev) at /opt/ros/humble/share/rosidl_generator_py/cmake/rosidl_generator_py_generate_interfaces.cmake:20 (find_package):\n'}
[1.799807] (vision_msg) StderrLine: {'line': b'  Policy CMP0148 is not set: The FindPythonInterp and FindPythonLibs modules\n'}
[1.799841] (vision_msg) StderrLine: {'line': b'  are removed.  Run "cmake --help-policy CMP0148" for policy details.  Use\n'}
[1.799870] (vision_msg) StderrLine: {'line': b'  the cmake_policy command to set the policy and suppress this warning.\n'}
[1.799895] (vision_msg) StderrLine: {'line': b'\n'}
[1.799921] (vision_msg) StderrLine: {'line': b'Call Stack (most recent call first):\n'}
[1.799946] (vision_msg) StderrLine: {'line': b'  /opt/ros/humble/share/ament_cmake_core/cmake/core/ament_execute_extensions.cmake:48 (include)\n'}
[1.799972] (vision_msg) StderrLine: {'line': b'  /opt/ros/humble/share/rosidl_cmake/cmake/rosidl_generate_interfaces.cmake:286 (ament_execute_extensions)\n'}
[1.799997] (vision_msg) StderrLine: {'line': b'  CMakeLists.txt:37 (rosidl_generate_interfaces)\n'}
[1.800020] (vision_msg) StderrLine: {'line': b'This warning is for project developers.  Use -Wno-dev to suppress it.\n'}
[1.800045] (vision_msg) StderrLine: {'line': b'\x1b[0m\n'}
[1.802744] (-) TimerEvent: {}
[1.822664] (vision_msg) StdoutLine: {'line': b'-- Found PythonInterp: /usr/bin/python3 (found suitable version "3.10.12", minimum required is "3.6")\n'}
[1.824250] (vision_msg) StdoutLine: {'line': b'-- Found python_cmake_module: 0.10.0 (/opt/ros/humble/share/python_cmake_module/cmake)\n'}
[1.824696] (vision_msg) StderrLine: {'line': b'\x1b[33mCMake Warning (dev) at /opt/ros/humble/share/python_cmake_module/cmake/Modules/FindPythonExtra.cmake:52 (find_package):\n'}
[1.824743] (vision_msg) StderrLine: {'line': b'  Policy CMP0148 is not set: The FindPythonInterp and FindPythonLibs modules\n'}
[1.824773] (vision_msg) StderrLine: {'line': b'  are removed.  Run "cmake --help-policy CMP0148" for policy details.  Use\n'}
[1.824802] (vision_msg) StderrLine: {'line': b'  the cmake_policy command to set the policy and suppress this warning.\n'}
[1.824833] (vision_msg) StderrLine: {'line': b'\n'}
[1.824862] (vision_msg) StderrLine: {'line': b'Call Stack (most recent call first):\n'}
[1.824888] (vision_msg) StderrLine: {'line': b'  /opt/ros/humble/share/rosidl_generator_py/cmake/rosidl_generator_py_generate_interfaces.cmake:23 (find_package)\n'}
[1.824915] (vision_msg) StderrLine: {'line': b'  /opt/ros/humble/share/ament_cmake_core/cmake/core/ament_execute_extensions.cmake:48 (include)\n'}
[1.824944] (vision_msg) StderrLine: {'line': b'  /opt/ros/humble/share/rosidl_cmake/cmake/rosidl_generate_interfaces.cmake:286 (ament_execute_extensions)\n'}
[1.824972] (vision_msg) StderrLine: {'line': b'  CMakeLists.txt:37 (rosidl_generate_interfaces)\n'}
[1.824997] (vision_msg) StderrLine: {'line': b'This warning is for project developers.  Use -Wno-dev to suppress it.\n'}
[1.825024] (vision_msg) StderrLine: {'line': b'\x1b[0m\n'}
[1.843353] (vision_msg) StderrLine: {'line': b'\x1b[33mCMake Warning (dev) at /opt/ros/humble/share/python_cmake_module/cmake/Modules/FindPythonExtra.cmake:140 (find_package):\n'}
[1.843465] (vision_msg) StderrLine: {'line': b'  Policy CMP0148 is not set: The FindPythonInterp and FindPythonLibs modules\n'}
[1.843504] (vision_msg) StderrLine: {'line': b'  are removed.  Run "cmake --help-policy CMP0148" for policy details.  Use\n'}
[1.843535] (vision_msg) StderrLine: {'line': b'  the cmake_policy command to set the policy and suppress this warning.\n'}
[1.843566] (vision_msg) StderrLine: {'line': b'\n'}
[1.843595] (vision_msg) StderrLine: {'line': b'Call Stack (most recent call first):\n'}
[1.843624] (vision_msg) StderrLine: {'line': b'  /opt/ros/humble/share/rosidl_generator_py/cmake/rosidl_generator_py_generate_interfaces.cmake:23 (find_package)\n'}
[1.843663] (vision_msg) StderrLine: {'line': b'  /opt/ros/humble/share/ament_cmake_core/cmake/core/ament_execute_extensions.cmake:48 (include)\n'}
[1.843691] (vision_msg) StderrLine: {'line': b'  /opt/ros/humble/share/rosidl_cmake/cmake/rosidl_generate_interfaces.cmake:286 (ament_execute_extensions)\n'}
[1.843721] (vision_msg) StderrLine: {'line': b'  CMakeLists.txt:37 (rosidl_generate_interfaces)\n'}
[1.843750] (vision_msg) StderrLine: {'line': b'This warning is for project developers.  Use -Wno-dev to suppress it.\n'}
[1.843779] (vision_msg) StderrLine: {'line': b'\x1b[0m\n'}
[1.857582] (vision_msg) StdoutLine: {'line': b'-- Found PythonLibs: /usr/lib/x86_64-linux-gnu/libpython3.10.so (found suitable version "3.10.12", minimum required is "3.5")\n'}
[1.857757] (vision_msg) StdoutLine: {'line': b'-- Using PYTHON_EXECUTABLE: /usr/bin/python3\n'}
[1.857844] (vision_msg) StdoutLine: {'line': b'-- Using PYTHON_INCLUDE_DIRS: /usr/include/python3.10\n'}
[1.857922] (vision_msg) StdoutLine: {'line': b'-- Using PYTHON_LIBRARIES: /usr/lib/x86_64-linux-gnu/libpython3.10.so\n'}
[1.872913] (vision_msg) StdoutLine: {'line': b'-- Found PythonExtra: .so\n'}
[1.902881] (-) TimerEvent: {}
[1.907741] (vision_msg) StdoutLine: {'line': b"-- Added test 'copyright' to check source files copyright and LICENSE\n"}
[1.908818] (vision_msg) StdoutLine: {'line': b"-- Added test 'lint_cmake' to check CMake code style\n"}
[1.909350] (vision_msg) StdoutLine: {'line': b"-- Added test 'xmllint' to check XML markup files\n"}
[1.912431] (vision_msg) StdoutLine: {'line': b'-- Configuring done (1.9s)\n'}
[1.912655] (def_msg) StdoutLine: {'line': b'-- Using all available rosidl_typesupport_cpp: rosidl_typesupport_fastrtps_cpp;rosidl_typesupport_introspection_cpp\n'}
[1.914200] (def_msg) StderrLine: {'line': b'\x1b[33mCMake Warning (dev) at /opt/ros/humble/share/rosidl_generator_py/cmake/rosidl_generator_py_generate_interfaces.cmake:20 (find_package):\n'}
[1.914326] (def_msg) StderrLine: {'line': b'  Policy CMP0148 is not set: The FindPythonInterp and FindPythonLibs modules\n'}
[1.914403] (def_msg) StderrLine: {'line': b'  are removed.  Run "cmake --help-policy CMP0148" for policy details.  Use\n'}
[1.914477] (def_msg) StderrLine: {'line': b'  the cmake_policy command to set the policy and suppress this warning.\n'}
[1.914548] (def_msg) StderrLine: {'line': b'\n'}
[1.914619] (def_msg) StderrLine: {'line': b'Call Stack (most recent call first):\n'}
[1.914691] (def_msg) StderrLine: {'line': b'  /opt/ros/humble/share/ament_cmake_core/cmake/core/ament_execute_extensions.cmake:48 (include)\n'}
[1.914762] (def_msg) StderrLine: {'line': b'  /opt/ros/humble/share/rosidl_cmake/cmake/rosidl_generate_interfaces.cmake:286 (ament_execute_extensions)\n'}
[1.914833] (def_msg) StderrLine: {'line': b'  CMakeLists.txt:28 (rosidl_generate_interfaces)\n'}
[1.914905] (def_msg) StderrLine: {'line': b'This warning is for project developers.  Use -Wno-dev to suppress it.\n'}
[1.914976] (def_msg) StderrLine: {'line': b'\x1b[0m\n'}
[1.936856] (def_msg) StdoutLine: {'line': b'-- Found PythonInterp: /usr/bin/python3 (found suitable version "3.10.12", minimum required is "3.6")\n'}
[1.937851] (vision_msg) StdoutLine: {'line': b'-- Generating done (0.0s)\n'}
[1.938659] (def_msg) StdoutLine: {'line': b'-- Found python_cmake_module: 0.10.0 (/opt/ros/humble/share/python_cmake_module/cmake)\n'}
[1.939118] (def_msg) StderrLine: {'line': b'\x1b[33mCMake Warning (dev) at /opt/ros/humble/share/python_cmake_module/cmake/Modules/FindPythonExtra.cmake:52 (find_package):\n'}
[1.939216] (def_msg) StderrLine: {'line': b'  Policy CMP0148 is not set: The FindPythonInterp and FindPythonLibs modules\n'}
[1.939296] (def_msg) StderrLine: {'line': b'  are removed.  Run "cmake --help-policy CMP0148" for policy details.  Use\n'}
[1.939372] (def_msg) StderrLine: {'line': b'  the cmake_policy command to set the policy and suppress this warning.\n'}
[1.939512] (def_msg) StderrLine: {'line': b'\n'}
[1.939637] (def_msg) StderrLine: {'line': b'Call Stack (most recent call first):\n'}
[1.939680] (def_msg) StderrLine: {'line': b'  /opt/ros/humble/share/rosidl_generator_py/cmake/rosidl_generator_py_generate_interfaces.cmake:23 (find_package)\n'}
[1.939726] (def_msg) StderrLine: {'line': b'  /opt/ros/humble/share/ament_cmake_core/cmake/core/ament_execute_extensions.cmake:48 (include)\n'}
[1.939757] (def_msg) StderrLine: {'line': b'  /opt/ros/humble/share/rosidl_cmake/cmake/rosidl_generate_interfaces.cmake:286 (ament_execute_extensions)\n'}
[1.939786] (def_msg) StderrLine: {'line': b'  CMakeLists.txt:28 (rosidl_generate_interfaces)\n'}
[1.939815] (def_msg) StderrLine: {'line': b'This warning is for project developers.  Use -Wno-dev to suppress it.\n'}
[1.939844] (def_msg) StderrLine: {'line': b'\x1b[0m\n'}
[1.943641] (vision_msg) StdoutLine: {'line': b'-- Build files have been written to: /home/hjh/RMserial/build/vision_msg\n'}
[1.952077] (vision_msg) CommandEnded: {'returncode': 0}
[1.952686] (vision_msg) JobProgress: {'identifier': 'vision_msg', 'progress': 'build'}
[1.954146] (vision_msg) Command: {'cmd': ['/usr/bin/cmake', '--build', '/home/hjh/RMserial/build/vision_msg', '--', '-j16', '-l16'], 'cwd': '/home/hjh/RMserial/build/vision_msg', 'env': OrderedDict([('LESSOPEN', '| /usr/bin/lesspipe %s'), ('HTTPS_PROXY', 'http://127.0.0.1:7890/'), ('no_proxy', 'localhost,127.0.0.1,::1'), ('LANGUAGE', 'zh_CN:en'), ('USER', 'hjh'), ('LC_TIME', 'zh_CN.UTF-8'), ('all_proxy', 'socks://127.0.0.1:7890/'), ('XDG_SESSION_TYPE', 'wayland'), ('SHLVL', '1'), ('LD_LIBRARY_PATH', '/opt/ros/humble/opt/openvdb_vendor/lib:/home/hjh/ros2_ws/install/lib:/home/hjh/ros2_ws/install/lib:/usr/lib/x86_64-linux-gnu/gazebo-11/plugins:/opt/ros/humble/opt/rviz_ogre_vendor/lib:/opt/ros/humble/lib/x86_64-linux-gnu:/opt/ros/humble/lib'), ('HOME', '/home/hjh'), ('CONDA_SHLVL', '0'), ('DESKTOP_SESSION', 'ubuntu'), ('NO_PROXY', 'localhost,127.0.0.1,::1'), ('ROS_PYTHON_VERSION', '3'), ('GNOME_SHELL_SESSION_MODE', 'ubuntu'), ('GTK_MODULES', 'gail:atk-bridge'), ('LC_MONETARY', 'zh_CN.UTF-8'), ('DBUS_STARTER_BUS_TYPE', 'session'), ('SYSTEMD_EXEC_PID', '1784'), ('DBUS_SESSION_BUS_ADDRESS', 'unix:path=/run/user/1000/bus,guid=23506245021c0007447155ba69c24332'), ('COLORTERM', 'truecolor'), ('_CE_M', ''), ('IM_CONFIG_PHASE', '1'), ('WAYLAND_DISPLAY', 'wayland-0'), ('https_proxy', 'http://127.0.0.1:7890/'), ('ROS_DISTRO', 'humble'), ('GTK_IM_MODULE', 'fcitx'), ('LOGNAME', 'hjh'), ('ALL_PROXY', 'socks://127.0.0.1:7890/'), ('http_proxy', 'http://127.0.0.1:7890/'), ('_', '/usr/bin/colcon'), ('ROS_VERSION', '2'), ('XDG_SESSION_CLASS', 'user'), ('USERNAME', 'hjh'), ('TERM', 'xterm-256color'), ('GNOME_DESKTOP_SESSION_ID', 'this-is-deprecated'), ('_CE_CONDA', ''), ('ROS_LOCALHOST_ONLY', '0'), ('PATH', '/home/hjh/miniconda3/condabin:/opt/ros/humble/bin:/home/hjh/.local/bin:/usr/local/sbin:/usr/local/bin:/usr/sbin:/usr/bin:/sbin:/bin:/usr/games:/usr/local/games:/snap/bin:/snap/bin'), ('SESSION_MANAGER', 'local/hjh-Lenovo-G5000-IRH8:@/tmp/.ICE-unix/1784,unix/hjh-Lenovo-G5000-IRH8:/tmp/.ICE-unix/1784'), ('PAPERSIZE', 'a4'), ('XDG_MENU_PREFIX', 'gnome-'), ('LC_ADDRESS', 'zh_CN.UTF-8'), ('GNOME_TERMINAL_SCREEN', '/org/gnome/Terminal/screen/e73f2372_e141_489a_a74e_9a18388fb53f'), ('GNOME_SETUP_DISPLAY', ':1'), ('XDG_RUNTIME_DIR', '/run/user/1000'), ('DISPLAY', ':0'), ('LANG', 'zh_CN.UTF-8'), ('XDG_CURRENT_DESKTOP', 'ubuntu:GNOME'), ('LC_TELEPHONE', 'zh_CN.UTF-8'), ('XMODIFIERS', '@im=fcitx'), ('XDG_SESSION_DESKTOP', 'ubuntu'), ('XAUTHORITY', '/run/user/1000/.mutter-Xwaylandauth.8265M3'), ('LS_COLORS', 'rs=0:di=01;34:ln=01;36:mh=00:pi=40;33:so=01;35:do=01;35:bd=40;33;01:cd=40;33;01:or=40;31;01:mi=00:su=37;41:sg=30;43:ca=30;41:tw=30;42:ow=34;42:st=37;44:ex=01;32:*.tar=01;31:*.tgz=01;31:*.arc=01;31:*.arj=01;31:*.taz=01;31:*.lha=01;31:*.lz4=01;31:*.lzh=01;31:*.lzma=01;31:*.tlz=01;31:*.txz=01;31:*.tzo=01;31:*.t7z=01;31:*.zip=01;31:*.z=01;31:*.dz=01;31:*.gz=01;31:*.lrz=01;31:*.lz=01;31:*.lzo=01;31:*.xz=01;31:*.zst=01;31:*.tzst=01;31:*.bz2=01;31:*.bz=01;31:*.tbz=01;31:*.tbz2=01;31:*.tz=01;31:*.deb=01;31:*.rpm=01;31:*.jar=01;31:*.war=01;31:*.ear=01;31:*.sar=01;31:*.rar=01;31:*.alz=01;31:*.ace=01;31:*.zoo=01;31:*.cpio=01;31:*.7z=01;31:*.rz=01;31:*.cab=01;31:*.wim=01;31:*.swm=01;31:*.dwm=01;31:*.esd=01;31:*.jpg=01;35:*.jpeg=01;35:*.mjpg=01;35:*.mjpeg=01;35:*.gif=01;35:*.bmp=01;35:*.pbm=01;35:*.pgm=01;35:*.ppm=01;35:*.tga=01;35:*.xbm=01;35:*.xpm=01;35:*.tif=01;35:*.tiff=01;35:*.png=01;35:*.svg=01;35:*.svgz=01;35:*.mng=01;35:*.pcx=01;35:*.mov=01;35:*.mpg=01;35:*.mpeg=01;35:*.m2v=01;35:*.mkv=01;35:*.webm=01;35:*.webp=01;35:*.ogm=01;35:*.mp4=01;35:*.m4v=01;35:*.mp4v=01;35:*.vob=01;35:*.qt=01;35:*.nuv=01;35:*.wmv=01;35:*.asf=01;35:*.rm=01;35:*.rmvb=01;35:*.flc=01;35:*.avi=01;35:*.fli=01;35:*.flv=01;35:*.gl=01;35:*.dl=01;35:*.xcf=01;35:*.xwd=01;35:*.yuv=01;35:*.cgm=01;35:*.emf=01;35:*.ogv=01;35:*.ogx=01;35:*.aac=00;36:*.au=00;36:*.flac=00;36:*.m4a=00;36:*.mid=00;36:*.midi=00;36:*.mka=00;36:*.mp3=00;36:*.mpc=00;36:*.ogg=00;36:*.ra=00;36:*.wav=00;36:*.oga=00;36:*.opus=00;36:*.spx=00;36:*.xspf=00;36:'), ('GNOME_TERMINAL_SERVICE', ':1.392'), ('SSH_AGENT_LAUNCHER', 'gnome-keyring'), ('SSH_AUTH_SOCK', '/run/user/1000/keyring/ssh'), ('AMENT_PREFIX_PATH', '/opt/ros/humble'), ('CONDA_PYTHON_EXE', '/home/hjh/miniconda3/bin/python'), ('SHELL', '/bin/bash'), ('LC_NAME', 'zh_CN.UTF-8'), ('QT_ACCESSIBILITY', '1'), ('GDMSESSION', 'ubuntu'), ('LESSCLOSE', '/usr/bin/lesspipe %s %s'), ('LC_MEASUREMENT', 'zh_CN.UTF-8'), ('LC_IDENTIFICATION', 'zh_CN.UTF-8'), ('QT_IM_MODULE', 'fcitx'), ('PWD', '/home/hjh/RMserial/build/vision_msg'), ('XDG_CONFIG_DIRS', '/etc/xdg/xdg-ubuntu:/etc/xdg'), ('CONDA_EXE', '/home/hjh/miniconda3/bin/conda'), ('CLUTTER_IM_MODULE', 'fcitx'), ('DBUS_STARTER_ADDRESS', 'unix:path=/run/user/1000/bus,guid=23506245021c0007447155ba69c24332'), ('XDG_DATA_DIRS', '/usr/share/ubuntu:/usr/local/share/:/usr/share/:/var/lib/snapd/desktop'), ('PYTHONPATH', '/opt/ros/humble/lib/python3.10/site-packages:/opt/ros/humble/local/lib/python3.10/dist-packages'), ('HTTP_PROXY', 'http://127.0.0.1:7890/'), ('LC_NUMERIC', 'en_US.UTF-8'), ('LC_PAPER', 'zh_CN.UTF-8'), ('COLCON', '1'), ('VTE_VERSION', '6800'), ('CMAKE_PREFIX_PATH', '/opt/ros/humble')]), 'shell': False}
[1.956349] (def_msg) StderrLine: {'line': b'\x1b[33mCMake Warning (dev) at /opt/ros/humble/share/python_cmake_module/cmake/Modules/FindPythonExtra.cmake:140 (find_package):\n'}
[1.956407] (def_msg) StderrLine: {'line': b'  Policy CMP0148 is not set: The FindPythonInterp and FindPythonLibs modules\n'}
[1.956438] (def_msg) StderrLine: {'line': b'  are removed.  Run "cmake --help-policy CMP0148" for policy details.  Use\n'}
[1.956466] (def_msg) StderrLine: {'line': b'  the cmake_policy command to set the policy and suppress this warning.\n'}
[1.956499] (def_msg) StderrLine: {'line': b'\n'}
[1.956525] (def_msg) StderrLine: {'line': b'Call Stack (most recent call first):\n'}
[1.956550] (def_msg) StderrLine: {'line': b'  /opt/ros/humble/share/rosidl_generator_py/cmake/rosidl_generator_py_generate_interfaces.cmake:23 (find_package)\n'}
[1.956577] (def_msg) StderrLine: {'line': b'  /opt/ros/humble/share/ament_cmake_core/cmake/core/ament_execute_extensions.cmake:48 (include)\n'}
[1.956602] (def_msg) StderrLine: {'line': b'  /opt/ros/humble/share/rosidl_cmake/cmake/rosidl_generate_interfaces.cmake:286 (ament_execute_extensions)\n'}
[1.956627] (def_msg) StderrLine: {'line': b'  CMakeLists.txt:28 (rosidl_generate_interfaces)\n'}
[1.956651] (def_msg) StderrLine: {'line': b'This warning is for project developers.  Use -Wno-dev to suppress it.\n'}
[1.956676] (def_msg) StderrLine: {'line': b'\x1b[0m\n'}
[1.970216] (def_msg) StdoutLine: {'line': b'-- Found PythonLibs: /usr/lib/x86_64-linux-gnu/libpython3.10.so (found suitable version "3.10.12", minimum required is "3.5")\n'}
[1.970362] (def_msg) StdoutLine: {'line': b'-- Using PYTHON_EXECUTABLE: /usr/bin/python3\n'}
[1.970438] (def_msg) StdoutLine: {'line': b'-- Using PYTHON_INCLUDE_DIRS: /usr/include/python3.10\n'}
[1.970470] (def_msg) StdoutLine: {'line': b'-- Using PYTHON_LIBRARIES: /usr/lib/x86_64-linux-gnu/libpython3.10.so\n'}
[1.977047] (vision_msg) StdoutLine: {'line': b'[  2%] \x1b[1m\x1b[34mGenerating C code for ROS interfaces\x1b[0m\n'}
[1.983277] (vision_msg) StdoutLine: {'line': b'[  4%] \x1b[1m\x1b[34mGenerating C++ code for ROS interfaces\x1b[0m\n'}
[1.987409] (vision_msg) StdoutLine: {'line': b'[  4%] Built target ament_cmake_python_copy_vision_msg\n'}
[2.000959] (def_msg) StdoutLine: {'line': b'-- Found PythonExtra: .so\n'}
[2.002988] (-) TimerEvent: {}
[2.062698] (def_msg) StdoutLine: {'line': b"-- Added test 'lint_cmake' to check CMake code style\n"}
[2.064537] (def_msg) StdoutLine: {'line': b"-- Added test 'xmllint' to check XML markup files\n"}
[2.070007] (def_msg) StdoutLine: {'line': b'-- Configuring done (2.1s)\n'}
[2.103097] (-) TimerEvent: {}
[2.136058] (def_msg) StdoutLine: {'line': b'-- Generating done (0.1s)\n'}
[2.144496] (def_msg) StdoutLine: {'line': b'-- Build files have been written to: /home/hjh/RMserial/build/def_msg\n'}
[2.153461] (def_msg) CommandEnded: {'returncode': 0}
[2.154116] (def_msg) JobProgress: {'identifier': 'def_msg', 'progress': 'build'}
[2.154516] (def_msg) Command: {'cmd': ['/usr/bin/cmake', '--build', '/home/hjh/RMserial/build/def_msg', '--', '-j16', '-l16'], 'cwd': '/home/hjh/RMserial/build/def_msg', 'env': OrderedDict([('LESSOPEN', '| /usr/bin/lesspipe %s'), ('HTTPS_PROXY', 'http://127.0.0.1:7890/'), ('no_proxy', 'localhost,127.0.0.1,::1'), ('LANGUAGE', 'zh_CN:en'), ('USER', 'hjh'), ('LC_TIME', 'zh_CN.UTF-8'), ('all_proxy', 'socks://127.0.0.1:7890/'), ('XDG_SESSION_TYPE', 'wayland'), ('SHLVL', '1'), ('LD_LIBRARY_PATH', '/opt/ros/humble/opt/openvdb_vendor/lib:/home/hjh/ros2_ws/install/lib:/home/hjh/ros2_ws/install/lib:/usr/lib/x86_64-linux-gnu/gazebo-11/plugins:/opt/ros/humble/opt/rviz_ogre_vendor/lib:/opt/ros/humble/lib/x86_64-linux-gnu:/opt/ros/humble/lib'), ('HOME', '/home/hjh'), ('CONDA_SHLVL', '0'), ('DESKTOP_SESSION', 'ubuntu'), ('NO_PROXY', 'localhost,127.0.0.1,::1'), ('ROS_PYTHON_VERSION', '3'), ('GNOME_SHELL_SESSION_MODE', 'ubuntu'), ('GTK_MODULES', 'gail:atk-bridge'), ('LC_MONETARY', 'zh_CN.UTF-8'), ('DBUS_STARTER_BUS_TYPE', 'session'), ('SYSTEMD_EXEC_PID', '1784'), ('DBUS_SESSION_BUS_ADDRESS', 'unix:path=/run/user/1000/bus,guid=23506245021c0007447155ba69c24332'), ('COLORTERM', 'truecolor'), ('_CE_M', ''), ('IM_CONFIG_PHASE', '1'), ('WAYLAND_DISPLAY', 'wayland-0'), ('https_proxy', 'http://127.0.0.1:7890/'), ('ROS_DISTRO', 'humble'), ('GTK_IM_MODULE', 'fcitx'), ('LOGNAME', 'hjh'), ('ALL_PROXY', 'socks://127.0.0.1:7890/'), ('http_proxy', 'http://127.0.0.1:7890/'), ('_', '/usr/bin/colcon'), ('ROS_VERSION', '2'), ('XDG_SESSION_CLASS', 'user'), ('USERNAME', 'hjh'), ('TERM', 'xterm-256color'), ('GNOME_DESKTOP_SESSION_ID', 'this-is-deprecated'), ('_CE_CONDA', ''), ('ROS_LOCALHOST_ONLY', '0'), ('PATH', '/home/hjh/miniconda3/condabin:/opt/ros/humble/bin:/home/hjh/.local/bin:/usr/local/sbin:/usr/local/bin:/usr/sbin:/usr/bin:/sbin:/bin:/usr/games:/usr/local/games:/snap/bin:/snap/bin'), ('SESSION_MANAGER', 'local/hjh-Lenovo-G5000-IRH8:@/tmp/.ICE-unix/1784,unix/hjh-Lenovo-G5000-IRH8:/tmp/.ICE-unix/1784'), ('PAPERSIZE', 'a4'), ('XDG_MENU_PREFIX', 'gnome-'), ('LC_ADDRESS', 'zh_CN.UTF-8'), ('GNOME_TERMINAL_SCREEN', '/org/gnome/Terminal/screen/e73f2372_e141_489a_a74e_9a18388fb53f'), ('GNOME_SETUP_DISPLAY', ':1'), ('XDG_RUNTIME_DIR', '/run/user/1000'), ('DISPLAY', ':0'), ('LANG', 'zh_CN.UTF-8'), ('XDG_CURRENT_DESKTOP', 'ubuntu:GNOME'), ('LC_TELEPHONE', 'zh_CN.UTF-8'), ('XMODIFIERS', '@im=fcitx'), ('XDG_SESSION_DESKTOP', 'ubuntu'), ('XAUTHORITY', '/run/user/1000/.mutter-Xwaylandauth.8265M3'), ('LS_COLORS', 'rs=0:di=01;34:ln=01;36:mh=00:pi=40;33:so=01;35:do=01;35:bd=40;33;01:cd=40;33;01:or=40;31;01:mi=00:su=37;41:sg=30;43:ca=30;41:tw=30;42:ow=34;42:st=37;44:ex=01;32:*.tar=01;31:*.tgz=01;31:*.arc=01;31:*.arj=01;31:*.taz=01;31:*.lha=01;31:*.lz4=01;31:*.lzh=01;31:*.lzma=01;31:*.tlz=01;31:*.txz=01;31:*.tzo=01;31:*.t7z=01;31:*.zip=01;31:*.z=01;31:*.dz=01;31:*.gz=01;31:*.lrz=01;31:*.lz=01;31:*.lzo=01;31:*.xz=01;31:*.zst=01;31:*.tzst=01;31:*.bz2=01;31:*.bz=01;31:*.tbz=01;31:*.tbz2=01;31:*.tz=01;31:*.deb=01;31:*.rpm=01;31:*.jar=01;31:*.war=01;31:*.ear=01;31:*.sar=01;31:*.rar=01;31:*.alz=01;31:*.ace=01;31:*.zoo=01;31:*.cpio=01;31:*.7z=01;31:*.rz=01;31:*.cab=01;31:*.wim=01;31:*.swm=01;31:*.dwm=01;31:*.esd=01;31:*.jpg=01;35:*.jpeg=01;35:*.mjpg=01;35:*.mjpeg=01;35:*.gif=01;35:*.bmp=01;35:*.pbm=01;35:*.pgm=01;35:*.ppm=01;35:*.tga=01;35:*.xbm=01;35:*.xpm=01;35:*.tif=01;35:*.tiff=01;35:*.png=01;35:*.svg=01;35:*.svgz=01;35:*.mng=01;35:*.pcx=01;35:*.mov=01;35:*.mpg=01;35:*.mpeg=01;35:*.m2v=01;35:*.mkv=01;35:*.webm=01;35:*.webp=01;35:*.ogm=01;35:*.mp4=01;35:*.m4v=01;35:*.mp4v=01;35:*.vob=01;35:*.qt=01;35:*.nuv=01;35:*.wmv=01;35:*.asf=01;35:*.rm=01;35:*.rmvb=01;35:*.flc=01;35:*.avi=01;35:*.fli=01;35:*.flv=01;35:*.gl=01;35:*.dl=01;35:*.xcf=01;35:*.xwd=01;35:*.yuv=01;35:*.cgm=01;35:*.emf=01;35:*.ogv=01;35:*.ogx=01;35:*.aac=00;36:*.au=00;36:*.flac=00;36:*.m4a=00;36:*.mid=00;36:*.midi=00;36:*.mka=00;36:*.mp3=00;36:*.mpc=00;36:*.ogg=00;36:*.ra=00;36:*.wav=00;36:*.oga=00;36:*.opus=00;36:*.spx=00;36:*.xspf=00;36:'), ('GNOME_TERMINAL_SERVICE', ':1.392'), ('SSH_AGENT_LAUNCHER', 'gnome-keyring'), ('SSH_AUTH_SOCK', '/run/user/1000/keyring/ssh'), ('AMENT_PREFIX_PATH', '/opt/ros/humble'), ('CONDA_PYTHON_EXE', '/home/hjh/miniconda3/bin/python'), ('SHELL', '/bin/bash'), ('LC_NAME', 'zh_CN.UTF-8'), ('QT_ACCESSIBILITY', '1'), ('GDMSESSION', 'ubuntu'), ('LESSCLOSE', '/usr/bin/lesspipe %s %s'), ('LC_MEASUREMENT', 'zh_CN.UTF-8'), ('LC_IDENTIFICATION', 'zh_CN.UTF-8'), ('QT_IM_MODULE', 'fcitx'), ('PWD', '/home/hjh/RMserial/build/def_msg'), ('XDG_CONFIG_DIRS', '/etc/xdg/xdg-ubuntu:/etc/xdg'), ('CONDA_EXE', '/home/hjh/miniconda3/bin/conda'), ('CLUTTER_IM_MODULE', 'fcitx'), ('DBUS_STARTER_ADDRESS', 'unix:path=/run/user/1000/bus,guid=23506245021c0007447155ba69c24332'), ('XDG_DATA_DIRS', '/usr/share/ubuntu:/usr/local/share/:/usr/share/:/var/lib/snapd/desktop'), ('PYTHONPATH', '/opt/ros/humble/lib/python3.10/site-packages:/opt/ros/humble/local/lib/python3.10/dist-packages'), ('HTTP_PROXY', 'http://127.0.0.1:7890/'), ('LC_NUMERIC', 'en_US.UTF-8'), ('LC_PAPER', 'zh_CN.UTF-8'), ('COLCON', '1'), ('VTE_VERSION', '6800'), ('CMAKE_PREFIX_PATH', '/opt/ros/humble')]), 'shell': False}
[2.178307] (def_msg) StdoutLine: {'line': b'[  1%] \x1b[1m\x1b[34mGenerating C code for ROS interfaces\x1b[0m\n'}
[2.182742] (def_msg) StdoutLine: {'line': b'[  2%] \x1b[1m\x1b[34mGenerating C++ code for ROS interfaces\x1b[0m\n'}
[2.183445] (def_msg) StdoutLine: {'line': b'[  2%] Built target ament_cmake_python_copy_def_msg\n'}
[2.202657] (vision_msg) StdoutLine: {'line': b'running egg_info\n'}
[2.203011] (vision_msg) StdoutLine: {'line': b'creating vision_msg.egg-info\n'}
[2.203093] (-) TimerEvent: {}
[2.203244] (vision_msg) StdoutLine: {'line': b'writing vision_msg.egg-info/PKG-INFO\n'}
[2.203407] (vision_msg) StdoutLine: {'line': b'writing dependency_links to vision_msg.egg-info/dependency_links.txt\n'}
[2.203498] (vision_msg) StdoutLine: {'line': b'writing top-level names to vision_msg.egg-info/top_level.txt\n'}
[2.203604] (vision_msg) StdoutLine: {'line': b"writing manifest file 'vision_msg.egg-info/SOURCES.txt'\n"}
[2.204702] (vision_msg) StdoutLine: {'line': b"reading manifest file 'vision_msg.egg-info/SOURCES.txt'\n"}
[2.204966] (vision_msg) StdoutLine: {'line': b"writing manifest file 'vision_msg.egg-info/SOURCES.txt'\n"}
[2.223559] (vision_msg) StdoutLine: {'line': b'[  4%] Built target ament_cmake_python_build_vision_msg_egg\n'}
[2.286031] (vision_msg) StdoutLine: {'line': b'[  6%] \x1b[32mBuilding C object CMakeFiles/vision_msg__rosidl_generator_c.dir/rosidl_generator_c/vision_msg/msg/detail/gimble_position__functions.c.o\x1b[0m\n'}
[2.286951] (vision_msg) StdoutLine: {'line': b'[  8%] \x1b[32mBuilding C object CMakeFiles/vision_msg__rosidl_generator_c.dir/rosidl_generator_c/vision_msg/msg/detail/detected_id__functions.c.o\x1b[0m\n'}
[2.287117] (vision_msg) StdoutLine: {'line': b'[ 10%] \x1b[32mBuilding C object CMakeFiles/vision_msg__rosidl_generator_c.dir/rosidl_generator_c/vision_msg/msg/detail/selected_id__functions.c.o\x1b[0m\n'}
[2.302485] (vision_msg) StdoutLine: {'line': b'[ 10%] Built target vision_msg__cpp\n'}
[2.303174] (-) TimerEvent: {}
[2.306884] (vision_msg) StdoutLine: {'line': b'[ 12%] \x1b[1m\x1b[34mGenerating C++ type support for eProsima Fast-RTPS\x1b[0m\n'}
[2.307567] (vision_msg) StdoutLine: {'line': b'[ 14%] \x1b[1m\x1b[34mGenerating C++ type support dispatch for ROS interfaces\x1b[0m\n'}
[2.308331] (vision_msg) StdoutLine: {'line': b'[ 17%] \x1b[1m\x1b[34mGenerating C++ introspection for ROS interfaces\x1b[0m\n'}
[2.338171] (vision_msg) StdoutLine: {'line': b'[ 19%] \x1b[1m\x1b[32mLinking C shared library libvision_msg__rosidl_generator_c.so\x1b[0m\n'}
[2.371179] (vision_msg) StdoutLine: {'line': b'[ 19%] Built target vision_msg__rosidl_generator_c\n'}
[2.375759] (vision_msg) StdoutLine: {'line': b'[ 21%] \x1b[1m\x1b[34mGenerating C type support for eProsima Fast-RTPS\x1b[0m\n'}
[2.377002] (vision_msg) StdoutLine: {'line': b'[ 25%] \x1b[1m\x1b[34mGenerating C introspection for ROS interfaces\x1b[0m\n'}
[2.377258] (vision_msg) StdoutLine: {'line': b'[ 25%] \x1b[1m\x1b[34mGenerating C type support dispatch for ROS interfaces\x1b[0m\n'}
[2.403276] (-) TimerEvent: {}
[2.503539] (-) TimerEvent: {}
[2.517715] (def_msg) StdoutLine: {'line': b'running egg_info\n'}
[2.518420] (def_msg) StdoutLine: {'line': b'creating def_msg.egg-info\n'}
[2.518645] (def_msg) StdoutLine: {'line': b'writing def_msg.egg-info/PKG-INFO\n'}
[2.518833] (def_msg) StdoutLine: {'line': b'writing dependency_links to def_msg.egg-info/dependency_links.txt\n'}
[2.519010] (def_msg) StdoutLine: {'line': b'writing top-level names to def_msg.egg-info/top_level.txt\n'}
[2.519273] (def_msg) StdoutLine: {'line': b"writing manifest file 'def_msg.egg-info/SOURCES.txt'\n"}
[2.521486] (def_msg) StdoutLine: {'line': b"reading manifest file 'def_msg.egg-info/SOURCES.txt'\n"}
[2.522049] (def_msg) StdoutLine: {'line': b"writing manifest file 'def_msg.egg-info/SOURCES.txt'\n"}
[2.549045] (def_msg) StdoutLine: {'line': b'[  2%] Built target ament_cmake_python_build_def_msg_egg\n'}
[2.603634] (-) TimerEvent: {}
[2.604386] (vision_msg) StdoutLine: {'line': b'[ 29%] \x1b[32mBuilding CXX object CMakeFiles/vision_msg__rosidl_typesupport_introspection_cpp.dir/rosidl_typesupport_introspection_cpp/vision_msg/msg/detail/detected_id__type_support.cpp.o\x1b[0m\n'}
[2.604586] (vision_msg) StdoutLine: {'line': b'[ 29%] \x1b[32mBuilding CXX object CMakeFiles/vision_msg__rosidl_typesupport_introspection_cpp.dir/rosidl_typesupport_introspection_cpp/vision_msg/msg/detail/gimble_position__type_support.cpp.o\x1b[0m\n'}
[2.604678] (vision_msg) StdoutLine: {'line': b'[ 31%] \x1b[32mBuilding CXX object CMakeFiles/vision_msg__rosidl_typesupport_introspection_cpp.dir/rosidl_typesupport_introspection_cpp/vision_msg/msg/detail/selected_id__type_support.cpp.o\x1b[0m\n'}
[2.630793] (vision_msg) StdoutLine: {'line': b'[ 36%] \x1b[32mBuilding CXX object CMakeFiles/vision_msg__rosidl_typesupport_fastrtps_c.dir/rosidl_typesupport_fastrtps_c/vision_msg/msg/detail/selected_id__type_support_c.cpp.o\x1b[0m\n'}
[2.630965] (vision_msg) StdoutLine: {'line': b'[ 36%] \x1b[32mBuilding CXX object CMakeFiles/vision_msg__rosidl_typesupport_fastrtps_c.dir/rosidl_typesupport_fastrtps_c/vision_msg/msg/detail/gimble_position__type_support_c.cpp.o\x1b[0m\n'}
[2.631118] (vision_msg) StdoutLine: {'line': b'[ 38%] \x1b[32mBuilding CXX object CMakeFiles/vision_msg__rosidl_typesupport_fastrtps_c.dir/rosidl_typesupport_fastrtps_c/vision_msg/msg/detail/detected_id__type_support_c.cpp.o\x1b[0m\n'}
[2.701614] (vision_msg) StdoutLine: {'line': b'[ 42%] \x1b[32mBuilding CXX object CMakeFiles/vision_msg__rosidl_typesupport_cpp.dir/rosidl_typesupport_cpp/vision_msg/msg/detected_id__type_support.cpp.o\x1b[0m\n'}
[2.701899] (vision_msg) StdoutLine: {'line': b'[ 42%] \x1b[32mBuilding CXX object CMakeFiles/vision_msg__rosidl_typesupport_cpp.dir/rosidl_typesupport_cpp/vision_msg/msg/gimble_position__type_support.cpp.o\x1b[0m\n'}
[2.702560] (vision_msg) StdoutLine: {'line': b'[ 44%] \x1b[32mBuilding CXX object CMakeFiles/vision_msg__rosidl_typesupport_cpp.dir/rosidl_typesupport_cpp/vision_msg/msg/selected_id__type_support.cpp.o\x1b[0m\n'}
[2.703718] (-) TimerEvent: {}
[2.775584] (vision_msg) StdoutLine: {'line': b'[ 48%] \x1b[32mBuilding C object CMakeFiles/vision_msg__rosidl_typesupport_introspection_c.dir/rosidl_typesupport_introspection_c/vision_msg/msg/detail/gimble_position__type_support.c.o\x1b[0m\n'}
[2.776302] (vision_msg) StdoutLine: {'line': b'[ 48%] \x1b[32mBuilding C object CMakeFiles/vision_msg__rosidl_typesupport_introspection_c.dir/rosidl_typesupport_introspection_c/vision_msg/msg/detail/detected_id__type_support.c.o\x1b[0m\n'}
[2.780424] (vision_msg) StdoutLine: {'line': b'[ 51%] \x1b[32mBuilding C object CMakeFiles/vision_msg__rosidl_typesupport_introspection_c.dir/rosidl_typesupport_introspection_c/vision_msg/msg/detail/selected_id__type_support.c.o\x1b[0m\n'}
[2.786203] (vision_msg) StdoutLine: {'line': b'[ 55%] \x1b[32mBuilding CXX object CMakeFiles/vision_msg__rosidl_typesupport_fastrtps_cpp.dir/rosidl_typesupport_fastrtps_cpp/vision_msg/msg/detail/dds_fastrtps/selected_id__type_support.cpp.o\x1b[0m\n'}
[2.786753] (vision_msg) StdoutLine: {'line': b'[ 55%] \x1b[32mBuilding CXX object CMakeFiles/vision_msg__rosidl_typesupport_fastrtps_cpp.dir/rosidl_typesupport_fastrtps_cpp/vision_msg/msg/detail/dds_fastrtps/detected_id__type_support.cpp.o\x1b[0m\n'}
[2.787228] (vision_msg) StdoutLine: {'line': b'[ 57%] \x1b[32mBuilding CXX object CMakeFiles/vision_msg__rosidl_typesupport_fastrtps_cpp.dir/rosidl_typesupport_fastrtps_cpp/vision_msg/msg/detail/dds_fastrtps/gimble_position__type_support.cpp.o\x1b[0m\n'}
[2.806186] (vision_msg) StdoutLine: {'line': b'[ 59%] \x1b[32mBuilding CXX object CMakeFiles/vision_msg__rosidl_typesupport_c.dir/rosidl_typesupport_c/vision_msg/msg/gimble_position__type_support.cpp.o\x1b[0m\n'}
[2.806394] (-) TimerEvent: {}
[2.831665] (vision_msg) StdoutLine: {'line': b'[ 61%] \x1b[32mBuilding CXX object CMakeFiles/vision_msg__rosidl_typesupport_c.dir/rosidl_typesupport_c/vision_msg/msg/detected_id__type_support.cpp.o\x1b[0m\n'}
[2.844200] (vision_msg) StdoutLine: {'line': b'[ 65%] \x1b[32mBuilding CXX object CMakeFiles/vision_msg__rosidl_typesupport_c.dir/rosidl_typesupport_c/vision_msg/msg/selected_id__type_support.cpp.o\x1b[0m\n'}
[2.844799] (vision_msg) StdoutLine: {'line': b'[ 65%] \x1b[1m\x1b[32mLinking C shared library libvision_msg__rosidl_typesupport_introspection_c.so\x1b[0m\n'}
[2.886737] (vision_msg) StdoutLine: {'line': b'[ 65%] Built target vision_msg__rosidl_typesupport_introspection_c\n'}
[2.892971] (vision_msg) StdoutLine: {'line': b'[ 68%] \x1b[1m\x1b[32mLinking CXX shared library libvision_msg__rosidl_typesupport_c.so\x1b[0m\n'}
[2.906500] (-) TimerEvent: {}
[2.920050] (vision_msg) StdoutLine: {'line': b'[ 68%] Built target vision_msg__rosidl_typesupport_c\n'}
[3.006621] (-) TimerEvent: {}
[3.012314] (def_msg) StdoutLine: {'line': b'[  2%] Built target def_msg__cpp\n'}
[3.018961] (def_msg) StdoutLine: {'line': b'[  5%] \x1b[1m\x1b[34mGenerating C++ type support for eProsima Fast-RTPS\x1b[0m\n'}
[3.019274] (def_msg) StdoutLine: {'line': b'[  5%] \x1b[1m\x1b[34mGenerating C++ introspection for ROS interfaces\x1b[0m\n'}
[3.019397] (def_msg) StdoutLine: {'line': b'[  5%] \x1b[1m\x1b[34mGenerating C++ type support dispatch for ROS interfaces\x1b[0m\n'}
[3.037117] (vision_msg) StdoutLine: {'line': b'[ 70%] \x1b[1m\x1b[32mLinking CXX shared library libvision_msg__rosidl_typesupport_cpp.so\x1b[0m\n'}
[3.061645] (vision_msg) StdoutLine: {'line': b'[ 72%] \x1b[1m\x1b[32mLinking CXX shared library libvision_msg__rosidl_typesupport_fastrtps_c.so\x1b[0m\n'}
[3.072034] (def_msg) StdoutLine: {'line': b'[  6%] \x1b[32mBuilding C object CMakeFiles/def_msg__rosidl_generator_c.dir/rosidl_generator_c/def_msg/msg/detail/common_control__functions.c.o\x1b[0m\n'}
[3.072619] (def_msg) StdoutLine: {'line': b'[  8%] \x1b[32mBuilding C object CMakeFiles/def_msg__rosidl_generator_c.dir/rosidl_generator_c/def_msg/msg/detail/gobal_information__functions.c.o\x1b[0m\n'}
[3.072708] (def_msg) StdoutLine: {'line': b'[  9%] \x1b[32mBuilding C object CMakeFiles/def_msg__rosidl_generator_c.dir/rosidl_generator_c/def_msg/msg/detail/gimble_control__functions.c.o\x1b[0m\n'}
[3.072876] (vision_msg) StdoutLine: {'line': b'[ 72%] Built target vision_msg__rosidl_typesupport_cpp\n'}
[3.072952] (def_msg) StdoutLine: {'line': b'[ 10%] \x1b[32mBuilding C object CMakeFiles/def_msg__rosidl_generator_c.dir/rosidl_generator_c/def_msg/msg/detail/gimble_position__functions.c.o\x1b[0m\n'}
[3.073004] (def_msg) StdoutLine: {'line': b'[ 11%] \x1b[32mBuilding C object CMakeFiles/def_msg__rosidl_generator_c.dir/rosidl_generator_c/def_msg/srv/detail/heart_beat__functions.c.o\x1b[0m\n'}
[3.078412] (def_msg) StdoutLine: {'line': b'[ 12%] \x1b[32mBuilding C object CMakeFiles/def_msg__rosidl_generator_c.dir/rosidl_generator_c/def_msg/action/detail/nav_pose__functions.c.o\x1b[0m\n'}
[3.078604] (def_msg) StdoutLine: {'line': b'[ 13%] \x1b[32mBuilding C object CMakeFiles/def_msg__rosidl_generator_c.dir/rosidl_generator_c/def_msg/msg/detail/em_control__functions.c.o\x1b[0m\n'}
[3.078666] (def_msg) StdoutLine: {'line': b'[ 14%] \x1b[32mBuilding C object CMakeFiles/def_msg__rosidl_generator_c.dir/rosidl_generator_c/def_msg/srv/detail/controller_mode_set__functions.c.o\x1b[0m\n'}
[3.088923] (vision_msg) StdoutLine: {'line': b'[ 74%] \x1b[1m\x1b[32mLinking CXX shared library libvision_msg__rosidl_typesupport_introspection_cpp.so\x1b[0m\n'}
[3.106711] (-) TimerEvent: {}
[3.139521] (vision_msg) StdoutLine: {'line': b'[ 74%] Built target vision_msg__rosidl_typesupport_fastrtps_c\n'}
[3.161324] (vision_msg) StdoutLine: {'line': b'[ 74%] Built target vision_msg__rosidl_typesupport_introspection_cpp\n'}
[3.206799] (-) TimerEvent: {}
[3.208265] (def_msg) StdoutLine: {'line': b'[ 16%] \x1b[1m\x1b[32mLinking C shared library libdef_msg__rosidl_generator_c.so\x1b[0m\n'}
[3.229629] (def_msg) StdoutLine: {'line': b'[ 16%] Built target def_msg__rosidl_generator_c\n'}
[3.234157] (def_msg) StdoutLine: {'line': b'[ 17%] \x1b[1m\x1b[34mGenerating C type support dispatch for ROS interfaces\x1b[0m\n'}
[3.235349] (def_msg) StdoutLine: {'line': b'[ 18%] \x1b[1m\x1b[34mGenerating C type support for eProsima Fast-RTPS\x1b[0m\n'}
[3.235525] (def_msg) StdoutLine: {'line': b'[ 19%] \x1b[1m\x1b[34mGenerating C introspection for ROS interfaces\x1b[0m\n'}
[3.302612] (vision_msg) StdoutLine: {'line': b'[ 76%] \x1b[1m\x1b[32mLinking CXX shared library libvision_msg__rosidl_typesupport_fastrtps_cpp.so\x1b[0m\n'}
[3.306898] (-) TimerEvent: {}
[3.372850] (vision_msg) StdoutLine: {'line': b'[ 76%] Built target vision_msg__rosidl_typesupport_fastrtps_cpp\n'}
[3.382985] (vision_msg) StdoutLine: {'line': b'[ 76%] Built target vision_msg\n'}
[3.396399] (vision_msg) StdoutLine: {'line': b'[ 78%] \x1b[1m\x1b[34mGenerating Python code for ROS interfaces\x1b[0m\n'}
[3.406992] (-) TimerEvent: {}
[3.507306] (-) TimerEvent: {}
[3.525001] (def_msg) StdoutLine: {'line': b'[ 20%] \x1b[32mBuilding CXX object CMakeFiles/def_msg__rosidl_typesupport_introspection_cpp.dir/rosidl_typesupport_introspection_cpp/def_msg/msg/detail/common_control__type_support.cpp.o\x1b[0m\n'}
[3.525427] (def_msg) StdoutLine: {'line': b'[ 22%] \x1b[32mBuilding CXX object CMakeFiles/def_msg__rosidl_typesupport_introspection_cpp.dir/rosidl_typesupport_introspection_cpp/def_msg/msg/detail/em_control__type_support.cpp.o\x1b[0m\n'}
[3.525585] (def_msg) StdoutLine: {'line': b'[ 22%] \x1b[32mBuilding CXX object CMakeFiles/def_msg__rosidl_typesupport_introspection_cpp.dir/rosidl_typesupport_introspection_cpp/def_msg/msg/detail/gimble_position__type_support.cpp.o\x1b[0m\n'}
[3.525807] (def_msg) StdoutLine: {'line': b'[ 24%] \x1b[32mBuilding CXX object CMakeFiles/def_msg__rosidl_typesupport_introspection_cpp.dir/rosidl_typesupport_introspection_cpp/def_msg/msg/detail/gobal_information__type_support.cpp.o\x1b[0m\n'}
[3.525952] (def_msg) StdoutLine: {'line': b'[ 25%] \x1b[32mBuilding CXX object CMakeFiles/def_msg__rosidl_typesupport_introspection_cpp.dir/rosidl_typesupport_introspection_cpp/def_msg/srv/detail/controller_mode_set__type_support.cpp.o\x1b[0m\n'}
[3.526029] (def_msg) StdoutLine: {'line': b'[ 26%] \x1b[32mBuilding CXX object CMakeFiles/def_msg__rosidl_typesupport_introspection_cpp.dir/rosidl_typesupport_introspection_cpp/def_msg/action/detail/nav_pose__type_support.cpp.o\x1b[0m\n'}
[3.526087] (def_msg) StdoutLine: {'line': b'[ 27%] \x1b[32mBuilding CXX object CMakeFiles/def_msg__rosidl_typesupport_introspection_cpp.dir/rosidl_typesupport_introspection_cpp/def_msg/srv/detail/heart_beat__type_support.cpp.o\x1b[0m\n'}
[3.526146] (def_msg) StdoutLine: {'line': b'[ 28%] \x1b[32mBuilding CXX object CMakeFiles/def_msg__rosidl_typesupport_introspection_cpp.dir/rosidl_typesupport_introspection_cpp/def_msg/msg/detail/gimble_control__type_support.cpp.o\x1b[0m\n'}
[3.587891] (def_msg) StdoutLine: {'line': b'[ 29%] \x1b[32mBuilding CXX object CMakeFiles/def_msg__rosidl_typesupport_cpp.dir/rosidl_typesupport_cpp/def_msg/msg/gobal_information__type_support.cpp.o\x1b[0m\n'}
[3.588054] (def_msg) StdoutLine: {'line': b'[ 31%] \x1b[32mBuilding CXX object CMakeFiles/def_msg__rosidl_typesupport_cpp.dir/rosidl_typesupport_cpp/def_msg/msg/gimble_control__type_support.cpp.o\x1b[0m\n'}
[3.595770] (def_msg) StdoutLine: {'line': b'[ 32%] \x1b[32mBuilding CXX object CMakeFiles/def_msg__rosidl_typesupport_cpp.dir/rosidl_typesupport_cpp/def_msg/msg/em_control__type_support.cpp.o\x1b[0m\n'}
[3.595930] (def_msg) StdoutLine: {'line': b'[ 33%] \x1b[32mBuilding CXX object CMakeFiles/def_msg__rosidl_typesupport_cpp.dir/rosidl_typesupport_cpp/def_msg/msg/common_control__type_support.cpp.o\x1b[0m\n'}
[3.607401] (-) TimerEvent: {}
[3.707688] (-) TimerEvent: {}
[3.808228] (-) TimerEvent: {}
[3.865214] (def_msg) StdoutLine: {'line': b'[ 34%] \x1b[32mBuilding CXX object CMakeFiles/def_msg__rosidl_typesupport_cpp.dir/rosidl_typesupport_cpp/def_msg/msg/gimble_position__type_support.cpp.o\x1b[0m\n'}
[3.908318] (-) TimerEvent: {}
[3.912989] (def_msg) StdoutLine: {'line': b'[ 35%] \x1b[32mBuilding CXX object CMakeFiles/def_msg__rosidl_typesupport_cpp.dir/rosidl_typesupport_cpp/def_msg/srv/controller_mode_set__type_support.cpp.o\x1b[0m\n'}
[3.922498] (def_msg) StdoutLine: {'line': b'[ 36%] \x1b[32mBuilding CXX object CMakeFiles/def_msg__rosidl_typesupport_cpp.dir/rosidl_typesupport_cpp/def_msg/srv/heart_beat__type_support.cpp.o\x1b[0m\n'}
[3.924222] (def_msg) StdoutLine: {'line': b'[ 37%] \x1b[32mBuilding CXX object CMakeFiles/def_msg__rosidl_typesupport_cpp.dir/rosidl_typesupport_cpp/def_msg/action/nav_pose__type_support.cpp.o\x1b[0m\n'}
[3.939244] (def_msg) StdoutLine: {'line': b'[ 40%] \x1b[32mBuilding CXX object CMakeFiles/def_msg__rosidl_typesupport_c.dir/rosidl_typesupport_c/def_msg/msg/gobal_information__type_support.cpp.o\x1b[0m\n'}
[3.939405] (def_msg) StdoutLine: {'line': b'[ 40%] \x1b[32mBuilding CXX object CMakeFiles/def_msg__rosidl_typesupport_c.dir/rosidl_typesupport_c/def_msg/msg/common_control__type_support.cpp.o\x1b[0m\n'}
[3.940690] (def_msg) StdoutLine: {'line': b'[ 41%] \x1b[32mBuilding CXX object CMakeFiles/def_msg__rosidl_typesupport_c.dir/rosidl_typesupport_c/def_msg/msg/gimble_control__type_support.cpp.o\x1b[0m\n'}
[3.953297] (def_msg) StdoutLine: {'line': b'[ 42%] \x1b[32mBuilding CXX object CMakeFiles/def_msg__rosidl_typesupport_c.dir/rosidl_typesupport_c/def_msg/msg/em_control__type_support.cpp.o\x1b[0m\n'}
[3.967420] (def_msg) StdoutLine: {'line': b'[ 43%] \x1b[32mBuilding CXX object CMakeFiles/def_msg__rosidl_typesupport_c.dir/rosidl_typesupport_c/def_msg/msg/gimble_position__type_support.cpp.o\x1b[0m\n'}
[3.983237] (def_msg) StdoutLine: {'line': b'[ 44%] \x1b[32mBuilding CXX object CMakeFiles/def_msg__rosidl_typesupport_c.dir/rosidl_typesupport_c/def_msg/srv/heart_beat__type_support.cpp.o\x1b[0m\n'}
[3.984237] (def_msg) StdoutLine: {'line': b'[ 45%] \x1b[32mBuilding CXX object CMakeFiles/def_msg__rosidl_typesupport_c.dir/rosidl_typesupport_c/def_msg/srv/controller_mode_set__type_support.cpp.o\x1b[0m\n'}
[3.997119] (def_msg) StdoutLine: {'line': b'[ 47%] \x1b[32mBuilding CXX object CMakeFiles/def_msg__rosidl_typesupport_c.dir/rosidl_typesupport_c/def_msg/action/nav_pose__type_support.cpp.o\x1b[0m\n'}
[4.009333] (-) TimerEvent: {}
[4.025757] (def_msg) StdoutLine: {'line': b'[ 49%] \x1b[32mBuilding C object CMakeFiles/def_msg__rosidl_typesupport_introspection_c.dir/rosidl_typesupport_introspection_c/def_msg/msg/detail/common_control__type_support.c.o\x1b[0m\n'}
[4.027990] (def_msg) StdoutLine: {'line': b'[ 50%] \x1b[32mBuilding C object CMakeFiles/def_msg__rosidl_typesupport_introspection_c.dir/rosidl_typesupport_introspection_c/def_msg/msg/detail/gobal_information__type_support.c.o\x1b[0m\n'}
[4.028221] (def_msg) StdoutLine: {'line': b'[ 50%] \x1b[32mBuilding C object CMakeFiles/def_msg__rosidl_typesupport_introspection_c.dir/rosidl_typesupport_introspection_c/def_msg/msg/detail/gimble_control__type_support.c.o\x1b[0m\n'}
[4.029070] (def_msg) StdoutLine: {'line': b'[ 51%] \x1b[32mBuilding C object CMakeFiles/def_msg__rosidl_typesupport_introspection_c.dir/rosidl_typesupport_introspection_c/def_msg/msg/detail/gimble_position__type_support.c.o\x1b[0m\n'}
[4.029271] (def_msg) StdoutLine: {'line': b'[ 52%] \x1b[32mBuilding C object CMakeFiles/def_msg__rosidl_typesupport_introspection_c.dir/rosidl_typesupport_introspection_c/def_msg/msg/detail/em_control__type_support.c.o\x1b[0m\n'}
[4.044597] (def_msg) StdoutLine: {'line': b'[ 54%] \x1b[32mBuilding C object CMakeFiles/def_msg__rosidl_typesupport_introspection_c.dir/rosidl_typesupport_introspection_c/def_msg/srv/detail/controller_mode_set__type_support.c.o\x1b[0m\n'}
[4.052183] (def_msg) StdoutLine: {'line': b'[ 55%] \x1b[1m\x1b[32mLinking CXX shared library libdef_msg__rosidl_typesupport_c.so\x1b[0m\n'}
[4.060277] (def_msg) StdoutLine: {'line': b'[ 56%] \x1b[32mBuilding C object CMakeFiles/def_msg__rosidl_typesupport_introspection_c.dir/rosidl_typesupport_introspection_c/def_msg/srv/detail/heart_beat__type_support.c.o\x1b[0m\n'}
[4.066563] (def_msg) StdoutLine: {'line': b'[ 57%] \x1b[32mBuilding C object CMakeFiles/def_msg__rosidl_typesupport_introspection_c.dir/rosidl_typesupport_introspection_c/def_msg/action/detail/nav_pose__type_support.c.o\x1b[0m\n'}
[4.092145] (def_msg) StdoutLine: {'line': b'[ 57%] Built target def_msg__rosidl_typesupport_c\n'}
[4.108090] (def_msg) StdoutLine: {'line': b'[ 58%] \x1b[1m\x1b[32mLinking C shared library libdef_msg__rosidl_typesupport_introspection_c.so\x1b[0m\n'}
[4.109451] (-) TimerEvent: {}
[4.126374] (def_msg) StdoutLine: {'line': b'[ 58%] Built target def_msg__rosidl_typesupport_introspection_c\n'}
[4.157208] (def_msg) StdoutLine: {'line': b'[ 59%] \x1b[32mBuilding CXX object CMakeFiles/def_msg__rosidl_typesupport_fastrtps_cpp.dir/rosidl_typesupport_fastrtps_cpp/def_msg/msg/detail/dds_fastrtps/common_control__type_support.cpp.o\x1b[0m\n'}
[4.157403] (def_msg) StdoutLine: {'line': b'[ 60%] \x1b[32mBuilding CXX object CMakeFiles/def_msg__rosidl_typesupport_fastrtps_cpp.dir/rosidl_typesupport_fastrtps_cpp/def_msg/msg/detail/dds_fastrtps/em_control__type_support.cpp.o\x1b[0m\n'}
[4.157476] (def_msg) StdoutLine: {'line': b'[ 62%] \x1b[32mBuilding CXX object CMakeFiles/def_msg__rosidl_typesupport_fastrtps_cpp.dir/rosidl_typesupport_fastrtps_cpp/def_msg/msg/detail/dds_fastrtps/gimble_position__type_support.cpp.o\x1b[0m\n'}
[4.157528] (def_msg) StdoutLine: {'line': b'[ 64%] \x1b[32mBuilding CXX object CMakeFiles/def_msg__rosidl_typesupport_fastrtps_cpp.dir/rosidl_typesupport_fastrtps_cpp/def_msg/msg/detail/dds_fastrtps/gobal_information__type_support.cpp.o\x1b[0m\n'}
[4.157571] (def_msg) StdoutLine: {'line': b'[ 64%] \x1b[32mBuilding CXX object CMakeFiles/def_msg__rosidl_typesupport_fastrtps_cpp.dir/rosidl_typesupport_fastrtps_cpp/def_msg/msg/detail/dds_fastrtps/gimble_control__type_support.cpp.o\x1b[0m\n'}
[4.158119] (def_msg) StdoutLine: {'line': b'[ 65%] \x1b[32mBuilding CXX object CMakeFiles/def_msg__rosidl_typesupport_fastrtps_cpp.dir/rosidl_typesupport_fastrtps_cpp/def_msg/srv/detail/dds_fastrtps/controller_mode_set__type_support.cpp.o\x1b[0m\n'}
[4.158308] (def_msg) StdoutLine: {'line': b'[ 66%] \x1b[32mBuilding CXX object CMakeFiles/def_msg__rosidl_typesupport_fastrtps_cpp.dir/rosidl_typesupport_fastrtps_cpp/def_msg/srv/detail/dds_fastrtps/heart_beat__type_support.cpp.o\x1b[0m\n'}
[4.158427] (def_msg) StdoutLine: {'line': b'[ 67%] \x1b[32mBuilding CXX object CMakeFiles/def_msg__rosidl_typesupport_fastrtps_cpp.dir/rosidl_typesupport_fastrtps_cpp/def_msg/action/detail/dds_fastrtps/nav_pose__type_support.cpp.o\x1b[0m\n'}
[4.189688] (vision_msg) StdoutLine: {'line': b'[ 78%] Built target vision_msg__py\n'}
[4.204247] (vision_msg) StdoutLine: {'line': b'[ 80%] \x1b[32mBuilding C object CMakeFiles/vision_msg__rosidl_generator_py.dir/rosidl_generator_py/vision_msg/msg/_gimble_position_s.c.o\x1b[0m\n'}
[4.205730] (vision_msg) StdoutLine: {'line': b'[ 85%] \x1b[32mBuilding C object CMakeFiles/vision_msg__rosidl_generator_py.dir/rosidl_generator_py/vision_msg/msg/_selected_id_s.c.o\x1b[0m\n'}
[4.205919] (vision_msg) StdoutLine: {'line': b'[ 85%] \x1b[32mBuilding C object CMakeFiles/vision_msg__rosidl_generator_py.dir/rosidl_generator_py/vision_msg/msg/_detected_id_s.c.o\x1b[0m\n'}
[4.211231] (-) TimerEvent: {}
[4.304097] (def_msg) StdoutLine: {'line': b'[ 68%] \x1b[1m\x1b[32mLinking CXX shared library libdef_msg__rosidl_typesupport_introspection_cpp.so\x1b[0m\n'}
[4.311340] (-) TimerEvent: {}
[4.325680] (vision_msg) StdoutLine: {'line': b'[ 87%] \x1b[1m\x1b[32mLinking C shared library rosidl_generator_py/vision_msg/libvision_msg__rosidl_generator_py.so\x1b[0m\n'}
[4.358953] (vision_msg) StdoutLine: {'line': b'[ 87%] Built target vision_msg__rosidl_generator_py\n'}
[4.367350] (def_msg) StdoutLine: {'line': b'[ 68%] Built target def_msg__rosidl_typesupport_introspection_cpp\n'}
[4.370344] (vision_msg) StdoutLine: {'line': b'[ 91%] \x1b[32mBuilding C object CMakeFiles/vision_msg__rosidl_typesupport_introspection_c__pyext.dir/rosidl_generator_py/vision_msg/_vision_msg_s.ep.rosidl_typesupport_introspection_c.c.o\x1b[0m\n'}
[4.370527] (vision_msg) StdoutLine: {'line': b'[ 91%] \x1b[32mBuilding C object CMakeFiles/vision_msg__rosidl_typesupport_fastrtps_c__pyext.dir/rosidl_generator_py/vision_msg/_vision_msg_s.ep.rosidl_typesupport_fastrtps_c.c.o\x1b[0m\n'}
[4.370641] (vision_msg) StdoutLine: {'line': b'[ 93%] \x1b[32mBuilding C object CMakeFiles/vision_msg__rosidl_typesupport_c__pyext.dir/rosidl_generator_py/vision_msg/_vision_msg_s.ep.rosidl_typesupport_c.c.o\x1b[0m\n'}
[4.413285] (-) TimerEvent: {}
[4.419456] (def_msg) StdoutLine: {'line': b'[ 70%] \x1b[32mBuilding CXX object CMakeFiles/def_msg__rosidl_typesupport_fastrtps_c.dir/rosidl_typesupport_fastrtps_c/def_msg/msg/detail/gobal_information__type_support_c.cpp.o\x1b[0m\n'}
[4.419718] (def_msg) StdoutLine: {'line': b'[ 71%] \x1b[32mBuilding CXX object CMakeFiles/def_msg__rosidl_typesupport_fastrtps_c.dir/rosidl_typesupport_fastrtps_c/def_msg/msg/detail/em_control__type_support_c.cpp.o\x1b[0m\n'}
[4.419942] (def_msg) StdoutLine: {'line': b'[ 72%] \x1b[32mBuilding CXX object CMakeFiles/def_msg__rosidl_typesupport_fastrtps_c.dir/rosidl_typesupport_fastrtps_c/def_msg/msg/detail/gimble_control__type_support_c.cpp.o\x1b[0m\n'}
[4.421873] (def_msg) StdoutLine: {'line': b'[ 73%] \x1b[32mBuilding CXX object CMakeFiles/def_msg__rosidl_typesupport_fastrtps_c.dir/rosidl_typesupport_fastrtps_c/def_msg/msg/detail/gimble_position__type_support_c.cpp.o\x1b[0m\n'}
[4.422068] (def_msg) StdoutLine: {'line': b'[ 74%] \x1b[32mBuilding CXX object CMakeFiles/def_msg__rosidl_typesupport_fastrtps_c.dir/rosidl_typesupport_fastrtps_c/def_msg/msg/detail/common_control__type_support_c.cpp.o\x1b[0m\n'}
[4.422709] (def_msg) StdoutLine: {'line': b'[ 75%] \x1b[32mBuilding CXX object CMakeFiles/def_msg__rosidl_typesupport_fastrtps_c.dir/rosidl_typesupport_fastrtps_c/def_msg/srv/detail/controller_mode_set__type_support_c.cpp.o\x1b[0m\n'}
[4.427608] (def_msg) StdoutLine: {'line': b'[ 77%] \x1b[32mBuilding CXX object CMakeFiles/def_msg__rosidl_typesupport_fastrtps_c.dir/rosidl_typesupport_fastrtps_c/def_msg/srv/detail/heart_beat__type_support_c.cpp.o\x1b[0m\n'}
[4.496257] (def_msg) StdoutLine: {'line': b'[ 78%] \x1b[1m\x1b[32mLinking CXX shared library libdef_msg__rosidl_typesupport_cpp.so\x1b[0m\n'}
[4.497542] (vision_msg) StdoutLine: {'line': b'[ 95%] \x1b[1m\x1b[32mLinking C shared library rosidl_generator_py/vision_msg/vision_msg_s__rosidl_typesupport_introspection_c.cpython-310-x86_64-linux-gnu.so\x1b[0m\n'}
[4.515235] (-) TimerEvent: {}
[4.517273] (vision_msg) StdoutLine: {'line': b'[ 97%] \x1b[1m\x1b[32mLinking C shared library rosidl_generator_py/vision_msg/vision_msg_s__rosidl_typesupport_fastrtps_c.cpython-310-x86_64-linux-gnu.so\x1b[0m\n'}
[4.531590] (def_msg) StdoutLine: {'line': b'[ 79%] \x1b[32mBuilding CXX object CMakeFiles/def_msg__rosidl_typesupport_fastrtps_c.dir/rosidl_typesupport_fastrtps_c/def_msg/action/detail/nav_pose__type_support_c.cpp.o\x1b[0m\n'}
[4.546241] (vision_msg) StdoutLine: {'line': b'[ 97%] Built target vision_msg__rosidl_typesupport_introspection_c__pyext\n'}
[4.558316] (vision_msg) StdoutLine: {'line': b'[100%] \x1b[1m\x1b[32mLinking C shared library rosidl_generator_py/vision_msg/vision_msg_s__rosidl_typesupport_c.cpython-310-x86_64-linux-gnu.so\x1b[0m\n'}
[4.558973] (vision_msg) StdoutLine: {'line': b'[100%] Built target vision_msg__rosidl_typesupport_fastrtps_c__pyext\n'}
[4.569367] (def_msg) StdoutLine: {'line': b'[ 79%] Built target def_msg__rosidl_typesupport_cpp\n'}
[4.596218] (vision_msg) StdoutLine: {'line': b'[100%] Built target vision_msg__rosidl_typesupport_c__pyext\n'}
[4.605905] (vision_msg) CommandEnded: {'returncode': 0}
[4.606322] (vision_msg) JobProgress: {'identifier': 'vision_msg', 'progress': 'install'}
[4.611525] (vision_msg) Command: {'cmd': ['/usr/bin/cmake', '--install', '/home/hjh/RMserial/build/vision_msg'], 'cwd': '/home/hjh/RMserial/build/vision_msg', 'env': OrderedDict([('LESSOPEN', '| /usr/bin/lesspipe %s'), ('HTTPS_PROXY', 'http://127.0.0.1:7890/'), ('no_proxy', 'localhost,127.0.0.1,::1'), ('LANGUAGE', 'zh_CN:en'), ('USER', 'hjh'), ('LC_TIME', 'zh_CN.UTF-8'), ('all_proxy', 'socks://127.0.0.1:7890/'), ('XDG_SESSION_TYPE', 'wayland'), ('SHLVL', '1'), ('LD_LIBRARY_PATH', '/opt/ros/humble/opt/openvdb_vendor/lib:/home/hjh/ros2_ws/install/lib:/home/hjh/ros2_ws/install/lib:/usr/lib/x86_64-linux-gnu/gazebo-11/plugins:/opt/ros/humble/opt/rviz_ogre_vendor/lib:/opt/ros/humble/lib/x86_64-linux-gnu:/opt/ros/humble/lib'), ('HOME', '/home/hjh'), ('CONDA_SHLVL', '0'), ('DESKTOP_SESSION', 'ubuntu'), ('NO_PROXY', 'localhost,127.0.0.1,::1'), ('ROS_PYTHON_VERSION', '3'), ('GNOME_SHELL_SESSION_MODE', 'ubuntu'), ('GTK_MODULES', 'gail:atk-bridge'), ('LC_MONETARY', 'zh_CN.UTF-8'), ('DBUS_STARTER_BUS_TYPE', 'session'), ('SYSTEMD_EXEC_PID', '1784'), ('DBUS_SESSION_BUS_ADDRESS', 'unix:path=/run/user/1000/bus,guid=23506245021c0007447155ba69c24332'), ('COLORTERM', 'truecolor'), ('_CE_M', ''), ('IM_CONFIG_PHASE', '1'), ('WAYLAND_DISPLAY', 'wayland-0'), ('https_proxy', 'http://127.0.0.1:7890/'), ('ROS_DISTRO', 'humble'), ('GTK_IM_MODULE', 'fcitx'), ('LOGNAME', 'hjh'), ('ALL_PROXY', 'socks://127.0.0.1:7890/'), ('http_proxy', 'http://127.0.0.1:7890/'), ('_', '/usr/bin/colcon'), ('ROS_VERSION', '2'), ('XDG_SESSION_CLASS', 'user'), ('USERNAME', 'hjh'), ('TERM', 'xterm-256color'), ('GNOME_DESKTOP_SESSION_ID', 'this-is-deprecated'), ('_CE_CONDA', ''), ('ROS_LOCALHOST_ONLY', '0'), ('PATH', '/home/hjh/miniconda3/condabin:/opt/ros/humble/bin:/home/hjh/.local/bin:/usr/local/sbin:/usr/local/bin:/usr/sbin:/usr/bin:/sbin:/bin:/usr/games:/usr/local/games:/snap/bin:/snap/bin'), ('SESSION_MANAGER', 'local/hjh-Lenovo-G5000-IRH8:@/tmp/.ICE-unix/1784,unix/hjh-Lenovo-G5000-IRH8:/tmp/.ICE-unix/1784'), ('PAPERSIZE', 'a4'), ('XDG_MENU_PREFIX', 'gnome-'), ('LC_ADDRESS', 'zh_CN.UTF-8'), ('GNOME_TERMINAL_SCREEN', '/org/gnome/Terminal/screen/e73f2372_e141_489a_a74e_9a18388fb53f'), ('GNOME_SETUP_DISPLAY', ':1'), ('XDG_RUNTIME_DIR', '/run/user/1000'), ('DISPLAY', ':0'), ('LANG', 'zh_CN.UTF-8'), ('XDG_CURRENT_DESKTOP', 'ubuntu:GNOME'), ('LC_TELEPHONE', 'zh_CN.UTF-8'), ('XMODIFIERS', '@im=fcitx'), ('XDG_SESSION_DESKTOP', 'ubuntu'), ('XAUTHORITY', '/run/user/1000/.mutter-Xwaylandauth.8265M3'), ('LS_COLORS', 'rs=0:di=01;34:ln=01;36:mh=00:pi=40;33:so=01;35:do=01;35:bd=40;33;01:cd=40;33;01:or=40;31;01:mi=00:su=37;41:sg=30;43:ca=30;41:tw=30;42:ow=34;42:st=37;44:ex=01;32:*.tar=01;31:*.tgz=01;31:*.arc=01;31:*.arj=01;31:*.taz=01;31:*.lha=01;31:*.lz4=01;31:*.lzh=01;31:*.lzma=01;31:*.tlz=01;31:*.txz=01;31:*.tzo=01;31:*.t7z=01;31:*.zip=01;31:*.z=01;31:*.dz=01;31:*.gz=01;31:*.lrz=01;31:*.lz=01;31:*.lzo=01;31:*.xz=01;31:*.zst=01;31:*.tzst=01;31:*.bz2=01;31:*.bz=01;31:*.tbz=01;31:*.tbz2=01;31:*.tz=01;31:*.deb=01;31:*.rpm=01;31:*.jar=01;31:*.war=01;31:*.ear=01;31:*.sar=01;31:*.rar=01;31:*.alz=01;31:*.ace=01;31:*.zoo=01;31:*.cpio=01;31:*.7z=01;31:*.rz=01;31:*.cab=01;31:*.wim=01;31:*.swm=01;31:*.dwm=01;31:*.esd=01;31:*.jpg=01;35:*.jpeg=01;35:*.mjpg=01;35:*.mjpeg=01;35:*.gif=01;35:*.bmp=01;35:*.pbm=01;35:*.pgm=01;35:*.ppm=01;35:*.tga=01;35:*.xbm=01;35:*.xpm=01;35:*.tif=01;35:*.tiff=01;35:*.png=01;35:*.svg=01;35:*.svgz=01;35:*.mng=01;35:*.pcx=01;35:*.mov=01;35:*.mpg=01;35:*.mpeg=01;35:*.m2v=01;35:*.mkv=01;35:*.webm=01;35:*.webp=01;35:*.ogm=01;35:*.mp4=01;35:*.m4v=01;35:*.mp4v=01;35:*.vob=01;35:*.qt=01;35:*.nuv=01;35:*.wmv=01;35:*.asf=01;35:*.rm=01;35:*.rmvb=01;35:*.flc=01;35:*.avi=01;35:*.fli=01;35:*.flv=01;35:*.gl=01;35:*.dl=01;35:*.xcf=01;35:*.xwd=01;35:*.yuv=01;35:*.cgm=01;35:*.emf=01;35:*.ogv=01;35:*.ogx=01;35:*.aac=00;36:*.au=00;36:*.flac=00;36:*.m4a=00;36:*.mid=00;36:*.midi=00;36:*.mka=00;36:*.mp3=00;36:*.mpc=00;36:*.ogg=00;36:*.ra=00;36:*.wav=00;36:*.oga=00;36:*.opus=00;36:*.spx=00;36:*.xspf=00;36:'), ('GNOME_TERMINAL_SERVICE', ':1.392'), ('SSH_AGENT_LAUNCHER', 'gnome-keyring'), ('SSH_AUTH_SOCK', '/run/user/1000/keyring/ssh'), ('AMENT_PREFIX_PATH', '/opt/ros/humble'), ('CONDA_PYTHON_EXE', '/home/hjh/miniconda3/bin/python'), ('SHELL', '/bin/bash'), ('LC_NAME', 'zh_CN.UTF-8'), ('QT_ACCESSIBILITY', '1'), ('GDMSESSION', 'ubuntu'), ('LESSCLOSE', '/usr/bin/lesspipe %s %s'), ('LC_MEASUREMENT', 'zh_CN.UTF-8'), ('LC_IDENTIFICATION', 'zh_CN.UTF-8'), ('QT_IM_MODULE', 'fcitx'), ('PWD', '/home/hjh/RMserial/build/vision_msg'), ('XDG_CONFIG_DIRS', '/etc/xdg/xdg-ubuntu:/etc/xdg'), ('CONDA_EXE', '/home/hjh/miniconda3/bin/conda'), ('CLUTTER_IM_MODULE', 'fcitx'), ('DBUS_STARTER_ADDRESS', 'unix:path=/run/user/1000/bus,guid=23506245021c0007447155ba69c24332'), ('XDG_DATA_DIRS', '/usr/share/ubuntu:/usr/local/share/:/usr/share/:/var/lib/snapd/desktop'), ('PYTHONPATH', '/opt/ros/humble/lib/python3.10/site-packages:/opt/ros/humble/local/lib/python3.10/dist-packages'), ('HTTP_PROXY', 'http://127.0.0.1:7890/'), ('LC_NUMERIC', 'en_US.UTF-8'), ('LC_PAPER', 'zh_CN.UTF-8'), ('COLCON', '1'), ('VTE_VERSION', '6800'), ('CMAKE_PREFIX_PATH', '/opt/ros/humble')]), 'shell': False}
[4.615336] (-) TimerEvent: {}
[4.616426] (vision_msg) StdoutLine: {'line': b'-- Install configuration: ""\n'}
[4.616667] (vision_msg) StdoutLine: {'line': b'-- Installing: /home/hjh/RMserial/install/vision_msg/share/ament_index/resource_index/rosidl_interfaces/vision_msg\n'}
[4.616840] (vision_msg) StdoutLine: {'line': b'-- Installing: /home/hjh/RMserial/install/vision_msg/include/vision_msg/vision_msg\n'}
[4.616955] (vision_msg) StdoutLine: {'line': b'-- Installing: /home/hjh/RMserial/install/vision_msg/include/vision_msg/vision_msg/msg\n'}
[4.617029] (vision_msg) StdoutLine: {'line': b'-- Installing: /home/hjh/RMserial/install/vision_msg/include/vision_msg/vision_msg/msg/rosidl_generator_c__visibility_control.h\n'}
[4.617163] (vision_msg) StdoutLine: {'line': b'-- Installing: /home/hjh/RMserial/install/vision_msg/include/vision_msg/vision_msg/msg/detail\n'}
[4.617252] (vision_msg) StdoutLine: {'line': b'-- Installing: /home/hjh/RMserial/install/vision_msg/include/vision_msg/vision_msg/msg/detail/selected_id__functions.h\n'}
[4.617369] (vision_msg) StdoutLine: {'line': b'-- Installing: /home/hjh/RMserial/install/vision_msg/include/vision_msg/vision_msg/msg/detail/gimble_position__struct.h\n'}
[4.617472] (vision_msg) StdoutLine: {'line': b'-- Installing: /home/hjh/RMserial/install/vision_msg/include/vision_msg/vision_msg/msg/detail/gimble_position__functions.h\n'}
[4.617578] (vision_msg) StdoutLine: {'line': b'-- Installing: /home/hjh/RMserial/install/vision_msg/include/vision_msg/vision_msg/msg/detail/selected_id__type_support.h\n'}
[4.617712] (vision_msg) StdoutLine: {'line': b'-- Installing: /home/hjh/RMserial/install/vision_msg/include/vision_msg/vision_msg/msg/detail/detected_id__functions.h\n'}
[4.617799] (vision_msg) StdoutLine: {'line': b'-- Installing: /home/hjh/RMserial/install/vision_msg/include/vision_msg/vision_msg/msg/detail/gimble_position__type_support.h\n'}
[4.617897] (vision_msg) StdoutLine: {'line': b'-- Installing: /home/hjh/RMserial/install/vision_msg/include/vision_msg/vision_msg/msg/detail/detected_id__struct.h\n'}
[4.617997] (vision_msg) StdoutLine: {'line': b'-- Installing: /home/hjh/RMserial/install/vision_msg/include/vision_msg/vision_msg/msg/detail/detected_id__type_support.h\n'}
[4.618098] (vision_msg) StdoutLine: {'line': b'-- Installing: /home/hjh/RMserial/install/vision_msg/include/vision_msg/vision_msg/msg/detail/detected_id__functions.c\n'}
[4.618210] (vision_msg) StdoutLine: {'line': b'-- Installing: /home/hjh/RMserial/install/vision_msg/include/vision_msg/vision_msg/msg/detail/selected_id__functions.c\n'}
[4.618320] (vision_msg) StdoutLine: {'line': b'-- Installing: /home/hjh/RMserial/install/vision_msg/include/vision_msg/vision_msg/msg/detail/selected_id__struct.h\n'}
[4.618420] (vision_msg) StdoutLine: {'line': b'-- Installing: /home/hjh/RMserial/install/vision_msg/include/vision_msg/vision_msg/msg/detail/gimble_position__functions.c\n'}
[4.618562] (vision_msg) StdoutLine: {'line': b'-- Installing: /home/hjh/RMserial/install/vision_msg/include/vision_msg/vision_msg/msg/detected_id.h\n'}
[4.618656] (vision_msg) StdoutLine: {'line': b'-- Installing: /home/hjh/RMserial/install/vision_msg/include/vision_msg/vision_msg/msg/selected_id.h\n'}
[4.618747] (vision_msg) StdoutLine: {'line': b'-- Installing: /home/hjh/RMserial/install/vision_msg/include/vision_msg/vision_msg/msg/gimble_position.h\n'}
[4.618974] (vision_msg) StdoutLine: {'line': b'-- Installing: /home/hjh/RMserial/install/vision_msg/share/vision_msg/environment/library_path.sh\n'}
[4.619095] (vision_msg) StdoutLine: {'line': b'-- Installing: /home/hjh/RMserial/install/vision_msg/share/vision_msg/environment/library_path.dsv\n'}
[4.619496] (vision_msg) StdoutLine: {'line': b'-- Installing: /home/hjh/RMserial/install/vision_msg/lib/libvision_msg__rosidl_generator_c.so\n'}
[4.620383] (vision_msg) StdoutLine: {'line': b'-- Set non-toolchain portion of runtime path of "/home/hjh/RMserial/install/vision_msg/lib/libvision_msg__rosidl_generator_c.so" to ""\n'}
[4.620550] (vision_msg) StdoutLine: {'line': b'-- Up-to-date: /home/hjh/RMserial/install/vision_msg/include/vision_msg/vision_msg\n'}
[4.620624] (vision_msg) StdoutLine: {'line': b'-- Up-to-date: /home/hjh/RMserial/install/vision_msg/include/vision_msg/vision_msg/msg\n'}
[4.620690] (vision_msg) StdoutLine: {'line': b'-- Up-to-date: /home/hjh/RMserial/install/vision_msg/include/vision_msg/vision_msg/msg/detail\n'}
[4.620783] (vision_msg) StdoutLine: {'line': b'-- Installing: /home/hjh/RMserial/install/vision_msg/include/vision_msg/vision_msg/msg/detail/selected_id__rosidl_typesupport_fastrtps_c.h\n'}
[4.620851] (vision_msg) StdoutLine: {'line': b'-- Installing: /home/hjh/RMserial/install/vision_msg/include/vision_msg/vision_msg/msg/detail/gimble_position__rosidl_typesupport_fastrtps_c.h\n'}
[4.620907] (vision_msg) StdoutLine: {'line': b'-- Installing: /home/hjh/RMserial/install/vision_msg/include/vision_msg/vision_msg/msg/detail/detected_id__rosidl_typesupport_fastrtps_c.h\n'}
[4.620984] (vision_msg) StdoutLine: {'line': b'-- Installing: /home/hjh/RMserial/install/vision_msg/include/vision_msg/vision_msg/msg/rosidl_typesupport_fastrtps_c__visibility_control.h\n'}
[4.621069] (vision_msg) StdoutLine: {'line': b'-- Installing: /home/hjh/RMserial/install/vision_msg/lib/libvision_msg__rosidl_typesupport_fastrtps_c.so\n'}
[4.621435] (vision_msg) StdoutLine: {'line': b'-- Set non-toolchain portion of runtime path of "/home/hjh/RMserial/install/vision_msg/lib/libvision_msg__rosidl_typesupport_fastrtps_c.so" to ""\n'}
[4.621563] (vision_msg) StdoutLine: {'line': b'-- Up-to-date: /home/hjh/RMserial/install/vision_msg/include/vision_msg/vision_msg\n'}
[4.621630] (vision_msg) StdoutLine: {'line': b'-- Up-to-date: /home/hjh/RMserial/install/vision_msg/include/vision_msg/vision_msg/msg\n'}
[4.621688] (vision_msg) StdoutLine: {'line': b'-- Up-to-date: /home/hjh/RMserial/install/vision_msg/include/vision_msg/vision_msg/msg/detail\n'}
[4.621765] (vision_msg) StdoutLine: {'line': b'-- Installing: /home/hjh/RMserial/install/vision_msg/include/vision_msg/vision_msg/msg/detail/selected_id__rosidl_typesupport_introspection_c.h\n'}
[4.621816] (vision_msg) StdoutLine: {'line': b'-- Installing: /home/hjh/RMserial/install/vision_msg/include/vision_msg/vision_msg/msg/detail/selected_id__type_support.c\n'}
[4.621886] (vision_msg) StdoutLine: {'line': b'-- Installing: /home/hjh/RMserial/install/vision_msg/include/vision_msg/vision_msg/msg/detail/detected_id__rosidl_typesupport_introspection_c.h\n'}
[4.621956] (vision_msg) StdoutLine: {'line': b'-- Installing: /home/hjh/RMserial/install/vision_msg/include/vision_msg/vision_msg/msg/detail/detected_id__type_support.c\n'}
[4.622052] (vision_msg) StdoutLine: {'line': b'-- Installing: /home/hjh/RMserial/install/vision_msg/include/vision_msg/vision_msg/msg/detail/gimble_position__rosidl_typesupport_introspection_c.h\n'}
[4.622183] (vision_msg) StdoutLine: {'line': b'-- Installing: /home/hjh/RMserial/install/vision_msg/include/vision_msg/vision_msg/msg/detail/gimble_position__type_support.c\n'}
[4.623493] (vision_msg) StdoutLine: {'line': b'-- Installing: /home/hjh/RMserial/install/vision_msg/include/vision_msg/vision_msg/msg/rosidl_typesupport_introspection_c__visibility_control.h\n'}
[4.623662] (vision_msg) StdoutLine: {'line': b'-- Installing: /home/hjh/RMserial/install/vision_msg/lib/libvision_msg__rosidl_typesupport_introspection_c.so\n'}
[4.624160] (vision_msg) StdoutLine: {'line': b'-- Set non-toolchain portion of runtime path of "/home/hjh/RMserial/install/vision_msg/lib/libvision_msg__rosidl_typesupport_introspection_c.so" to ""\n'}
[4.624256] (vision_msg) StdoutLine: {'line': b'-- Installing: /home/hjh/RMserial/install/vision_msg/lib/libvision_msg__rosidl_typesupport_c.so\n'}
[4.625529] (vision_msg) StdoutLine: {'line': b'-- Set non-toolchain portion of runtime path of "/home/hjh/RMserial/install/vision_msg/lib/libvision_msg__rosidl_typesupport_c.so" to ""\n'}
[4.625744] (vision_msg) StdoutLine: {'line': b'-- Up-to-date: /home/hjh/RMserial/install/vision_msg/include/vision_msg/vision_msg\n'}
[4.625843] (vision_msg) StdoutLine: {'line': b'-- Up-to-date: /home/hjh/RMserial/install/vision_msg/include/vision_msg/vision_msg/msg\n'}
[4.625921] (vision_msg) StdoutLine: {'line': b'-- Installing: /home/hjh/RMserial/install/vision_msg/include/vision_msg/vision_msg/msg/selected_id.hpp\n'}
[4.625978] (vision_msg) StdoutLine: {'line': b'-- Installing: /home/hjh/RMserial/install/vision_msg/include/vision_msg/vision_msg/msg/gimble_position.hpp\n'}
[4.626032] (vision_msg) StdoutLine: {'line': b'-- Installing: /home/hjh/RMserial/install/vision_msg/include/vision_msg/vision_msg/msg/detected_id.hpp\n'}
[4.626156] (vision_msg) StdoutLine: {'line': b'-- Up-to-date: /home/hjh/RMserial/install/vision_msg/include/vision_msg/vision_msg/msg/detail\n'}
[4.626256] (vision_msg) StdoutLine: {'line': b'-- Installing: /home/hjh/RMserial/install/vision_msg/include/vision_msg/vision_msg/msg/detail/selected_id__type_support.hpp\n'}
[4.626343] (vision_msg) StdoutLine: {'line': b'-- Installing: /home/hjh/RMserial/install/vision_msg/include/vision_msg/vision_msg/msg/detail/gimble_position__struct.hpp\n'}
[4.626403] (vision_msg) StdoutLine: {'line': b'-- Installing: /home/hjh/RMserial/install/vision_msg/include/vision_msg/vision_msg/msg/detail/gimble_position__type_support.hpp\n'}
[4.626482] (vision_msg) StdoutLine: {'line': b'-- Installing: /home/hjh/RMserial/install/vision_msg/include/vision_msg/vision_msg/msg/detail/detected_id__traits.hpp\n'}
[4.626682] (vision_msg) StdoutLine: {'line': b'-- Installing: /home/hjh/RMserial/install/vision_msg/include/vision_msg/vision_msg/msg/detail/selected_id__builder.hpp\n'}
[4.626763] (vision_msg) StdoutLine: {'line': b'-- Installing: /home/hjh/RMserial/install/vision_msg/include/vision_msg/vision_msg/msg/detail/detected_id__type_support.hpp\n'}
[4.626874] (vision_msg) StdoutLine: {'line': b'-- Installing: /home/hjh/RMserial/install/vision_msg/include/vision_msg/vision_msg/msg/detail/gimble_position__traits.hpp\n'}
[4.626956] (vision_msg) StdoutLine: {'line': b'-- Installing: /home/hjh/RMserial/install/vision_msg/include/vision_msg/vision_msg/msg/detail/gimble_position__builder.hpp\n'}
[4.627156] (vision_msg) StdoutLine: {'line': b'-- Installing: /home/hjh/RMserial/install/vision_msg/include/vision_msg/vision_msg/msg/detail/selected_id__struct.hpp\n'}
[4.627224] (vision_msg) StdoutLine: {'line': b'-- Installing: /home/hjh/RMserial/install/vision_msg/include/vision_msg/vision_msg/msg/detail/detected_id__builder.hpp\n'}
[4.627303] (vision_msg) StdoutLine: {'line': b'-- Installing: /home/hjh/RMserial/install/vision_msg/include/vision_msg/vision_msg/msg/detail/detected_id__struct.hpp\n'}
[4.627391] (vision_msg) StdoutLine: {'line': b'-- Installing: /home/hjh/RMserial/install/vision_msg/include/vision_msg/vision_msg/msg/detail/selected_id__traits.hpp\n'}
[4.627511] (vision_msg) StdoutLine: {'line': b'-- Installing: /home/hjh/RMserial/install/vision_msg/include/vision_msg/vision_msg/msg/rosidl_generator_cpp__visibility_control.hpp\n'}
[4.627686] (vision_msg) StdoutLine: {'line': b'-- Up-to-date: /home/hjh/RMserial/install/vision_msg/include/vision_msg/vision_msg\n'}
[4.627789] (vision_msg) StdoutLine: {'line': b'-- Up-to-date: /home/hjh/RMserial/install/vision_msg/include/vision_msg/vision_msg/msg\n'}
[4.627887] (vision_msg) StdoutLine: {'line': b'-- Up-to-date: /home/hjh/RMserial/install/vision_msg/include/vision_msg/vision_msg/msg/detail\n'}
[4.627946] (vision_msg) StdoutLine: {'line': b'-- Installing: /home/hjh/RMserial/install/vision_msg/include/vision_msg/vision_msg/msg/detail/detected_id__rosidl_typesupport_fastrtps_cpp.hpp\n'}
[4.628528] (vision_msg) StdoutLine: {'line': b'-- Installing: /home/hjh/RMserial/install/vision_msg/include/vision_msg/vision_msg/msg/detail/dds_fastrtps\n'}
[4.628688] (vision_msg) StdoutLine: {'line': b'-- Installing: /home/hjh/RMserial/install/vision_msg/include/vision_msg/vision_msg/msg/detail/selected_id__rosidl_typesupport_fastrtps_cpp.hpp\n'}
[4.628799] (vision_msg) StdoutLine: {'line': b'-- Installing: /home/hjh/RMserial/install/vision_msg/include/vision_msg/vision_msg/msg/detail/gimble_position__rosidl_typesupport_fastrtps_cpp.hpp\n'}
[4.628903] (vision_msg) StdoutLine: {'line': b'-- Installing: /home/hjh/RMserial/install/vision_msg/include/vision_msg/vision_msg/msg/rosidl_typesupport_fastrtps_cpp__visibility_control.h\n'}
[4.628964] (vision_msg) StdoutLine: {'line': b'-- Installing: /home/hjh/RMserial/install/vision_msg/lib/libvision_msg__rosidl_typesupport_fastrtps_cpp.so\n'}
[4.629733] (vision_msg) StdoutLine: {'line': b'-- Set non-toolchain portion of runtime path of "/home/hjh/RMserial/install/vision_msg/lib/libvision_msg__rosidl_typesupport_fastrtps_cpp.so" to ""\n'}
[4.629892] (vision_msg) StdoutLine: {'line': b'-- Up-to-date: /home/hjh/RMserial/install/vision_msg/include/vision_msg/vision_msg\n'}
[4.629966] (vision_msg) StdoutLine: {'line': b'-- Up-to-date: /home/hjh/RMserial/install/vision_msg/include/vision_msg/vision_msg/msg\n'}
[4.630022] (vision_msg) StdoutLine: {'line': b'-- Up-to-date: /home/hjh/RMserial/install/vision_msg/include/vision_msg/vision_msg/msg/detail\n'}
[4.630089] (vision_msg) StdoutLine: {'line': b'-- Installing: /home/hjh/RMserial/install/vision_msg/include/vision_msg/vision_msg/msg/detail/detected_id__type_support.cpp\n'}
[4.630187] (vision_msg) StdoutLine: {'line': b'-- Installing: /home/hjh/RMserial/install/vision_msg/include/vision_msg/vision_msg/msg/detail/gimble_position__type_support.cpp\n'}
[4.630260] (vision_msg) StdoutLine: {'line': b'-- Installing: /home/hjh/RMserial/install/vision_msg/include/vision_msg/vision_msg/msg/detail/detected_id__rosidl_typesupport_introspection_cpp.hpp\n'}
[4.630337] (vision_msg) StdoutLine: {'line': b'-- Installing: /home/hjh/RMserial/install/vision_msg/include/vision_msg/vision_msg/msg/detail/gimble_position__rosidl_typesupport_introspection_cpp.hpp\n'}
[4.630413] (vision_msg) StdoutLine: {'line': b'-- Installing: /home/hjh/RMserial/install/vision_msg/include/vision_msg/vision_msg/msg/detail/selected_id__type_support.cpp\n'}
[4.630484] (vision_msg) StdoutLine: {'line': b'-- Installing: /home/hjh/RMserial/install/vision_msg/include/vision_msg/vision_msg/msg/detail/selected_id__rosidl_typesupport_introspection_cpp.hpp\n'}
[4.631202] (vision_msg) StdoutLine: {'line': b'-- Installing: /home/hjh/RMserial/install/vision_msg/lib/libvision_msg__rosidl_typesupport_introspection_cpp.so\n'}
[4.631377] (vision_msg) StdoutLine: {'line': b'-- Set non-toolchain portion of runtime path of "/home/hjh/RMserial/install/vision_msg/lib/libvision_msg__rosidl_typesupport_introspection_cpp.so" to ""\n'}
[4.631442] (vision_msg) StdoutLine: {'line': b'-- Installing: /home/hjh/RMserial/install/vision_msg/lib/libvision_msg__rosidl_typesupport_cpp.so\n'}
[4.631602] (vision_msg) StdoutLine: {'line': b'-- Set non-toolchain portion of runtime path of "/home/hjh/RMserial/install/vision_msg/lib/libvision_msg__rosidl_typesupport_cpp.so" to ""\n'}
[4.631736] (vision_msg) StdoutLine: {'line': b'-- Installing: /home/hjh/RMserial/install/vision_msg/share/vision_msg/environment/pythonpath.sh\n'}
[4.631824] (vision_msg) StdoutLine: {'line': b'-- Installing: /home/hjh/RMserial/install/vision_msg/share/vision_msg/environment/pythonpath.dsv\n'}
[4.632095] (vision_msg) StdoutLine: {'line': b'-- Installing: /home/hjh/RMserial/install/vision_msg/local/lib/python3.10/dist-packages/vision_msg-0.0.0-py3.10.egg-info\n'}
[4.632182] (vision_msg) StdoutLine: {'line': b'-- Installing: /home/hjh/RMserial/install/vision_msg/local/lib/python3.10/dist-packages/vision_msg-0.0.0-py3.10.egg-info/dependency_links.txt\n'}
[4.632260] (vision_msg) StdoutLine: {'line': b'-- Installing: /home/hjh/RMserial/install/vision_msg/local/lib/python3.10/dist-packages/vision_msg-0.0.0-py3.10.egg-info/PKG-INFO\n'}
[4.632335] (vision_msg) StdoutLine: {'line': b'-- Installing: /home/hjh/RMserial/install/vision_msg/local/lib/python3.10/dist-packages/vision_msg-0.0.0-py3.10.egg-info/SOURCES.txt\n'}
[4.632413] (vision_msg) StdoutLine: {'line': b'-- Installing: /home/hjh/RMserial/install/vision_msg/local/lib/python3.10/dist-packages/vision_msg-0.0.0-py3.10.egg-info/top_level.txt\n'}
[4.632556] (vision_msg) StdoutLine: {'line': b'-- Installing: /home/hjh/RMserial/install/vision_msg/local/lib/python3.10/dist-packages/vision_msg\n'}
[4.632658] (vision_msg) StdoutLine: {'line': b'-- Installing: /home/hjh/RMserial/install/vision_msg/local/lib/python3.10/dist-packages/vision_msg/vision_msg_s__rosidl_typesupport_c.cpython-310-x86_64-linux-gnu.so\n'}
[4.632817] (vision_msg) StdoutLine: {'line': b'-- Installing: /home/hjh/RMserial/install/vision_msg/local/lib/python3.10/dist-packages/vision_msg/_vision_msg_s.ep.rosidl_typesupport_fastrtps_c.c\n'}
[4.632953] (vision_msg) StdoutLine: {'line': b'-- Installing: /home/hjh/RMserial/install/vision_msg/local/lib/python3.10/dist-packages/vision_msg/vision_msg_s__rosidl_typesupport_fastrtps_c.cpython-310-x86_64-linux-gnu.so\n'}
[4.633091] (vision_msg) StdoutLine: {'line': b'-- Installing: /home/hjh/RMserial/install/vision_msg/local/lib/python3.10/dist-packages/vision_msg/__init__.py\n'}
[4.633252] (vision_msg) StdoutLine: {'line': b'-- Installing: /home/hjh/RMserial/install/vision_msg/local/lib/python3.10/dist-packages/vision_msg/libvision_msg__rosidl_generator_py.so\n'}
[4.633672] (vision_msg) StdoutLine: {'line': b'-- Installing: /home/hjh/RMserial/install/vision_msg/local/lib/python3.10/dist-packages/vision_msg/_vision_msg_s.ep.rosidl_typesupport_c.c\n'}
[4.633764] (vision_msg) StdoutLine: {'line': b'-- Installing: /home/hjh/RMserial/install/vision_msg/local/lib/python3.10/dist-packages/vision_msg/msg\n'}
[4.633835] (vision_msg) StdoutLine: {'line': b'-- Installing: /home/hjh/RMserial/install/vision_msg/local/lib/python3.10/dist-packages/vision_msg/msg/_selected_id.py\n'}
[4.633912] (vision_msg) StdoutLine: {'line': b'-- Installing: /home/hjh/RMserial/install/vision_msg/local/lib/python3.10/dist-packages/vision_msg/msg/_selected_id_s.c\n'}
[4.633997] (vision_msg) StdoutLine: {'line': b'-- Installing: /home/hjh/RMserial/install/vision_msg/local/lib/python3.10/dist-packages/vision_msg/msg/_detected_id.py\n'}
[4.634074] (vision_msg) StdoutLine: {'line': b'-- Installing: /home/hjh/RMserial/install/vision_msg/local/lib/python3.10/dist-packages/vision_msg/msg/_gimble_position_s.c\n'}
[4.634161] (vision_msg) StdoutLine: {'line': b'-- Installing: /home/hjh/RMserial/install/vision_msg/local/lib/python3.10/dist-packages/vision_msg/msg/__init__.py\n'}
[4.634290] (vision_msg) StdoutLine: {'line': b'-- Installing: /home/hjh/RMserial/install/vision_msg/local/lib/python3.10/dist-packages/vision_msg/msg/_gimble_position.py\n'}
[4.634428] (vision_msg) StdoutLine: {'line': b'-- Installing: /home/hjh/RMserial/install/vision_msg/local/lib/python3.10/dist-packages/vision_msg/msg/_detected_id_s.c\n'}
[4.634575] (vision_msg) StdoutLine: {'line': b'-- Installing: /home/hjh/RMserial/install/vision_msg/local/lib/python3.10/dist-packages/vision_msg/_vision_msg_s.ep.rosidl_typesupport_introspection_c.c\n'}
[4.634720] (vision_msg) StdoutLine: {'line': b'-- Installing: /home/hjh/RMserial/install/vision_msg/local/lib/python3.10/dist-packages/vision_msg/vision_msg_s__rosidl_typesupport_introspection_c.cpython-310-x86_64-linux-gnu.so\n'}
[4.685380] (vision_msg) StdoutLine: {'line': b"Listing '/home/hjh/RMserial/install/vision_msg/local/lib/python3.10/dist-packages/vision_msg'...\n"}
[4.685547] (vision_msg) StdoutLine: {'line': b"Compiling '/home/hjh/RMserial/install/vision_msg/local/lib/python3.10/dist-packages/vision_msg/__init__.py'...\n"}
[4.685607] (vision_msg) StdoutLine: {'line': b"Listing '/home/hjh/RMserial/install/vision_msg/local/lib/python3.10/dist-packages/vision_msg/msg'...\n"}
[4.685656] (vision_msg) StdoutLine: {'line': b"Compiling '/home/hjh/RMserial/install/vision_msg/local/lib/python3.10/dist-packages/vision_msg/msg/__init__.py'...\n"}
[4.685705] (vision_msg) StdoutLine: {'line': b"Compiling '/home/hjh/RMserial/install/vision_msg/local/lib/python3.10/dist-packages/vision_msg/msg/_detected_id.py'...\n"}
[4.685762] (vision_msg) StdoutLine: {'line': b"Compiling '/home/hjh/RMserial/install/vision_msg/local/lib/python3.10/dist-packages/vision_msg/msg/_gimble_position.py'...\n"}
[4.685813] (vision_msg) StdoutLine: {'line': b"Compiling '/home/hjh/RMserial/install/vision_msg/local/lib/python3.10/dist-packages/vision_msg/msg/_selected_id.py'...\n"}
[4.691099] (vision_msg) StdoutLine: {'line': b'-- Installing: /home/hjh/RMserial/install/vision_msg/local/lib/python3.10/dist-packages/vision_msg/vision_msg_s__rosidl_typesupport_fastrtps_c.cpython-310-x86_64-linux-gnu.so\n'}
[4.691338] (vision_msg) StdoutLine: {'line': b'-- Set non-toolchain portion of runtime path of "/home/hjh/RMserial/install/vision_msg/local/lib/python3.10/dist-packages/vision_msg/vision_msg_s__rosidl_typesupport_fastrtps_c.cpython-310-x86_64-linux-gnu.so" to ""\n'}
[4.691950] (vision_msg) StdoutLine: {'line': b'-- Installing: /home/hjh/RMserial/install/vision_msg/local/lib/python3.10/dist-packages/vision_msg/vision_msg_s__rosidl_typesupport_introspection_c.cpython-310-x86_64-linux-gnu.so\n'}
[4.692066] (vision_msg) StdoutLine: {'line': b'-- Set non-toolchain portion of runtime path of "/home/hjh/RMserial/install/vision_msg/local/lib/python3.10/dist-packages/vision_msg/vision_msg_s__rosidl_typesupport_introspection_c.cpython-310-x86_64-linux-gnu.so" to ""\n'}
[4.692192] (vision_msg) StdoutLine: {'line': b'-- Installing: /home/hjh/RMserial/install/vision_msg/local/lib/python3.10/dist-packages/vision_msg/vision_msg_s__rosidl_typesupport_c.cpython-310-x86_64-linux-gnu.so\n'}
[4.692450] (vision_msg) StdoutLine: {'line': b'-- Set non-toolchain portion of runtime path of "/home/hjh/RMserial/install/vision_msg/local/lib/python3.10/dist-packages/vision_msg/vision_msg_s__rosidl_typesupport_c.cpython-310-x86_64-linux-gnu.so" to ""\n'}
[4.692577] (vision_msg) StdoutLine: {'line': b'-- Installing: /home/hjh/RMserial/install/vision_msg/lib/libvision_msg__rosidl_generator_py.so\n'}
[4.692984] (vision_msg) StdoutLine: {'line': b'-- Set non-toolchain portion of runtime path of "/home/hjh/RMserial/install/vision_msg/lib/libvision_msg__rosidl_generator_py.so" to ""\n'}
[4.693101] (vision_msg) StdoutLine: {'line': b'-- Installing: /home/hjh/RMserial/install/vision_msg/share/vision_msg/msg/GimblePosition.idl\n'}
[4.693263] (vision_msg) StdoutLine: {'line': b'-- Installing: /home/hjh/RMserial/install/vision_msg/share/vision_msg/msg/DetectedId.idl\n'}
[4.693430] (vision_msg) StdoutLine: {'line': b'-- Installing: /home/hjh/RMserial/install/vision_msg/share/vision_msg/msg/SelectedId.idl\n'}
[4.693557] (vision_msg) StdoutLine: {'line': b'-- Installing: /home/hjh/RMserial/install/vision_msg/share/vision_msg/msg/GimblePosition.msg\n'}
[4.693659] (vision_msg) StdoutLine: {'line': b'-- Installing: /home/hjh/RMserial/install/vision_msg/share/vision_msg/msg/DetectedId.msg\n'}
[4.693778] (vision_msg) StdoutLine: {'line': b'-- Installing: /home/hjh/RMserial/install/vision_msg/share/vision_msg/msg/SelectedId.msg\n'}
[4.693955] (vision_msg) StdoutLine: {'line': b'-- Installing: /home/hjh/RMserial/install/vision_msg/share/ament_index/resource_index/package_run_dependencies/vision_msg\n'}
[4.694153] (vision_msg) StdoutLine: {'line': b'-- Installing: /home/hjh/RMserial/install/vision_msg/share/ament_index/resource_index/parent_prefix_path/vision_msg\n'}
[4.694309] (vision_msg) StdoutLine: {'line': b'-- Installing: /home/hjh/RMserial/install/vision_msg/share/vision_msg/environment/ament_prefix_path.sh\n'}
[4.694458] (vision_msg) StdoutLine: {'line': b'-- Installing: /home/hjh/RMserial/install/vision_msg/share/vision_msg/environment/ament_prefix_path.dsv\n'}
[4.694757] (vision_msg) StdoutLine: {'line': b'-- Installing: /home/hjh/RMserial/install/vision_msg/share/vision_msg/environment/path.sh\n'}
[4.694918] (vision_msg) StdoutLine: {'line': b'-- Installing: /home/hjh/RMserial/install/vision_msg/share/vision_msg/environment/path.dsv\n'}
[4.695028] (vision_msg) StdoutLine: {'line': b'-- Installing: /home/hjh/RMserial/install/vision_msg/share/vision_msg/local_setup.bash\n'}
[4.695154] (vision_msg) StdoutLine: {'line': b'-- Installing: /home/hjh/RMserial/install/vision_msg/share/vision_msg/local_setup.sh\n'}
[4.695302] (vision_msg) StdoutLine: {'line': b'-- Installing: /home/hjh/RMserial/install/vision_msg/share/vision_msg/local_setup.zsh\n'}
[4.695427] (vision_msg) StdoutLine: {'line': b'-- Installing: /home/hjh/RMserial/install/vision_msg/share/vision_msg/local_setup.dsv\n'}
[4.695551] (vision_msg) StdoutLine: {'line': b'-- Installing: /home/hjh/RMserial/install/vision_msg/share/vision_msg/package.dsv\n'}
[4.695727] (vision_msg) StdoutLine: {'line': b'-- Installing: /home/hjh/RMserial/install/vision_msg/share/ament_index/resource_index/packages/vision_msg\n'}
[4.695898] (vision_msg) StdoutLine: {'line': b'-- Installing: /home/hjh/RMserial/install/vision_msg/share/vision_msg/cmake/export_vision_msg__rosidl_generator_cExport.cmake\n'}
[4.696047] (vision_msg) StdoutLine: {'line': b'-- Installing: /home/hjh/RMserial/install/vision_msg/share/vision_msg/cmake/export_vision_msg__rosidl_generator_cExport-noconfig.cmake\n'}
[4.696206] (vision_msg) StdoutLine: {'line': b'-- Installing: /home/hjh/RMserial/install/vision_msg/share/vision_msg/cmake/export_vision_msg__rosidl_typesupport_fastrtps_cExport.cmake\n'}
[4.696363] (vision_msg) StdoutLine: {'line': b'-- Installing: /home/hjh/RMserial/install/vision_msg/share/vision_msg/cmake/export_vision_msg__rosidl_typesupport_fastrtps_cExport-noconfig.cmake\n'}
[4.696515] (vision_msg) StdoutLine: {'line': b'-- Installing: /home/hjh/RMserial/install/vision_msg/share/vision_msg/cmake/vision_msg__rosidl_typesupport_introspection_cExport.cmake\n'}
[4.696623] (vision_msg) StdoutLine: {'line': b'-- Installing: /home/hjh/RMserial/install/vision_msg/share/vision_msg/cmake/vision_msg__rosidl_typesupport_introspection_cExport-noconfig.cmake\n'}
[4.696773] (vision_msg) StdoutLine: {'line': b'-- Installing: /home/hjh/RMserial/install/vision_msg/share/vision_msg/cmake/vision_msg__rosidl_typesupport_cExport.cmake\n'}
[4.696895] (vision_msg) StdoutLine: {'line': b'-- Installing: /home/hjh/RMserial/install/vision_msg/share/vision_msg/cmake/vision_msg__rosidl_typesupport_cExport-noconfig.cmake\n'}
[4.697044] (vision_msg) StdoutLine: {'line': b'-- Installing: /home/hjh/RMserial/install/vision_msg/share/vision_msg/cmake/export_vision_msg__rosidl_generator_cppExport.cmake\n'}
[4.697210] (vision_msg) StdoutLine: {'line': b'-- Installing: /home/hjh/RMserial/install/vision_msg/share/vision_msg/cmake/export_vision_msg__rosidl_typesupport_fastrtps_cppExport.cmake\n'}
[4.697352] (vision_msg) StdoutLine: {'line': b'-- Installing: /home/hjh/RMserial/install/vision_msg/share/vision_msg/cmake/export_vision_msg__rosidl_typesupport_fastrtps_cppExport-noconfig.cmake\n'}
[4.697497] (vision_msg) StdoutLine: {'line': b'-- Installing: /home/hjh/RMserial/install/vision_msg/share/vision_msg/cmake/vision_msg__rosidl_typesupport_introspection_cppExport.cmake\n'}
[4.697636] (vision_msg) StdoutLine: {'line': b'-- Installing: /home/hjh/RMserial/install/vision_msg/share/vision_msg/cmake/vision_msg__rosidl_typesupport_introspection_cppExport-noconfig.cmake\n'}
[4.697787] (vision_msg) StdoutLine: {'line': b'-- Installing: /home/hjh/RMserial/install/vision_msg/share/vision_msg/cmake/vision_msg__rosidl_typesupport_cppExport.cmake\n'}
[4.697943] (vision_msg) StdoutLine: {'line': b'-- Installing: /home/hjh/RMserial/install/vision_msg/share/vision_msg/cmake/vision_msg__rosidl_typesupport_cppExport-noconfig.cmake\n'}
[4.698089] (vision_msg) StdoutLine: {'line': b'-- Installing: /home/hjh/RMserial/install/vision_msg/share/vision_msg/cmake/export_vision_msg__rosidl_generator_pyExport.cmake\n'}
[4.698237] (vision_msg) StdoutLine: {'line': b'-- Installing: /home/hjh/RMserial/install/vision_msg/share/vision_msg/cmake/export_vision_msg__rosidl_generator_pyExport-noconfig.cmake\n'}
[4.698369] (vision_msg) StdoutLine: {'line': b'-- Installing: /home/hjh/RMserial/install/vision_msg/share/vision_msg/cmake/rosidl_cmake-extras.cmake\n'}
[4.698509] (vision_msg) StdoutLine: {'line': b'-- Installing: /home/hjh/RMserial/install/vision_msg/share/vision_msg/cmake/ament_cmake_export_dependencies-extras.cmake\n'}
[4.698658] (vision_msg) StdoutLine: {'line': b'-- Installing: /home/hjh/RMserial/install/vision_msg/share/vision_msg/cmake/ament_cmake_export_include_directories-extras.cmake\n'}
[4.698789] (vision_msg) StdoutLine: {'line': b'-- Installing: /home/hjh/RMserial/install/vision_msg/share/vision_msg/cmake/ament_cmake_export_libraries-extras.cmake\n'}
[4.698937] (vision_msg) StdoutLine: {'line': b'-- Installing: /home/hjh/RMserial/install/vision_msg/share/vision_msg/cmake/ament_cmake_export_targets-extras.cmake\n'}
[4.699076] (vision_msg) StdoutLine: {'line': b'-- Installing: /home/hjh/RMserial/install/vision_msg/share/vision_msg/cmake/rosidl_cmake_export_typesupport_targets-extras.cmake\n'}
[4.699211] (vision_msg) StdoutLine: {'line': b'-- Installing: /home/hjh/RMserial/install/vision_msg/share/vision_msg/cmake/rosidl_cmake_export_typesupport_libraries-extras.cmake\n'}
[4.699348] (vision_msg) StdoutLine: {'line': b'-- Installing: /home/hjh/RMserial/install/vision_msg/share/vision_msg/cmake/vision_msgConfig.cmake\n'}
[4.699450] (vision_msg) StdoutLine: {'line': b'-- Installing: /home/hjh/RMserial/install/vision_msg/share/vision_msg/cmake/vision_msgConfig-version.cmake\n'}
[4.699577] (vision_msg) StdoutLine: {'line': b'-- Installing: /home/hjh/RMserial/install/vision_msg/share/vision_msg/package.xml\n'}
[4.701398] (vision_msg) CommandEnded: {'returncode': 0}
[4.715616] (-) TimerEvent: {}
[4.729133] (vision_msg) JobEnded: {'identifier': 'vision_msg', 'rc': 0}
[4.815824] (-) TimerEvent: {}
[4.854230] (def_msg) StdoutLine: {'line': b'[ 80%] \x1b[1m\x1b[32mLinking CXX shared library libdef_msg__rosidl_typesupport_fastrtps_cpp.so\x1b[0m\n'}
[4.886210] (def_msg) StdoutLine: {'line': b'[ 81%] \x1b[1m\x1b[32mLinking CXX shared library libdef_msg__rosidl_typesupport_fastrtps_c.so\x1b[0m\n'}
[4.905395] (def_msg) StdoutLine: {'line': b'[ 81%] Built target def_msg__rosidl_typesupport_fastrtps_cpp\n'}
[4.915969] (-) TimerEvent: {}
[4.939535] (def_msg) StdoutLine: {'line': b'[ 81%] Built target def_msg__rosidl_typesupport_fastrtps_c\n'}
[4.951042] (def_msg) StdoutLine: {'line': b'[ 81%] Built target def_msg\n'}
[4.968525] (def_msg) StdoutLine: {'line': b'[ 82%] \x1b[1m\x1b[34mGenerating Python code for ROS interfaces\x1b[0m\n'}
[5.016111] (-) TimerEvent: {}
[5.116391] (-) TimerEvent: {}
[5.216795] (-) TimerEvent: {}
[5.317197] (-) TimerEvent: {}
[5.417585] (-) TimerEvent: {}
[5.517999] (-) TimerEvent: {}
[5.618293] (-) TimerEvent: {}
[5.718570] (-) TimerEvent: {}
[5.818953] (-) TimerEvent: {}
[5.919230] (-) TimerEvent: {}
[6.019497] (-) TimerEvent: {}
[6.056441] (def_msg) StdoutLine: {'line': b'[ 82%] Built target def_msg__py\n'}
[6.067874] (def_msg) StdoutLine: {'line': b'[ 83%] \x1b[32mBuilding C object CMakeFiles/def_msg__rosidl_generator_py.dir/rosidl_generator_py/def_msg/msg/_gimble_control_s.c.o\x1b[0m\n'}
[6.068322] (def_msg) StdoutLine: {'line': b'[ 85%] \x1b[32mBuilding C object CMakeFiles/def_msg__rosidl_generator_py.dir/rosidl_generator_py/def_msg/msg/_common_control_s.c.o\x1b[0m\n'}
[6.068770] (def_msg) StdoutLine: {'line': b'[ 86%] \x1b[32mBuilding C object CMakeFiles/def_msg__rosidl_generator_py.dir/rosidl_generator_py/def_msg/msg/_gobal_information_s.c.o\x1b[0m\n'}
[6.069075] (def_msg) StdoutLine: {'line': b'[ 87%] \x1b[32mBuilding C object CMakeFiles/def_msg__rosidl_generator_py.dir/rosidl_generator_py/def_msg/srv/_controller_mode_set_s.c.o\x1b[0m\n'}
[6.069476] (def_msg) StdoutLine: {'line': b'[ 88%] \x1b[32mBuilding C object CMakeFiles/def_msg__rosidl_generator_py.dir/rosidl_generator_py/def_msg/msg/_gimble_position_s.c.o\x1b[0m\n'}
[6.069748] (def_msg) StdoutLine: {'line': b'[ 89%] \x1b[32mBuilding C object CMakeFiles/def_msg__rosidl_generator_py.dir/rosidl_generator_py/def_msg/msg/_em_control_s.c.o\x1b[0m\n'}
[6.070840] (def_msg) StdoutLine: {'line': b'[ 90%] \x1b[32mBuilding C object CMakeFiles/def_msg__rosidl_generator_py.dir/rosidl_generator_py/def_msg/srv/_heart_beat_s.c.o\x1b[0m\n'}
[6.071827] (def_msg) StdoutLine: {'line': b'[ 91%] \x1b[32mBuilding C object CMakeFiles/def_msg__rosidl_generator_py.dir/rosidl_generator_py/def_msg/action/_nav_pose_s.c.o\x1b[0m\n'}
[6.119638] (-) TimerEvent: {}
[6.193634] (def_msg) StdoutLine: {'line': b'[ 93%] \x1b[1m\x1b[32mLinking C shared library rosidl_generator_py/def_msg/libdef_msg__rosidl_generator_py.so\x1b[0m\n'}
[6.219755] (-) TimerEvent: {}
[6.223265] (def_msg) StdoutLine: {'line': b'[ 93%] Built target def_msg__rosidl_generator_py\n'}
[6.236272] (def_msg) StdoutLine: {'line': b'[ 94%] \x1b[32mBuilding C object CMakeFiles/def_msg__rosidl_typesupport_fastrtps_c__pyext.dir/rosidl_generator_py/def_msg/_def_msg_s.ep.rosidl_typesupport_fastrtps_c.c.o\x1b[0m\n'}
[6.237727] (def_msg) StdoutLine: {'line': b'[ 95%] \x1b[32mBuilding C object CMakeFiles/def_msg__rosidl_typesupport_introspection_c__pyext.dir/rosidl_generator_py/def_msg/_def_msg_s.ep.rosidl_typesupport_introspection_c.c.o\x1b[0m\n'}
[6.238003] (def_msg) StdoutLine: {'line': b'[ 96%] \x1b[32mBuilding C object CMakeFiles/def_msg__rosidl_typesupport_c__pyext.dir/rosidl_generator_py/def_msg/_def_msg_s.ep.rosidl_typesupport_c.c.o\x1b[0m\n'}
[6.319879] (-) TimerEvent: {}
[6.340476] (def_msg) StdoutLine: {'line': b'[ 97%] \x1b[1m\x1b[32mLinking C shared library rosidl_generator_py/def_msg/def_msg_s__rosidl_typesupport_fastrtps_c.cpython-310-x86_64-linux-gnu.so\x1b[0m\n'}
[6.341625] (def_msg) StdoutLine: {'line': b'[ 98%] \x1b[1m\x1b[32mLinking C shared library rosidl_generator_py/def_msg/def_msg_s__rosidl_typesupport_c.cpython-310-x86_64-linux-gnu.so\x1b[0m\n'}
[6.347438] (def_msg) StdoutLine: {'line': b'[100%] \x1b[1m\x1b[32mLinking C shared library rosidl_generator_py/def_msg/def_msg_s__rosidl_typesupport_introspection_c.cpython-310-x86_64-linux-gnu.so\x1b[0m\n'}
[6.374346] (def_msg) StdoutLine: {'line': b'[100%] Built target def_msg__rosidl_typesupport_fastrtps_c__pyext\n'}
[6.376009] (def_msg) StdoutLine: {'line': b'[100%] Built target def_msg__rosidl_typesupport_c__pyext\n'}
[6.390353] (def_msg) StdoutLine: {'line': b'[100%] Built target def_msg__rosidl_typesupport_introspection_c__pyext\n'}
[6.398383] (def_msg) CommandEnded: {'returncode': 0}
[6.399165] (def_msg) JobProgress: {'identifier': 'def_msg', 'progress': 'install'}
[6.399361] (def_msg) Command: {'cmd': ['/usr/bin/cmake', '--install', '/home/hjh/RMserial/build/def_msg'], 'cwd': '/home/hjh/RMserial/build/def_msg', 'env': OrderedDict([('LESSOPEN', '| /usr/bin/lesspipe %s'), ('HTTPS_PROXY', 'http://127.0.0.1:7890/'), ('no_proxy', 'localhost,127.0.0.1,::1'), ('LANGUAGE', 'zh_CN:en'), ('USER', 'hjh'), ('LC_TIME', 'zh_CN.UTF-8'), ('all_proxy', 'socks://127.0.0.1:7890/'), ('XDG_SESSION_TYPE', 'wayland'), ('SHLVL', '1'), ('LD_LIBRARY_PATH', '/opt/ros/humble/opt/openvdb_vendor/lib:/home/hjh/ros2_ws/install/lib:/home/hjh/ros2_ws/install/lib:/usr/lib/x86_64-linux-gnu/gazebo-11/plugins:/opt/ros/humble/opt/rviz_ogre_vendor/lib:/opt/ros/humble/lib/x86_64-linux-gnu:/opt/ros/humble/lib'), ('HOME', '/home/hjh'), ('CONDA_SHLVL', '0'), ('DESKTOP_SESSION', 'ubuntu'), ('NO_PROXY', 'localhost,127.0.0.1,::1'), ('ROS_PYTHON_VERSION', '3'), ('GNOME_SHELL_SESSION_MODE', 'ubuntu'), ('GTK_MODULES', 'gail:atk-bridge'), ('LC_MONETARY', 'zh_CN.UTF-8'), ('DBUS_STARTER_BUS_TYPE', 'session'), ('SYSTEMD_EXEC_PID', '1784'), ('DBUS_SESSION_BUS_ADDRESS', 'unix:path=/run/user/1000/bus,guid=23506245021c0007447155ba69c24332'), ('COLORTERM', 'truecolor'), ('_CE_M', ''), ('IM_CONFIG_PHASE', '1'), ('WAYLAND_DISPLAY', 'wayland-0'), ('https_proxy', 'http://127.0.0.1:7890/'), ('ROS_DISTRO', 'humble'), ('GTK_IM_MODULE', 'fcitx'), ('LOGNAME', 'hjh'), ('ALL_PROXY', 'socks://127.0.0.1:7890/'), ('http_proxy', 'http://127.0.0.1:7890/'), ('_', '/usr/bin/colcon'), ('ROS_VERSION', '2'), ('XDG_SESSION_CLASS', 'user'), ('USERNAME', 'hjh'), ('TERM', 'xterm-256color'), ('GNOME_DESKTOP_SESSION_ID', 'this-is-deprecated'), ('_CE_CONDA', ''), ('ROS_LOCALHOST_ONLY', '0'), ('PATH', '/home/hjh/miniconda3/condabin:/opt/ros/humble/bin:/home/hjh/.local/bin:/usr/local/sbin:/usr/local/bin:/usr/sbin:/usr/bin:/sbin:/bin:/usr/games:/usr/local/games:/snap/bin:/snap/bin'), ('SESSION_MANAGER', 'local/hjh-Lenovo-G5000-IRH8:@/tmp/.ICE-unix/1784,unix/hjh-Lenovo-G5000-IRH8:/tmp/.ICE-unix/1784'), ('PAPERSIZE', 'a4'), ('XDG_MENU_PREFIX', 'gnome-'), ('LC_ADDRESS', 'zh_CN.UTF-8'), ('GNOME_TERMINAL_SCREEN', '/org/gnome/Terminal/screen/e73f2372_e141_489a_a74e_9a18388fb53f'), ('GNOME_SETUP_DISPLAY', ':1'), ('XDG_RUNTIME_DIR', '/run/user/1000'), ('DISPLAY', ':0'), ('LANG', 'zh_CN.UTF-8'), ('XDG_CURRENT_DESKTOP', 'ubuntu:GNOME'), ('LC_TELEPHONE', 'zh_CN.UTF-8'), ('XMODIFIERS', '@im=fcitx'), ('XDG_SESSION_DESKTOP', 'ubuntu'), ('XAUTHORITY', '/run/user/1000/.mutter-Xwaylandauth.8265M3'), ('LS_COLORS', 'rs=0:di=01;34:ln=01;36:mh=00:pi=40;33:so=01;35:do=01;35:bd=40;33;01:cd=40;33;01:or=40;31;01:mi=00:su=37;41:sg=30;43:ca=30;41:tw=30;42:ow=34;42:st=37;44:ex=01;32:*.tar=01;31:*.tgz=01;31:*.arc=01;31:*.arj=01;31:*.taz=01;31:*.lha=01;31:*.lz4=01;31:*.lzh=01;31:*.lzma=01;31:*.tlz=01;31:*.txz=01;31:*.tzo=01;31:*.t7z=01;31:*.zip=01;31:*.z=01;31:*.dz=01;31:*.gz=01;31:*.lrz=01;31:*.lz=01;31:*.lzo=01;31:*.xz=01;31:*.zst=01;31:*.tzst=01;31:*.bz2=01;31:*.bz=01;31:*.tbz=01;31:*.tbz2=01;31:*.tz=01;31:*.deb=01;31:*.rpm=01;31:*.jar=01;31:*.war=01;31:*.ear=01;31:*.sar=01;31:*.rar=01;31:*.alz=01;31:*.ace=01;31:*.zoo=01;31:*.cpio=01;31:*.7z=01;31:*.rz=01;31:*.cab=01;31:*.wim=01;31:*.swm=01;31:*.dwm=01;31:*.esd=01;31:*.jpg=01;35:*.jpeg=01;35:*.mjpg=01;35:*.mjpeg=01;35:*.gif=01;35:*.bmp=01;35:*.pbm=01;35:*.pgm=01;35:*.ppm=01;35:*.tga=01;35:*.xbm=01;35:*.xpm=01;35:*.tif=01;35:*.tiff=01;35:*.png=01;35:*.svg=01;35:*.svgz=01;35:*.mng=01;35:*.pcx=01;35:*.mov=01;35:*.mpg=01;35:*.mpeg=01;35:*.m2v=01;35:*.mkv=01;35:*.webm=01;35:*.webp=01;35:*.ogm=01;35:*.mp4=01;35:*.m4v=01;35:*.mp4v=01;35:*.vob=01;35:*.qt=01;35:*.nuv=01;35:*.wmv=01;35:*.asf=01;35:*.rm=01;35:*.rmvb=01;35:*.flc=01;35:*.avi=01;35:*.fli=01;35:*.flv=01;35:*.gl=01;35:*.dl=01;35:*.xcf=01;35:*.xwd=01;35:*.yuv=01;35:*.cgm=01;35:*.emf=01;35:*.ogv=01;35:*.ogx=01;35:*.aac=00;36:*.au=00;36:*.flac=00;36:*.m4a=00;36:*.mid=00;36:*.midi=00;36:*.mka=00;36:*.mp3=00;36:*.mpc=00;36:*.ogg=00;36:*.ra=00;36:*.wav=00;36:*.oga=00;36:*.opus=00;36:*.spx=00;36:*.xspf=00;36:'), ('GNOME_TERMINAL_SERVICE', ':1.392'), ('SSH_AGENT_LAUNCHER', 'gnome-keyring'), ('SSH_AUTH_SOCK', '/run/user/1000/keyring/ssh'), ('AMENT_PREFIX_PATH', '/opt/ros/humble'), ('CONDA_PYTHON_EXE', '/home/hjh/miniconda3/bin/python'), ('SHELL', '/bin/bash'), ('LC_NAME', 'zh_CN.UTF-8'), ('QT_ACCESSIBILITY', '1'), ('GDMSESSION', 'ubuntu'), ('LESSCLOSE', '/usr/bin/lesspipe %s %s'), ('LC_MEASUREMENT', 'zh_CN.UTF-8'), ('LC_IDENTIFICATION', 'zh_CN.UTF-8'), ('QT_IM_MODULE', 'fcitx'), ('PWD', '/home/hjh/RMserial/build/def_msg'), ('XDG_CONFIG_DIRS', '/etc/xdg/xdg-ubuntu:/etc/xdg'), ('CONDA_EXE', '/home/hjh/miniconda3/bin/conda'), ('CLUTTER_IM_MODULE', 'fcitx'), ('DBUS_STARTER_ADDRESS', 'unix:path=/run/user/1000/bus,guid=23506245021c0007447155ba69c24332'), ('XDG_DATA_DIRS', '/usr/share/ubuntu:/usr/local/share/:/usr/share/:/var/lib/snapd/desktop'), ('PYTHONPATH', '/opt/ros/humble/lib/python3.10/site-packages:/opt/ros/humble/local/lib/python3.10/dist-packages'), ('HTTP_PROXY', 'http://127.0.0.1:7890/'), ('LC_NUMERIC', 'en_US.UTF-8'), ('LC_PAPER', 'zh_CN.UTF-8'), ('COLCON', '1'), ('VTE_VERSION', '6800'), ('CMAKE_PREFIX_PATH', '/opt/ros/humble')]), 'shell': False}
[6.403470] (def_msg) StdoutLine: {'line': b'-- Install configuration: ""\n'}
[6.403655] (def_msg) StdoutLine: {'line': b'-- Installing: /home/hjh/RMserial/install/def_msg/share/ament_index/resource_index/rosidl_interfaces/def_msg\n'}
[6.403775] (def_msg) StdoutLine: {'line': b'-- Installing: /home/hjh/RMserial/install/def_msg/include/def_msg/def_msg\n'}
[6.403861] (def_msg) StdoutLine: {'line': b'-- Installing: /home/hjh/RMserial/install/def_msg/include/def_msg/def_msg/srv\n'}
[6.403943] (def_msg) StdoutLine: {'line': b'-- Installing: /home/hjh/RMserial/install/def_msg/include/def_msg/def_msg/srv/detail\n'}
[6.404023] (def_msg) StdoutLine: {'line': b'-- Installing: /home/hjh/RMserial/install/def_msg/include/def_msg/def_msg/srv/detail/controller_mode_set__functions.h\n'}
[6.404160] (def_msg) StdoutLine: {'line': b'-- Installing: /home/hjh/RMserial/install/def_msg/include/def_msg/def_msg/srv/detail/controller_mode_set__struct.h\n'}
[6.404277] (def_msg) StdoutLine: {'line': b'-- Installing: /home/hjh/RMserial/install/def_msg/include/def_msg/def_msg/srv/detail/heart_beat__functions.h\n'}
[6.404360] (def_msg) StdoutLine: {'line': b'-- Installing: /home/hjh/RMserial/install/def_msg/include/def_msg/def_msg/srv/detail/controller_mode_set__type_support.h\n'}
[6.404442] (def_msg) StdoutLine: {'line': b'-- Installing: /home/hjh/RMserial/install/def_msg/include/def_msg/def_msg/srv/detail/controller_mode_set__functions.c\n'}
[6.404522] (def_msg) StdoutLine: {'line': b'-- Installing: /home/hjh/RMserial/install/def_msg/include/def_msg/def_msg/srv/detail/heart_beat__struct.h\n'}
[6.404602] (def_msg) StdoutLine: {'line': b'-- Installing: /home/hjh/RMserial/install/def_msg/include/def_msg/def_msg/srv/detail/heart_beat__functions.c\n'}
[6.404687] (def_msg) StdoutLine: {'line': b'-- Installing: /home/hjh/RMserial/install/def_msg/include/def_msg/def_msg/srv/detail/heart_beat__type_support.h\n'}
[6.404768] (def_msg) StdoutLine: {'line': b'-- Installing: /home/hjh/RMserial/install/def_msg/include/def_msg/def_msg/srv/controller_mode_set.h\n'}
[6.404858] (def_msg) StdoutLine: {'line': b'-- Installing: /home/hjh/RMserial/install/def_msg/include/def_msg/def_msg/srv/heart_beat.h\n'}
[6.404939] (def_msg) StdoutLine: {'line': b'-- Installing: /home/hjh/RMserial/install/def_msg/include/def_msg/def_msg/msg\n'}
[6.405018] (def_msg) StdoutLine: {'line': b'-- Installing: /home/hjh/RMserial/install/def_msg/include/def_msg/def_msg/msg/rosidl_generator_c__visibility_control.h\n'}
[6.405097] (def_msg) StdoutLine: {'line': b'-- Installing: /home/hjh/RMserial/install/def_msg/include/def_msg/def_msg/msg/gimble_control.h\n'}
[6.405255] (def_msg) StdoutLine: {'line': b'-- Installing: /home/hjh/RMserial/install/def_msg/include/def_msg/def_msg/msg/em_control.h\n'}
[6.405364] (def_msg) StdoutLine: {'line': b'-- Installing: /home/hjh/RMserial/install/def_msg/include/def_msg/def_msg/msg/detail\n'}
[6.405444] (def_msg) StdoutLine: {'line': b'-- Installing: /home/hjh/RMserial/install/def_msg/include/def_msg/def_msg/msg/detail/common_control__type_support.h\n'}
[6.405525] (def_msg) StdoutLine: {'line': b'-- Installing: /home/hjh/RMserial/install/def_msg/include/def_msg/def_msg/msg/detail/gimble_position__struct.h\n'}
[6.405608] (def_msg) StdoutLine: {'line': b'-- Installing: /home/hjh/RMserial/install/def_msg/include/def_msg/def_msg/msg/detail/gobal_information__functions.c\n'}
[6.405689] (def_msg) StdoutLine: {'line': b'-- Installing: /home/hjh/RMserial/install/def_msg/include/def_msg/def_msg/msg/detail/gimble_position__functions.h\n'}
[6.405769] (def_msg) StdoutLine: {'line': b'-- Installing: /home/hjh/RMserial/install/def_msg/include/def_msg/def_msg/msg/detail/em_control__functions.h\n'}
[6.405848] (def_msg) StdoutLine: {'line': b'-- Installing: /home/hjh/RMserial/install/def_msg/include/def_msg/def_msg/msg/detail/common_control__struct.h\n'}
[6.405958] (def_msg) StdoutLine: {'line': b'-- Installing: /home/hjh/RMserial/install/def_msg/include/def_msg/def_msg/msg/detail/gimble_position__type_support.h\n'}
[6.406052] (def_msg) StdoutLine: {'line': b'-- Installing: /home/hjh/RMserial/install/def_msg/include/def_msg/def_msg/msg/detail/em_control__type_support.h\n'}
[6.406133] (def_msg) StdoutLine: {'line': b'-- Installing: /home/hjh/RMserial/install/def_msg/include/def_msg/def_msg/msg/detail/gimble_control__struct.h\n'}
[6.406243] (def_msg) StdoutLine: {'line': b'-- Installing: /home/hjh/RMserial/install/def_msg/include/def_msg/def_msg/msg/detail/gobal_information__struct.h\n'}
[6.406361] (def_msg) StdoutLine: {'line': b'-- Installing: /home/hjh/RMserial/install/def_msg/include/def_msg/def_msg/msg/detail/em_control__struct.h\n'}
[6.406455] (def_msg) StdoutLine: {'line': b'-- Installing: /home/hjh/RMserial/install/def_msg/include/def_msg/def_msg/msg/detail/gimble_control__functions.h\n'}
[6.406556] (def_msg) StdoutLine: {'line': b'-- Installing: /home/hjh/RMserial/install/def_msg/include/def_msg/def_msg/msg/detail/common_control__functions.h\n'}
[6.406642] (def_msg) StdoutLine: {'line': b'-- Installing: /home/hjh/RMserial/install/def_msg/include/def_msg/def_msg/msg/detail/em_control__functions.c\n'}
[6.406724] (def_msg) StdoutLine: {'line': b'-- Installing: /home/hjh/RMserial/install/def_msg/include/def_msg/def_msg/msg/detail/gobal_information__functions.h\n'}
[6.406808] (def_msg) StdoutLine: {'line': b'-- Installing: /home/hjh/RMserial/install/def_msg/include/def_msg/def_msg/msg/detail/gimble_control__functions.c\n'}
[6.406891] (def_msg) StdoutLine: {'line': b'-- Installing: /home/hjh/RMserial/install/def_msg/include/def_msg/def_msg/msg/detail/gimble_control__type_support.h\n'}
[6.407006] (def_msg) StdoutLine: {'line': b'-- Installing: /home/hjh/RMserial/install/def_msg/include/def_msg/def_msg/msg/detail/gobal_information__type_support.h\n'}
[6.407101] (def_msg) StdoutLine: {'line': b'-- Installing: /home/hjh/RMserial/install/def_msg/include/def_msg/def_msg/msg/detail/common_control__functions.c\n'}
[6.407216] (def_msg) StdoutLine: {'line': b'-- Installing: /home/hjh/RMserial/install/def_msg/include/def_msg/def_msg/msg/detail/gimble_position__functions.c\n'}
[6.407321] (def_msg) StdoutLine: {'line': b'-- Installing: /home/hjh/RMserial/install/def_msg/include/def_msg/def_msg/msg/common_control.h\n'}
[6.407406] (def_msg) StdoutLine: {'line': b'-- Installing: /home/hjh/RMserial/install/def_msg/include/def_msg/def_msg/msg/gobal_information.h\n'}
[6.407507] (def_msg) StdoutLine: {'line': b'-- Installing: /home/hjh/RMserial/install/def_msg/include/def_msg/def_msg/msg/gimble_position.h\n'}
[6.407606] (def_msg) StdoutLine: {'line': b'-- Installing: /home/hjh/RMserial/install/def_msg/include/def_msg/def_msg/action\n'}
[6.407691] (def_msg) StdoutLine: {'line': b'-- Installing: /home/hjh/RMserial/install/def_msg/include/def_msg/def_msg/action/detail\n'}
[6.407797] (def_msg) StdoutLine: {'line': b'-- Installing: /home/hjh/RMserial/install/def_msg/include/def_msg/def_msg/action/detail/nav_pose__type_support.h\n'}
[6.407880] (def_msg) StdoutLine: {'line': b'-- Installing: /home/hjh/RMserial/install/def_msg/include/def_msg/def_msg/action/detail/nav_pose__struct.h\n'}
[6.407989] (def_msg) StdoutLine: {'line': b'-- Installing: /home/hjh/RMserial/install/def_msg/include/def_msg/def_msg/action/detail/nav_pose__functions.h\n'}
[6.408096] (def_msg) StdoutLine: {'line': b'-- Installing: /home/hjh/RMserial/install/def_msg/include/def_msg/def_msg/action/detail/nav_pose__functions.c\n'}
[6.408204] (def_msg) StdoutLine: {'line': b'-- Installing: /home/hjh/RMserial/install/def_msg/include/def_msg/def_msg/action/nav_pose.h\n'}
[6.408323] (def_msg) StdoutLine: {'line': b'-- Installing: /home/hjh/RMserial/install/def_msg/share/def_msg/environment/library_path.sh\n'}
[6.408427] (def_msg) StdoutLine: {'line': b'-- Installing: /home/hjh/RMserial/install/def_msg/share/def_msg/environment/library_path.dsv\n'}
[6.408528] (def_msg) StdoutLine: {'line': b'-- Installing: /home/hjh/RMserial/install/def_msg/lib/libdef_msg__rosidl_generator_c.so\n'}
[6.408640] (def_msg) StdoutLine: {'line': b'-- Set non-toolchain portion of runtime path of "/home/hjh/RMserial/install/def_msg/lib/libdef_msg__rosidl_generator_c.so" to ""\n'}
[6.408759] (def_msg) StdoutLine: {'line': b'-- Up-to-date: /home/hjh/RMserial/install/def_msg/include/def_msg/def_msg\n'}
[6.408873] (def_msg) StdoutLine: {'line': b'-- Up-to-date: /home/hjh/RMserial/install/def_msg/include/def_msg/def_msg/srv\n'}
[6.408970] (def_msg) StdoutLine: {'line': b'-- Up-to-date: /home/hjh/RMserial/install/def_msg/include/def_msg/def_msg/srv/detail\n'}
[6.409071] (def_msg) StdoutLine: {'line': b'-- Installing: /home/hjh/RMserial/install/def_msg/include/def_msg/def_msg/srv/detail/controller_mode_set__rosidl_typesupport_fastrtps_c.h\n'}
[6.409161] (def_msg) StdoutLine: {'line': b'-- Installing: /home/hjh/RMserial/install/def_msg/include/def_msg/def_msg/srv/detail/heart_beat__rosidl_typesupport_fastrtps_c.h\n'}
[6.409274] (def_msg) StdoutLine: {'line': b'-- Up-to-date: /home/hjh/RMserial/install/def_msg/include/def_msg/def_msg/msg\n'}
[6.409350] (def_msg) StdoutLine: {'line': b'-- Up-to-date: /home/hjh/RMserial/install/def_msg/include/def_msg/def_msg/msg/detail\n'}
[6.409424] (def_msg) StdoutLine: {'line': b'-- Installing: /home/hjh/RMserial/install/def_msg/include/def_msg/def_msg/msg/detail/gimble_control__rosidl_typesupport_fastrtps_c.h\n'}
[6.409511] (def_msg) StdoutLine: {'line': b'-- Installing: /home/hjh/RMserial/install/def_msg/include/def_msg/def_msg/msg/detail/gimble_position__rosidl_typesupport_fastrtps_c.h\n'}
[6.409618] (def_msg) StdoutLine: {'line': b'-- Installing: /home/hjh/RMserial/install/def_msg/include/def_msg/def_msg/msg/detail/em_control__rosidl_typesupport_fastrtps_c.h\n'}
[6.409719] (def_msg) StdoutLine: {'line': b'-- Installing: /home/hjh/RMserial/install/def_msg/include/def_msg/def_msg/msg/detail/gobal_information__rosidl_typesupport_fastrtps_c.h\n'}
[6.409799] (def_msg) StdoutLine: {'line': b'-- Installing: /home/hjh/RMserial/install/def_msg/include/def_msg/def_msg/msg/detail/common_control__rosidl_typesupport_fastrtps_c.h\n'}
[6.409878] (def_msg) StdoutLine: {'line': b'-- Installing: /home/hjh/RMserial/install/def_msg/include/def_msg/def_msg/msg/rosidl_typesupport_fastrtps_c__visibility_control.h\n'}
[6.409958] (def_msg) StdoutLine: {'line': b'-- Up-to-date: /home/hjh/RMserial/install/def_msg/include/def_msg/def_msg/action\n'}
[6.410080] (def_msg) StdoutLine: {'line': b'-- Up-to-date: /home/hjh/RMserial/install/def_msg/include/def_msg/def_msg/action/detail\n'}
[6.410210] (def_msg) StdoutLine: {'line': b'-- Installing: /home/hjh/RMserial/install/def_msg/include/def_msg/def_msg/action/detail/nav_pose__rosidl_typesupport_fastrtps_c.h\n'}
[6.410331] (def_msg) StdoutLine: {'line': b'-- Installing: /home/hjh/RMserial/install/def_msg/lib/libdef_msg__rosidl_typesupport_fastrtps_c.so\n'}
[6.410441] (def_msg) StdoutLine: {'line': b'-- Set non-toolchain portion of runtime path of "/home/hjh/RMserial/install/def_msg/lib/libdef_msg__rosidl_typesupport_fastrtps_c.so" to ""\n'}
[6.410530] (def_msg) StdoutLine: {'line': b'-- Up-to-date: /home/hjh/RMserial/install/def_msg/include/def_msg/def_msg\n'}
[6.410639] (def_msg) StdoutLine: {'line': b'-- Up-to-date: /home/hjh/RMserial/install/def_msg/include/def_msg/def_msg/srv\n'}
[6.410730] (def_msg) StdoutLine: {'line': b'-- Installing: /home/hjh/RMserial/install/def_msg/include/def_msg/def_msg/srv/heart_beat.hpp\n'}
[6.410866] (def_msg) StdoutLine: {'line': b'-- Up-to-date: /home/hjh/RMserial/install/def_msg/include/def_msg/def_msg/srv/detail\n'}
[6.410976] (def_msg) StdoutLine: {'line': b'-- Installing: /home/hjh/RMserial/install/def_msg/include/def_msg/def_msg/srv/detail/controller_mode_set__traits.hpp\n'}
[6.411107] (def_msg) StdoutLine: {'line': b'-- Installing: /home/hjh/RMserial/install/def_msg/include/def_msg/def_msg/srv/detail/controller_mode_set__type_support.hpp\n'}
[6.411254] (def_msg) StdoutLine: {'line': b'-- Installing: /home/hjh/RMserial/install/def_msg/include/def_msg/def_msg/srv/detail/heart_beat__type_support.hpp\n'}
[6.411374] (def_msg) StdoutLine: {'line': b'-- Installing: /home/hjh/RMserial/install/def_msg/include/def_msg/def_msg/srv/detail/heart_beat__struct.hpp\n'}
[6.411456] (def_msg) StdoutLine: {'line': b'-- Installing: /home/hjh/RMserial/install/def_msg/include/def_msg/def_msg/srv/detail/heart_beat__traits.hpp\n'}
[6.411537] (def_msg) StdoutLine: {'line': b'-- Installing: /home/hjh/RMserial/install/def_msg/include/def_msg/def_msg/srv/detail/heart_beat__builder.hpp\n'}
[6.411622] (def_msg) StdoutLine: {'line': b'-- Installing: /home/hjh/RMserial/install/def_msg/include/def_msg/def_msg/srv/detail/controller_mode_set__builder.hpp\n'}
[6.411707] (def_msg) StdoutLine: {'line': b'-- Installing: /home/hjh/RMserial/install/def_msg/include/def_msg/def_msg/srv/detail/controller_mode_set__struct.hpp\n'}
[6.411790] (def_msg) StdoutLine: {'line': b'-- Installing: /home/hjh/RMserial/install/def_msg/include/def_msg/def_msg/srv/controller_mode_set.hpp\n'}
[6.411941] (def_msg) StdoutLine: {'line': b'-- Up-to-date: /home/hjh/RMserial/install/def_msg/include/def_msg/def_msg/msg\n'}
[6.412025] (def_msg) StdoutLine: {'line': b'-- Installing: /home/hjh/RMserial/install/def_msg/include/def_msg/def_msg/msg/gimble_position.hpp\n'}
[6.412114] (def_msg) StdoutLine: {'line': b'-- Up-to-date: /home/hjh/RMserial/install/def_msg/include/def_msg/def_msg/msg/detail\n'}
[6.412237] (def_msg) StdoutLine: {'line': b'-- Installing: /home/hjh/RMserial/install/def_msg/include/def_msg/def_msg/msg/detail/common_control__builder.hpp\n'}
[6.412337] (def_msg) StdoutLine: {'line': b'-- Installing: /home/hjh/RMserial/install/def_msg/include/def_msg/def_msg/msg/detail/common_control__type_support.hpp\n'}
[6.412422] (def_msg) StdoutLine: {'line': b'-- Installing: /home/hjh/RMserial/install/def_msg/include/def_msg/def_msg/msg/detail/gobal_information__type_support.hpp\n'}
[6.412528] (def_msg) StdoutLine: {'line': b'-- Installing: /home/hjh/RMserial/install/def_msg/include/def_msg/def_msg/msg/detail/gimble_control__builder.hpp\n'}
[6.412629] (def_msg) StdoutLine: {'line': b'-- Installing: /home/hjh/RMserial/install/def_msg/include/def_msg/def_msg/msg/detail/gobal_information__struct.hpp\n'}
[6.412716] (def_msg) StdoutLine: {'line': b'-- Installing: /home/hjh/RMserial/install/def_msg/include/def_msg/def_msg/msg/detail/em_control__builder.hpp\n'}
[6.412802] (def_msg) StdoutLine: {'line': b'-- Installing: /home/hjh/RMserial/install/def_msg/include/def_msg/def_msg/msg/detail/em_control__type_support.hpp\n'}
[6.412885] (def_msg) StdoutLine: {'line': b'-- Installing: /home/hjh/RMserial/install/def_msg/include/def_msg/def_msg/msg/detail/gimble_position__struct.hpp\n'}
[6.412987] (def_msg) StdoutLine: {'line': b'-- Installing: /home/hjh/RMserial/install/def_msg/include/def_msg/def_msg/msg/detail/em_control__traits.hpp\n'}
[6.413067] (def_msg) StdoutLine: {'line': b'-- Installing: /home/hjh/RMserial/install/def_msg/include/def_msg/def_msg/msg/detail/gimble_control__struct.hpp\n'}
[6.413154] (def_msg) StdoutLine: {'line': b'-- Installing: /home/hjh/RMserial/install/def_msg/include/def_msg/def_msg/msg/detail/gimble_control__traits.hpp\n'}
[6.413264] (def_msg) StdoutLine: {'line': b'-- Installing: /home/hjh/RMserial/install/def_msg/include/def_msg/def_msg/msg/detail/gimble_position__type_support.hpp\n'}
[6.413344] (def_msg) StdoutLine: {'line': b'-- Installing: /home/hjh/RMserial/install/def_msg/include/def_msg/def_msg/msg/detail/gobal_information__traits.hpp\n'}
[6.413423] (def_msg) StdoutLine: {'line': b'-- Installing: /home/hjh/RMserial/install/def_msg/include/def_msg/def_msg/msg/detail/gobal_information__builder.hpp\n'}
[6.413518] (def_msg) StdoutLine: {'line': b'-- Installing: /home/hjh/RMserial/install/def_msg/include/def_msg/def_msg/msg/detail/common_control__struct.hpp\n'}
[6.413610] (def_msg) StdoutLine: {'line': b'-- Installing: /home/hjh/RMserial/install/def_msg/include/def_msg/def_msg/msg/detail/gimble_position__traits.hpp\n'}
[6.413684] (def_msg) StdoutLine: {'line': b'-- Installing: /home/hjh/RMserial/install/def_msg/include/def_msg/def_msg/msg/detail/gimble_position__builder.hpp\n'}
[6.413776] (def_msg) StdoutLine: {'line': b'-- Installing: /home/hjh/RMserial/install/def_msg/include/def_msg/def_msg/msg/detail/gimble_control__type_support.hpp\n'}
[6.413870] (def_msg) StdoutLine: {'line': b'-- Installing: /home/hjh/RMserial/install/def_msg/include/def_msg/def_msg/msg/detail/em_control__struct.hpp\n'}
[6.414012] (def_msg) StdoutLine: {'line': b'-- Installing: /home/hjh/RMserial/install/def_msg/include/def_msg/def_msg/msg/detail/common_control__traits.hpp\n'}
[6.414131] (def_msg) StdoutLine: {'line': b'-- Installing: /home/hjh/RMserial/install/def_msg/include/def_msg/def_msg/msg/em_control.hpp\n'}
[6.414293] (def_msg) StdoutLine: {'line': b'-- Installing: /home/hjh/RMserial/install/def_msg/include/def_msg/def_msg/msg/gobal_information.hpp\n'}
[6.414424] (def_msg) StdoutLine: {'line': b'-- Installing: /home/hjh/RMserial/install/def_msg/include/def_msg/def_msg/msg/rosidl_generator_cpp__visibility_control.hpp\n'}
[6.414563] (def_msg) StdoutLine: {'line': b'-- Installing: /home/hjh/RMserial/install/def_msg/include/def_msg/def_msg/msg/gimble_control.hpp\n'}
[6.414699] (def_msg) StdoutLine: {'line': b'-- Installing: /home/hjh/RMserial/install/def_msg/include/def_msg/def_msg/msg/common_control.hpp\n'}
[6.414827] (def_msg) StdoutLine: {'line': b'-- Up-to-date: /home/hjh/RMserial/install/def_msg/include/def_msg/def_msg/action\n'}
[6.414956] (def_msg) StdoutLine: {'line': b'-- Up-to-date: /home/hjh/RMserial/install/def_msg/include/def_msg/def_msg/action/detail\n'}
[6.415077] (def_msg) StdoutLine: {'line': b'-- Installing: /home/hjh/RMserial/install/def_msg/include/def_msg/def_msg/action/detail/nav_pose__type_support.hpp\n'}
[6.415163] (def_msg) StdoutLine: {'line': b'-- Installing: /home/hjh/RMserial/install/def_msg/include/def_msg/def_msg/action/detail/nav_pose__struct.hpp\n'}
[6.415264] (def_msg) StdoutLine: {'line': b'-- Installing: /home/hjh/RMserial/install/def_msg/include/def_msg/def_msg/action/detail/nav_pose__traits.hpp\n'}
[6.415358] (def_msg) StdoutLine: {'line': b'-- Installing: /home/hjh/RMserial/install/def_msg/include/def_msg/def_msg/action/detail/nav_pose__builder.hpp\n'}
[6.415448] (def_msg) StdoutLine: {'line': b'-- Installing: /home/hjh/RMserial/install/def_msg/include/def_msg/def_msg/action/nav_pose.hpp\n'}
[6.415539] (def_msg) StdoutLine: {'line': b'-- Up-to-date: /home/hjh/RMserial/install/def_msg/include/def_msg/def_msg\n'}
[6.415616] (def_msg) StdoutLine: {'line': b'-- Up-to-date: /home/hjh/RMserial/install/def_msg/include/def_msg/def_msg/srv\n'}
[6.415693] (def_msg) StdoutLine: {'line': b'-- Up-to-date: /home/hjh/RMserial/install/def_msg/include/def_msg/def_msg/srv/detail\n'}
[6.415784] (def_msg) StdoutLine: {'line': b'-- Installing: /home/hjh/RMserial/install/def_msg/include/def_msg/def_msg/srv/detail/dds_fastrtps\n'}
[6.415861] (def_msg) StdoutLine: {'line': b'-- Installing: /home/hjh/RMserial/install/def_msg/include/def_msg/def_msg/srv/detail/controller_mode_set__rosidl_typesupport_fastrtps_cpp.hpp\n'}
[6.415944] (def_msg) StdoutLine: {'line': b'-- Installing: /home/hjh/RMserial/install/def_msg/include/def_msg/def_msg/srv/detail/heart_beat__rosidl_typesupport_fastrtps_cpp.hpp\n'}
[6.416037] (def_msg) StdoutLine: {'line': b'-- Up-to-date: /home/hjh/RMserial/install/def_msg/include/def_msg/def_msg/msg\n'}
[6.416129] (def_msg) StdoutLine: {'line': b'-- Up-to-date: /home/hjh/RMserial/install/def_msg/include/def_msg/def_msg/msg/detail\n'}
[6.416233] (def_msg) StdoutLine: {'line': b'-- Installing: /home/hjh/RMserial/install/def_msg/include/def_msg/def_msg/msg/detail/dds_fastrtps\n'}
[6.416312] (def_msg) StdoutLine: {'line': b'-- Installing: /home/hjh/RMserial/install/def_msg/include/def_msg/def_msg/msg/detail/em_control__rosidl_typesupport_fastrtps_cpp.hpp\n'}
[6.416411] (def_msg) StdoutLine: {'line': b'-- Installing: /home/hjh/RMserial/install/def_msg/include/def_msg/def_msg/msg/detail/gobal_information__rosidl_typesupport_fastrtps_cpp.hpp\n'}
[6.416504] (def_msg) StdoutLine: {'line': b'-- Installing: /home/hjh/RMserial/install/def_msg/include/def_msg/def_msg/msg/detail/gimble_position__rosidl_typesupport_fastrtps_cpp.hpp\n'}
[6.416600] (def_msg) StdoutLine: {'line': b'-- Installing: /home/hjh/RMserial/install/def_msg/include/def_msg/def_msg/msg/detail/common_control__rosidl_typesupport_fastrtps_cpp.hpp\n'}
[6.416692] (def_msg) StdoutLine: {'line': b'-- Installing: /home/hjh/RMserial/install/def_msg/include/def_msg/def_msg/msg/detail/gimble_control__rosidl_typesupport_fastrtps_cpp.hpp\n'}
[6.416781] (def_msg) StdoutLine: {'line': b'-- Installing: /home/hjh/RMserial/install/def_msg/include/def_msg/def_msg/msg/rosidl_typesupport_fastrtps_cpp__visibility_control.h\n'}
[6.416857] (def_msg) StdoutLine: {'line': b'-- Up-to-date: /home/hjh/RMserial/install/def_msg/include/def_msg/def_msg/action\n'}
[6.416946] (def_msg) StdoutLine: {'line': b'-- Up-to-date: /home/hjh/RMserial/install/def_msg/include/def_msg/def_msg/action/detail\n'}
[6.417035] (def_msg) StdoutLine: {'line': b'-- Installing: /home/hjh/RMserial/install/def_msg/include/def_msg/def_msg/action/detail/dds_fastrtps\n'}
[6.417124] (def_msg) StdoutLine: {'line': b'-- Installing: /home/hjh/RMserial/install/def_msg/include/def_msg/def_msg/action/detail/nav_pose__rosidl_typesupport_fastrtps_cpp.hpp\n'}
[6.417210] (def_msg) StdoutLine: {'line': b'-- Installing: /home/hjh/RMserial/install/def_msg/lib/libdef_msg__rosidl_typesupport_fastrtps_cpp.so\n'}
[6.417298] (def_msg) StdoutLine: {'line': b'-- Set non-toolchain portion of runtime path of "/home/hjh/RMserial/install/def_msg/lib/libdef_msg__rosidl_typesupport_fastrtps_cpp.so" to ""\n'}
[6.417385] (def_msg) StdoutLine: {'line': b'-- Up-to-date: /home/hjh/RMserial/install/def_msg/include/def_msg/def_msg\n'}
[6.417461] (def_msg) StdoutLine: {'line': b'-- Up-to-date: /home/hjh/RMserial/install/def_msg/include/def_msg/def_msg/srv\n'}
[6.417557] (def_msg) StdoutLine: {'line': b'-- Up-to-date: /home/hjh/RMserial/install/def_msg/include/def_msg/def_msg/srv/detail\n'}
[6.417633] (def_msg) StdoutLine: {'line': b'-- Installing: /home/hjh/RMserial/install/def_msg/include/def_msg/def_msg/srv/detail/heart_beat__type_support.c\n'}
[6.417719] (def_msg) StdoutLine: {'line': b'-- Installing: /home/hjh/RMserial/install/def_msg/include/def_msg/def_msg/srv/detail/controller_mode_set__rosidl_typesupport_introspection_c.h\n'}
[6.417795] (def_msg) StdoutLine: {'line': b'-- Installing: /home/hjh/RMserial/install/def_msg/include/def_msg/def_msg/srv/detail/controller_mode_set__type_support.c\n'}
[6.417874] (def_msg) StdoutLine: {'line': b'-- Installing: /home/hjh/RMserial/install/def_msg/include/def_msg/def_msg/srv/detail/heart_beat__rosidl_typesupport_introspection_c.h\n'}
[6.417961] (def_msg) StdoutLine: {'line': b'-- Up-to-date: /home/hjh/RMserial/install/def_msg/include/def_msg/def_msg/msg\n'}
[6.418033] (def_msg) StdoutLine: {'line': b'-- Up-to-date: /home/hjh/RMserial/install/def_msg/include/def_msg/def_msg/msg/detail\n'}
[6.418104] (def_msg) StdoutLine: {'line': b'-- Installing: /home/hjh/RMserial/install/def_msg/include/def_msg/def_msg/msg/detail/common_control__rosidl_typesupport_introspection_c.h\n'}
[6.418188] (def_msg) StdoutLine: {'line': b'-- Installing: /home/hjh/RMserial/install/def_msg/include/def_msg/def_msg/msg/detail/gobal_information__type_support.c\n'}
[6.418262] (def_msg) StdoutLine: {'line': b'-- Installing: /home/hjh/RMserial/install/def_msg/include/def_msg/def_msg/msg/detail/common_control__type_support.c\n'}
[6.418332] (def_msg) StdoutLine: {'line': b'-- Installing: /home/hjh/RMserial/install/def_msg/include/def_msg/def_msg/msg/detail/gimble_control__type_support.c\n'}
[6.418409] (def_msg) StdoutLine: {'line': b'-- Installing: /home/hjh/RMserial/install/def_msg/include/def_msg/def_msg/msg/detail/gobal_information__rosidl_typesupport_introspection_c.h\n'}
[6.418491] (def_msg) StdoutLine: {'line': b'-- Installing: /home/hjh/RMserial/install/def_msg/include/def_msg/def_msg/msg/detail/gimble_position__rosidl_typesupport_introspection_c.h\n'}
[6.418563] (def_msg) StdoutLine: {'line': b'-- Installing: /home/hjh/RMserial/install/def_msg/include/def_msg/def_msg/msg/detail/em_control__type_support.c\n'}
[6.418635] (def_msg) StdoutLine: {'line': b'-- Installing: /home/hjh/RMserial/install/def_msg/include/def_msg/def_msg/msg/detail/em_control__rosidl_typesupport_introspection_c.h\n'}
[6.418705] (def_msg) StdoutLine: {'line': b'-- Installing: /home/hjh/RMserial/install/def_msg/include/def_msg/def_msg/msg/detail/gimble_control__rosidl_typesupport_introspection_c.h\n'}
[6.418776] (def_msg) StdoutLine: {'line': b'-- Installing: /home/hjh/RMserial/install/def_msg/include/def_msg/def_msg/msg/detail/gimble_position__type_support.c\n'}
[6.418846] (def_msg) StdoutLine: {'line': b'-- Installing: /home/hjh/RMserial/install/def_msg/include/def_msg/def_msg/msg/rosidl_typesupport_introspection_c__visibility_control.h\n'}
[6.418916] (def_msg) StdoutLine: {'line': b'-- Up-to-date: /home/hjh/RMserial/install/def_msg/include/def_msg/def_msg/action\n'}
[6.418987] (def_msg) StdoutLine: {'line': b'-- Up-to-date: /home/hjh/RMserial/install/def_msg/include/def_msg/def_msg/action/detail\n'}
[6.419062] (def_msg) StdoutLine: {'line': b'-- Installing: /home/hjh/RMserial/install/def_msg/include/def_msg/def_msg/action/detail/nav_pose__type_support.c\n'}
[6.419134] (def_msg) StdoutLine: {'line': b'-- Installing: /home/hjh/RMserial/install/def_msg/include/def_msg/def_msg/action/detail/nav_pose__rosidl_typesupport_introspection_c.h\n'}
[6.419222] (def_msg) StdoutLine: {'line': b'-- Installing: /home/hjh/RMserial/install/def_msg/lib/libdef_msg__rosidl_typesupport_introspection_c.so\n'}
[6.419295] (def_msg) StdoutLine: {'line': b'-- Set non-toolchain portion of runtime path of "/home/hjh/RMserial/install/def_msg/lib/libdef_msg__rosidl_typesupport_introspection_c.so" to ""\n'}
[6.419365] (def_msg) StdoutLine: {'line': b'-- Installing: /home/hjh/RMserial/install/def_msg/lib/libdef_msg__rosidl_typesupport_c.so\n'}
[6.419435] (def_msg) StdoutLine: {'line': b'-- Set non-toolchain portion of runtime path of "/home/hjh/RMserial/install/def_msg/lib/libdef_msg__rosidl_typesupport_c.so" to ""\n'}
[6.419506] (def_msg) StdoutLine: {'line': b'-- Up-to-date: /home/hjh/RMserial/install/def_msg/include/def_msg/def_msg\n'}
[6.419575] (def_msg) StdoutLine: {'line': b'-- Up-to-date: /home/hjh/RMserial/install/def_msg/include/def_msg/def_msg/srv\n'}
[6.419645] (def_msg) StdoutLine: {'line': b'-- Up-to-date: /home/hjh/RMserial/install/def_msg/include/def_msg/def_msg/srv/detail\n'}
[6.419714] (def_msg) StdoutLine: {'line': b'-- Installing: /home/hjh/RMserial/install/def_msg/include/def_msg/def_msg/srv/detail/controller_mode_set__rosidl_typesupport_introspection_cpp.hpp\n'}
[6.419783] (def_msg) StdoutLine: {'line': b'-- Installing: /home/hjh/RMserial/install/def_msg/include/def_msg/def_msg/srv/detail/heart_beat__type_support.cpp\n'}
[6.419852] (def_msg) StdoutLine: {'line': b'-- Installing: /home/hjh/RMserial/install/def_msg/include/def_msg/def_msg/srv/detail/heart_beat__rosidl_typesupport_introspection_cpp.hpp\n'}
[6.419918] (-) TimerEvent: {}
[6.420031] (def_msg) StdoutLine: {'line': b'-- Installing: /home/hjh/RMserial/install/def_msg/include/def_msg/def_msg/srv/detail/controller_mode_set__type_support.cpp\n'}
[6.420113] (def_msg) StdoutLine: {'line': b'-- Up-to-date: /home/hjh/RMserial/install/def_msg/include/def_msg/def_msg/msg\n'}
[6.420195] (def_msg) StdoutLine: {'line': b'-- Up-to-date: /home/hjh/RMserial/install/def_msg/include/def_msg/def_msg/msg/detail\n'}
[6.420268] (def_msg) StdoutLine: {'line': b'-- Installing: /home/hjh/RMserial/install/def_msg/include/def_msg/def_msg/msg/detail/gobal_information__rosidl_typesupport_introspection_cpp.hpp\n'}
[6.420337] (def_msg) StdoutLine: {'line': b'-- Installing: /home/hjh/RMserial/install/def_msg/include/def_msg/def_msg/msg/detail/gimble_position__type_support.cpp\n'}
[6.420407] (def_msg) StdoutLine: {'line': b'-- Installing: /home/hjh/RMserial/install/def_msg/include/def_msg/def_msg/msg/detail/gimble_control__rosidl_typesupport_introspection_cpp.hpp\n'}
[6.420476] (def_msg) StdoutLine: {'line': b'-- Installing: /home/hjh/RMserial/install/def_msg/include/def_msg/def_msg/msg/detail/common_control__type_support.cpp\n'}
[6.420545] (def_msg) StdoutLine: {'line': b'-- Installing: /home/hjh/RMserial/install/def_msg/include/def_msg/def_msg/msg/detail/gobal_information__type_support.cpp\n'}
[6.420613] (def_msg) StdoutLine: {'line': b'-- Installing: /home/hjh/RMserial/install/def_msg/include/def_msg/def_msg/msg/detail/em_control__type_support.cpp\n'}
[6.420682] (def_msg) StdoutLine: {'line': b'-- Installing: /home/hjh/RMserial/install/def_msg/include/def_msg/def_msg/msg/detail/em_control__rosidl_typesupport_introspection_cpp.hpp\n'}
[6.420751] (def_msg) StdoutLine: {'line': b'-- Installing: /home/hjh/RMserial/install/def_msg/include/def_msg/def_msg/msg/detail/gimble_position__rosidl_typesupport_introspection_cpp.hpp\n'}
[6.420819] (def_msg) StdoutLine: {'line': b'-- Installing: /home/hjh/RMserial/install/def_msg/include/def_msg/def_msg/msg/detail/gimble_control__type_support.cpp\n'}
[6.420888] (def_msg) StdoutLine: {'line': b'-- Installing: /home/hjh/RMserial/install/def_msg/include/def_msg/def_msg/msg/detail/common_control__rosidl_typesupport_introspection_cpp.hpp\n'}
[6.420964] (def_msg) StdoutLine: {'line': b'-- Up-to-date: /home/hjh/RMserial/install/def_msg/include/def_msg/def_msg/action\n'}
[6.421037] (def_msg) StdoutLine: {'line': b'-- Up-to-date: /home/hjh/RMserial/install/def_msg/include/def_msg/def_msg/action/detail\n'}
[6.421107] (def_msg) StdoutLine: {'line': b'-- Installing: /home/hjh/RMserial/install/def_msg/include/def_msg/def_msg/action/detail/nav_pose__rosidl_typesupport_introspection_cpp.hpp\n'}
[6.421186] (def_msg) StdoutLine: {'line': b'-- Installing: /home/hjh/RMserial/install/def_msg/include/def_msg/def_msg/action/detail/nav_pose__type_support.cpp\n'}
[6.421258] (def_msg) StdoutLine: {'line': b'-- Installing: /home/hjh/RMserial/install/def_msg/lib/libdef_msg__rosidl_typesupport_introspection_cpp.so\n'}
[6.421328] (def_msg) StdoutLine: {'line': b'-- Set non-toolchain portion of runtime path of "/home/hjh/RMserial/install/def_msg/lib/libdef_msg__rosidl_typesupport_introspection_cpp.so" to ""\n'}
[6.421397] (def_msg) StdoutLine: {'line': b'-- Installing: /home/hjh/RMserial/install/def_msg/lib/libdef_msg__rosidl_typesupport_cpp.so\n'}
[6.421466] (def_msg) StdoutLine: {'line': b'-- Set non-toolchain portion of runtime path of "/home/hjh/RMserial/install/def_msg/lib/libdef_msg__rosidl_typesupport_cpp.so" to ""\n'}
[6.421535] (def_msg) StdoutLine: {'line': b'-- Installing: /home/hjh/RMserial/install/def_msg/share/def_msg/environment/pythonpath.sh\n'}
[6.421604] (def_msg) StdoutLine: {'line': b'-- Installing: /home/hjh/RMserial/install/def_msg/share/def_msg/environment/pythonpath.dsv\n'}
[6.421677] (def_msg) StdoutLine: {'line': b'-- Installing: /home/hjh/RMserial/install/def_msg/local/lib/python3.10/dist-packages/def_msg-0.0.0-py3.10.egg-info\n'}
[6.421748] (def_msg) StdoutLine: {'line': b'-- Installing: /home/hjh/RMserial/install/def_msg/local/lib/python3.10/dist-packages/def_msg-0.0.0-py3.10.egg-info/dependency_links.txt\n'}
[6.421818] (def_msg) StdoutLine: {'line': b'-- Installing: /home/hjh/RMserial/install/def_msg/local/lib/python3.10/dist-packages/def_msg-0.0.0-py3.10.egg-info/PKG-INFO\n'}
[6.421892] (def_msg) StdoutLine: {'line': b'-- Installing: /home/hjh/RMserial/install/def_msg/local/lib/python3.10/dist-packages/def_msg-0.0.0-py3.10.egg-info/SOURCES.txt\n'}
[6.421962] (def_msg) StdoutLine: {'line': b'-- Installing: /home/hjh/RMserial/install/def_msg/local/lib/python3.10/dist-packages/def_msg-0.0.0-py3.10.egg-info/top_level.txt\n'}
[6.422031] (def_msg) StdoutLine: {'line': b'-- Installing: /home/hjh/RMserial/install/def_msg/local/lib/python3.10/dist-packages/def_msg\n'}
[6.422100] (def_msg) StdoutLine: {'line': b'-- Installing: /home/hjh/RMserial/install/def_msg/local/lib/python3.10/dist-packages/def_msg/_def_msg_s.ep.rosidl_typesupport_c.c\n'}
[6.422179] (def_msg) StdoutLine: {'line': b'-- Installing: /home/hjh/RMserial/install/def_msg/local/lib/python3.10/dist-packages/def_msg/def_msg_s__rosidl_typesupport_introspection_c.cpython-310-x86_64-linux-gnu.so\n'}
[6.422252] (def_msg) StdoutLine: {'line': b'-- Installing: /home/hjh/RMserial/install/def_msg/local/lib/python3.10/dist-packages/def_msg/def_msg_s__rosidl_typesupport_fastrtps_c.cpython-310-x86_64-linux-gnu.so\n'}
[6.422322] (def_msg) StdoutLine: {'line': b'-- Installing: /home/hjh/RMserial/install/def_msg/local/lib/python3.10/dist-packages/def_msg/_def_msg_s.ep.rosidl_typesupport_introspection_c.c\n'}
[6.422392] (def_msg) StdoutLine: {'line': b'-- Installing: /home/hjh/RMserial/install/def_msg/local/lib/python3.10/dist-packages/def_msg/__init__.py\n'}
[6.422462] (def_msg) StdoutLine: {'line': b'-- Installing: /home/hjh/RMserial/install/def_msg/local/lib/python3.10/dist-packages/def_msg/srv\n'}
[6.422532] (def_msg) StdoutLine: {'line': b'-- Installing: /home/hjh/RMserial/install/def_msg/local/lib/python3.10/dist-packages/def_msg/srv/_heart_beat.py\n'}
[6.422602] (def_msg) StdoutLine: {'line': b'-- Installing: /home/hjh/RMserial/install/def_msg/local/lib/python3.10/dist-packages/def_msg/srv/_controller_mode_set.py\n'}
[6.422677] (def_msg) StdoutLine: {'line': b'-- Installing: /home/hjh/RMserial/install/def_msg/local/lib/python3.10/dist-packages/def_msg/srv/_heart_beat_s.c\n'}
[6.422747] (def_msg) StdoutLine: {'line': b'-- Installing: /home/hjh/RMserial/install/def_msg/local/lib/python3.10/dist-packages/def_msg/srv/_controller_mode_set_s.c\n'}
[6.422817] (def_msg) StdoutLine: {'line': b'-- Installing: /home/hjh/RMserial/install/def_msg/local/lib/python3.10/dist-packages/def_msg/srv/__init__.py\n'}
[6.422886] (def_msg) StdoutLine: {'line': b'-- Installing: /home/hjh/RMserial/install/def_msg/local/lib/python3.10/dist-packages/def_msg/_def_msg_s.ep.rosidl_typesupport_fastrtps_c.c\n'}
[6.422955] (def_msg) StdoutLine: {'line': b'-- Installing: /home/hjh/RMserial/install/def_msg/local/lib/python3.10/dist-packages/def_msg/def_msg_s__rosidl_typesupport_c.cpython-310-x86_64-linux-gnu.so\n'}
[6.423024] (def_msg) StdoutLine: {'line': b'-- Installing: /home/hjh/RMserial/install/def_msg/local/lib/python3.10/dist-packages/def_msg/libdef_msg__rosidl_generator_py.so\n'}
[6.423092] (def_msg) StdoutLine: {'line': b'-- Installing: /home/hjh/RMserial/install/def_msg/local/lib/python3.10/dist-packages/def_msg/msg\n'}
[6.423167] (def_msg) StdoutLine: {'line': b'-- Installing: /home/hjh/RMserial/install/def_msg/local/lib/python3.10/dist-packages/def_msg/msg/_gobal_information_s.c\n'}
[6.423242] (def_msg) StdoutLine: {'line': b'-- Installing: /home/hjh/RMserial/install/def_msg/local/lib/python3.10/dist-packages/def_msg/msg/_common_control.py\n'}
[6.423312] (def_msg) StdoutLine: {'line': b'-- Installing: /home/hjh/RMserial/install/def_msg/local/lib/python3.10/dist-packages/def_msg/msg/_gimble_control_s.c\n'}
[6.423384] (def_msg) StdoutLine: {'line': b'-- Installing: /home/hjh/RMserial/install/def_msg/local/lib/python3.10/dist-packages/def_msg/msg/_gimble_position_s.c\n'}
[6.423459] (def_msg) StdoutLine: {'line': b'-- Installing: /home/hjh/RMserial/install/def_msg/local/lib/python3.10/dist-packages/def_msg/msg/__init__.py\n'}
[6.423528] (def_msg) StdoutLine: {'line': b'-- Installing: /home/hjh/RMserial/install/def_msg/local/lib/python3.10/dist-packages/def_msg/msg/_common_control_s.c\n'}
[6.423599] (def_msg) StdoutLine: {'line': b'-- Installing: /home/hjh/RMserial/install/def_msg/local/lib/python3.10/dist-packages/def_msg/msg/_gobal_information.py\n'}
[6.423670] (def_msg) StdoutLine: {'line': b'-- Installing: /home/hjh/RMserial/install/def_msg/local/lib/python3.10/dist-packages/def_msg/msg/_gimble_position.py\n'}
[6.423740] (def_msg) StdoutLine: {'line': b'-- Installing: /home/hjh/RMserial/install/def_msg/local/lib/python3.10/dist-packages/def_msg/msg/_em_control.py\n'}
[6.423809] (def_msg) StdoutLine: {'line': b'-- Installing: /home/hjh/RMserial/install/def_msg/local/lib/python3.10/dist-packages/def_msg/msg/_em_control_s.c\n'}
[6.423882] (def_msg) StdoutLine: {'line': b'-- Installing: /home/hjh/RMserial/install/def_msg/local/lib/python3.10/dist-packages/def_msg/msg/_gimble_control.py\n'}
[6.423952] (def_msg) StdoutLine: {'line': b'-- Installing: /home/hjh/RMserial/install/def_msg/local/lib/python3.10/dist-packages/def_msg/action\n'}
[6.424020] (def_msg) StdoutLine: {'line': b'-- Installing: /home/hjh/RMserial/install/def_msg/local/lib/python3.10/dist-packages/def_msg/action/__init__.py\n'}
[6.424089] (def_msg) StdoutLine: {'line': b'-- Installing: /home/hjh/RMserial/install/def_msg/local/lib/python3.10/dist-packages/def_msg/action/_nav_pose_s.c\n'}
[6.424166] (def_msg) StdoutLine: {'line': b'-- Installing: /home/hjh/RMserial/install/def_msg/local/lib/python3.10/dist-packages/def_msg/action/_nav_pose.py\n'}
[6.451892] (def_msg) StdoutLine: {'line': b"Listing '/home/hjh/RMserial/install/def_msg/local/lib/python3.10/dist-packages/def_msg'...\n"}
[6.452086] (def_msg) StdoutLine: {'line': b"Compiling '/home/hjh/RMserial/install/def_msg/local/lib/python3.10/dist-packages/def_msg/__init__.py'...\n"}
[6.452180] (def_msg) StdoutLine: {'line': b"Listing '/home/hjh/RMserial/install/def_msg/local/lib/python3.10/dist-packages/def_msg/action'...\n"}
[6.452270] (def_msg) StdoutLine: {'line': b"Compiling '/home/hjh/RMserial/install/def_msg/local/lib/python3.10/dist-packages/def_msg/action/__init__.py'...\n"}
[6.452345] (def_msg) StdoutLine: {'line': b"Compiling '/home/hjh/RMserial/install/def_msg/local/lib/python3.10/dist-packages/def_msg/action/_nav_pose.py'...\n"}
[6.452419] (def_msg) StdoutLine: {'line': b"Listing '/home/hjh/RMserial/install/def_msg/local/lib/python3.10/dist-packages/def_msg/msg'...\n"}
[6.452492] (def_msg) StdoutLine: {'line': b"Compiling '/home/hjh/RMserial/install/def_msg/local/lib/python3.10/dist-packages/def_msg/msg/__init__.py'...\n"}
[6.452564] (def_msg) StdoutLine: {'line': b"Compiling '/home/hjh/RMserial/install/def_msg/local/lib/python3.10/dist-packages/def_msg/msg/_common_control.py'...\n"}
[6.452635] (def_msg) StdoutLine: {'line': b"Compiling '/home/hjh/RMserial/install/def_msg/local/lib/python3.10/dist-packages/def_msg/msg/_em_control.py'...\n"}
[6.452705] (def_msg) StdoutLine: {'line': b"Compiling '/home/hjh/RMserial/install/def_msg/local/lib/python3.10/dist-packages/def_msg/msg/_gimble_control.py'...\n"}
[6.452776] (def_msg) StdoutLine: {'line': b"Compiling '/home/hjh/RMserial/install/def_msg/local/lib/python3.10/dist-packages/def_msg/msg/_gimble_position.py'...\n"}
[6.452846] (def_msg) StdoutLine: {'line': b"Compiling '/home/hjh/RMserial/install/def_msg/local/lib/python3.10/dist-packages/def_msg/msg/_gobal_information.py'...\n"}
[6.452916] (def_msg) StdoutLine: {'line': b"Listing '/home/hjh/RMserial/install/def_msg/local/lib/python3.10/dist-packages/def_msg/srv'...\n"}
[6.452986] (def_msg) StdoutLine: {'line': b"Compiling '/home/hjh/RMserial/install/def_msg/local/lib/python3.10/dist-packages/def_msg/srv/__init__.py'...\n"}
[6.453056] (def_msg) StdoutLine: {'line': b"Compiling '/home/hjh/RMserial/install/def_msg/local/lib/python3.10/dist-packages/def_msg/srv/_controller_mode_set.py'...\n"}
[6.453127] (def_msg) StdoutLine: {'line': b"Compiling '/home/hjh/RMserial/install/def_msg/local/lib/python3.10/dist-packages/def_msg/srv/_heart_beat.py'...\n"}
[6.455417] (def_msg) StdoutLine: {'line': b'-- Installing: /home/hjh/RMserial/install/def_msg/local/lib/python3.10/dist-packages/def_msg/def_msg_s__rosidl_typesupport_fastrtps_c.cpython-310-x86_64-linux-gnu.so\n'}
[6.455696] (def_msg) StdoutLine: {'line': b'-- Set non-toolchain portion of runtime path of "/home/hjh/RMserial/install/def_msg/local/lib/python3.10/dist-packages/def_msg/def_msg_s__rosidl_typesupport_fastrtps_c.cpython-310-x86_64-linux-gnu.so" to ""\n'}
[6.455898] (def_msg) StdoutLine: {'line': b'-- Installing: /home/hjh/RMserial/install/def_msg/local/lib/python3.10/dist-packages/def_msg/def_msg_s__rosidl_typesupport_introspection_c.cpython-310-x86_64-linux-gnu.so\n'}
[6.455985] (def_msg) StdoutLine: {'line': b'-- Set non-toolchain portion of runtime path of "/home/hjh/RMserial/install/def_msg/local/lib/python3.10/dist-packages/def_msg/def_msg_s__rosidl_typesupport_introspection_c.cpython-310-x86_64-linux-gnu.so" to ""\n'}
[6.456065] (def_msg) StdoutLine: {'line': b'-- Installing: /home/hjh/RMserial/install/def_msg/local/lib/python3.10/dist-packages/def_msg/def_msg_s__rosidl_typesupport_c.cpython-310-x86_64-linux-gnu.so\n'}
[6.456264] (def_msg) StdoutLine: {'line': b'-- Set non-toolchain portion of runtime path of "/home/hjh/RMserial/install/def_msg/local/lib/python3.10/dist-packages/def_msg/def_msg_s__rosidl_typesupport_c.cpython-310-x86_64-linux-gnu.so" to ""\n'}
[6.456394] (def_msg) StdoutLine: {'line': b'-- Installing: /home/hjh/RMserial/install/def_msg/lib/libdef_msg__rosidl_generator_py.so\n'}
[6.456482] (def_msg) StdoutLine: {'line': b'-- Set non-toolchain portion of runtime path of "/home/hjh/RMserial/install/def_msg/lib/libdef_msg__rosidl_generator_py.so" to ""\n'}
[6.456562] (def_msg) StdoutLine: {'line': b'-- Installing: /home/hjh/RMserial/install/def_msg/share/def_msg/msg/GobalInformation.idl\n'}
[6.456640] (def_msg) StdoutLine: {'line': b'-- Installing: /home/hjh/RMserial/install/def_msg/share/def_msg/msg/GimbleControl.idl\n'}
[6.456757] (def_msg) StdoutLine: {'line': b'-- Installing: /home/hjh/RMserial/install/def_msg/share/def_msg/msg/CommonControl.idl\n'}
[6.456835] (def_msg) StdoutLine: {'line': b'-- Installing: /home/hjh/RMserial/install/def_msg/share/def_msg/msg/EmControl.idl\n'}
[6.456912] (def_msg) StdoutLine: {'line': b'-- Installing: /home/hjh/RMserial/install/def_msg/share/def_msg/msg/GimblePosition.idl\n'}
[6.456988] (def_msg) StdoutLine: {'line': b'-- Installing: /home/hjh/RMserial/install/def_msg/share/def_msg/srv/ControllerModeSet.idl\n'}
[6.457064] (def_msg) StdoutLine: {'line': b'-- Installing: /home/hjh/RMserial/install/def_msg/share/def_msg/srv/HeartBeat.idl\n'}
[6.457146] (def_msg) StdoutLine: {'line': b'-- Installing: /home/hjh/RMserial/install/def_msg/share/def_msg/action/NavPose.idl\n'}
[6.457337] (def_msg) StdoutLine: {'line': b'-- Installing: /home/hjh/RMserial/install/def_msg/share/def_msg/msg/GobalInformation.msg\n'}
[6.457485] (def_msg) StdoutLine: {'line': b'-- Installing: /home/hjh/RMserial/install/def_msg/share/def_msg/msg/GimbleControl.msg\n'}
[6.457572] (def_msg) StdoutLine: {'line': b'-- Installing: /home/hjh/RMserial/install/def_msg/share/def_msg/msg/CommonControl.msg\n'}
[6.457652] (def_msg) StdoutLine: {'line': b'-- Installing: /home/hjh/RMserial/install/def_msg/share/def_msg/msg/EmControl.msg\n'}
[6.457728] (def_msg) StdoutLine: {'line': b'-- Installing: /home/hjh/RMserial/install/def_msg/share/def_msg/msg/GimblePosition.msg\n'}
[6.457837] (def_msg) StdoutLine: {'line': b'-- Installing: /home/hjh/RMserial/install/def_msg/share/def_msg/srv/ControllerModeSet.srv\n'}
[6.457911] (def_msg) StdoutLine: {'line': b'-- Installing: /home/hjh/RMserial/install/def_msg/share/def_msg/srv/ControllerModeSet_Request.msg\n'}
[6.457982] (def_msg) StdoutLine: {'line': b'-- Installing: /home/hjh/RMserial/install/def_msg/share/def_msg/srv/ControllerModeSet_Response.msg\n'}
[6.458055] (def_msg) StdoutLine: {'line': b'-- Installing: /home/hjh/RMserial/install/def_msg/share/def_msg/srv/HeartBeat.srv\n'}
[6.458128] (def_msg) StdoutLine: {'line': b'-- Installing: /home/hjh/RMserial/install/def_msg/share/def_msg/srv/HeartBeat_Request.msg\n'}
[6.458262] (def_msg) StdoutLine: {'line': b'-- Installing: /home/hjh/RMserial/install/def_msg/share/def_msg/srv/HeartBeat_Response.msg\n'}
[6.458354] (def_msg) StdoutLine: {'line': b'-- Installing: /home/hjh/RMserial/install/def_msg/share/def_msg/action/NavPose.action\n'}
[6.458439] (def_msg) StdoutLine: {'line': b'-- Installing: /home/hjh/RMserial/install/def_msg/share/ament_index/resource_index/package_run_dependencies/def_msg\n'}
[6.458524] (def_msg) StdoutLine: {'line': b'-- Installing: /home/hjh/RMserial/install/def_msg/share/ament_index/resource_index/parent_prefix_path/def_msg\n'}
[6.458601] (def_msg) StdoutLine: {'line': b'-- Installing: /home/hjh/RMserial/install/def_msg/share/def_msg/environment/ament_prefix_path.sh\n'}
[6.458679] (def_msg) StdoutLine: {'line': b'-- Installing: /home/hjh/RMserial/install/def_msg/share/def_msg/environment/ament_prefix_path.dsv\n'}
[6.458760] (def_msg) StdoutLine: {'line': b'-- Installing: /home/hjh/RMserial/install/def_msg/share/def_msg/environment/path.sh\n'}
[6.458893] (def_msg) StdoutLine: {'line': b'-- Installing: /home/hjh/RMserial/install/def_msg/share/def_msg/environment/path.dsv\n'}
[6.458974] (def_msg) StdoutLine: {'line': b'-- Installing: /home/hjh/RMserial/install/def_msg/share/def_msg/local_setup.bash\n'}
[6.459052] (def_msg) StdoutLine: {'line': b'-- Installing: /home/hjh/RMserial/install/def_msg/share/def_msg/local_setup.sh\n'}
[6.459130] (def_msg) StdoutLine: {'line': b'-- Installing: /home/hjh/RMserial/install/def_msg/share/def_msg/local_setup.zsh\n'}
[6.459231] (def_msg) StdoutLine: {'line': b'-- Installing: /home/hjh/RMserial/install/def_msg/share/def_msg/local_setup.dsv\n'}
[6.459320] (def_msg) StdoutLine: {'line': b'-- Installing: /home/hjh/RMserial/install/def_msg/share/def_msg/package.dsv\n'}
[6.459409] (def_msg) StdoutLine: {'line': b'-- Installing: /home/hjh/RMserial/install/def_msg/share/ament_index/resource_index/packages/def_msg\n'}
[6.459507] (def_msg) StdoutLine: {'line': b'-- Installing: /home/hjh/RMserial/install/def_msg/share/def_msg/cmake/export_def_msg__rosidl_generator_cExport.cmake\n'}
[6.459595] (def_msg) StdoutLine: {'line': b'-- Installing: /home/hjh/RMserial/install/def_msg/share/def_msg/cmake/export_def_msg__rosidl_generator_cExport-noconfig.cmake\n'}
[6.459679] (def_msg) StdoutLine: {'line': b'-- Installing: /home/hjh/RMserial/install/def_msg/share/def_msg/cmake/export_def_msg__rosidl_typesupport_fastrtps_cExport.cmake\n'}
[6.459848] (def_msg) StdoutLine: {'line': b'-- Installing: /home/hjh/RMserial/install/def_msg/share/def_msg/cmake/export_def_msg__rosidl_typesupport_fastrtps_cExport-noconfig.cmake\n'}
[6.459932] (def_msg) StdoutLine: {'line': b'-- Installing: /home/hjh/RMserial/install/def_msg/share/def_msg/cmake/export_def_msg__rosidl_generator_cppExport.cmake\n'}
[6.460017] (def_msg) StdoutLine: {'line': b'-- Installing: /home/hjh/RMserial/install/def_msg/share/def_msg/cmake/export_def_msg__rosidl_typesupport_fastrtps_cppExport.cmake\n'}
[6.460133] (def_msg) StdoutLine: {'line': b'-- Installing: /home/hjh/RMserial/install/def_msg/share/def_msg/cmake/export_def_msg__rosidl_typesupport_fastrtps_cppExport-noconfig.cmake\n'}
[6.460237] (def_msg) StdoutLine: {'line': b'-- Installing: /home/hjh/RMserial/install/def_msg/share/def_msg/cmake/def_msg__rosidl_typesupport_introspection_cExport.cmake\n'}
[6.460331] (def_msg) StdoutLine: {'line': b'-- Installing: /home/hjh/RMserial/install/def_msg/share/def_msg/cmake/def_msg__rosidl_typesupport_introspection_cExport-noconfig.cmake\n'}
[6.460433] (def_msg) StdoutLine: {'line': b'-- Installing: /home/hjh/RMserial/install/def_msg/share/def_msg/cmake/def_msg__rosidl_typesupport_cExport.cmake\n'}
[6.460524] (def_msg) StdoutLine: {'line': b'-- Installing: /home/hjh/RMserial/install/def_msg/share/def_msg/cmake/def_msg__rosidl_typesupport_cExport-noconfig.cmake\n'}
[6.460611] (def_msg) StdoutLine: {'line': b'-- Installing: /home/hjh/RMserial/install/def_msg/share/def_msg/cmake/def_msg__rosidl_typesupport_introspection_cppExport.cmake\n'}
[6.460700] (def_msg) StdoutLine: {'line': b'-- Installing: /home/hjh/RMserial/install/def_msg/share/def_msg/cmake/def_msg__rosidl_typesupport_introspection_cppExport-noconfig.cmake\n'}
[6.460791] (def_msg) StdoutLine: {'line': b'-- Installing: /home/hjh/RMserial/install/def_msg/share/def_msg/cmake/def_msg__rosidl_typesupport_cppExport.cmake\n'}
[6.460884] (def_msg) StdoutLine: {'line': b'-- Installing: /home/hjh/RMserial/install/def_msg/share/def_msg/cmake/def_msg__rosidl_typesupport_cppExport-noconfig.cmake\n'}
[6.460980] (def_msg) StdoutLine: {'line': b'-- Installing: /home/hjh/RMserial/install/def_msg/share/def_msg/cmake/export_def_msg__rosidl_generator_pyExport.cmake\n'}
[6.461075] (def_msg) StdoutLine: {'line': b'-- Installing: /home/hjh/RMserial/install/def_msg/share/def_msg/cmake/export_def_msg__rosidl_generator_pyExport-noconfig.cmake\n'}
[6.461226] (def_msg) StdoutLine: {'line': b'-- Installing: /home/hjh/RMserial/install/def_msg/share/def_msg/cmake/rosidl_cmake-extras.cmake\n'}
[6.461367] (def_msg) StdoutLine: {'line': b'-- Installing: /home/hjh/RMserial/install/def_msg/share/def_msg/cmake/ament_cmake_export_dependencies-extras.cmake\n'}
[6.461482] (def_msg) StdoutLine: {'line': b'-- Installing: /home/hjh/RMserial/install/def_msg/share/def_msg/cmake/ament_cmake_export_include_directories-extras.cmake\n'}
[6.461569] (def_msg) StdoutLine: {'line': b'-- Installing: /home/hjh/RMserial/install/def_msg/share/def_msg/cmake/ament_cmake_export_libraries-extras.cmake\n'}
[6.461658] (def_msg) StdoutLine: {'line': b'-- Installing: /home/hjh/RMserial/install/def_msg/share/def_msg/cmake/ament_cmake_export_targets-extras.cmake\n'}
[6.461744] (def_msg) StdoutLine: {'line': b'-- Installing: /home/hjh/RMserial/install/def_msg/share/def_msg/cmake/rosidl_cmake_export_typesupport_targets-extras.cmake\n'}
[6.461834] (def_msg) StdoutLine: {'line': b'-- Installing: /home/hjh/RMserial/install/def_msg/share/def_msg/cmake/rosidl_cmake_export_typesupport_libraries-extras.cmake\n'}
[6.461958] (def_msg) StdoutLine: {'line': b'-- Installing: /home/hjh/RMserial/install/def_msg/share/def_msg/cmake/def_msgConfig.cmake\n'}
[6.462039] (def_msg) StdoutLine: {'line': b'-- Installing: /home/hjh/RMserial/install/def_msg/share/def_msg/cmake/def_msgConfig-version.cmake\n'}
[6.462122] (def_msg) StdoutLine: {'line': b'-- Installing: /home/hjh/RMserial/install/def_msg/share/def_msg/package.xml\n'}
[6.464241] (def_msg) CommandEnded: {'returncode': 0}
[6.475082] (def_msg) JobEnded: {'identifier': 'def_msg', 'rc': 0}
[6.476033] (serial_def_sdk) JobStarted: {'identifier': 'serial_def_sdk'}
[6.484417] (serial_def_sdk) JobProgress: {'identifier': 'serial_def_sdk', 'progress': 'cmake'}
[6.484702] (serial_def_sdk) Command: {'cmd': ['/usr/bin/cmake', '/home/hjh/RMserial/serial/serial_def_sdk', '-DCMAKE_INSTALL_PREFIX=/home/hjh/RMserial/install/serial_def_sdk'], 'cwd': '/home/hjh/RMserial/build/serial_def_sdk', 'env': OrderedDict([('LESSOPEN', '| /usr/bin/lesspipe %s'), ('HTTPS_PROXY', 'http://127.0.0.1:7890/'), ('no_proxy', 'localhost,127.0.0.1,::1'), ('LANGUAGE', 'zh_CN:en'), ('USER', 'hjh'), ('LC_TIME', 'zh_CN.UTF-8'), ('all_proxy', 'socks://127.0.0.1:7890/'), ('XDG_SESSION_TYPE', 'wayland'), ('SHLVL', '1'), ('LD_LIBRARY_PATH', '/home/hjh/RMserial/install/vision_msg/lib:/home/hjh/RMserial/install/def_msg/lib:/opt/ros/humble/opt/openvdb_vendor/lib:/home/hjh/ros2_ws/install/lib:/home/hjh/ros2_ws/install/lib:/usr/lib/x86_64-linux-gnu/gazebo-11/plugins:/opt/ros/humble/opt/rviz_ogre_vendor/lib:/opt/ros/humble/lib/x86_64-linux-gnu:/opt/ros/humble/lib'), ('HOME', '/home/hjh'), ('CONDA_SHLVL', '0'), ('DESKTOP_SESSION', 'ubuntu'), ('NO_PROXY', 'localhost,127.0.0.1,::1'), ('ROS_PYTHON_VERSION', '3'), ('GNOME_SHELL_SESSION_MODE', 'ubuntu'), ('GTK_MODULES', 'gail:atk-bridge'), ('LC_MONETARY', 'zh_CN.UTF-8'), ('DBUS_STARTER_BUS_TYPE', 'session'), ('SYSTEMD_EXEC_PID', '1784'), ('DBUS_SESSION_BUS_ADDRESS', 'unix:path=/run/user/1000/bus,guid=23506245021c0007447155ba69c24332'), ('COLORTERM', 'truecolor'), ('_CE_M', ''), ('IM_CONFIG_PHASE', '1'), ('WAYLAND_DISPLAY', 'wayland-0'), ('https_proxy', 'http://127.0.0.1:7890/'), ('ROS_DISTRO', 'humble'), ('GTK_IM_MODULE', 'fcitx'), ('LOGNAME', 'hjh'), ('ALL_PROXY', 'socks://127.0.0.1:7890/'), ('http_proxy', 'http://127.0.0.1:7890/'), ('_', '/usr/bin/colcon'), ('ROS_VERSION', '2'), ('XDG_SESSION_CLASS', 'user'), ('USERNAME', 'hjh'), ('TERM', 'xterm-256color'), ('GNOME_DESKTOP_SESSION_ID', 'this-is-deprecated'), ('_CE_CONDA', ''), ('ROS_LOCALHOST_ONLY', '0'), ('PATH', '/home/hjh/miniconda3/condabin:/opt/ros/humble/bin:/home/hjh/.local/bin:/usr/local/sbin:/usr/local/bin:/usr/sbin:/usr/bin:/sbin:/bin:/usr/games:/usr/local/games:/snap/bin:/snap/bin'), ('SESSION_MANAGER', 'local/hjh-Lenovo-G5000-IRH8:@/tmp/.ICE-unix/1784,unix/hjh-Lenovo-G5000-IRH8:/tmp/.ICE-unix/1784'), ('PAPERSIZE', 'a4'), ('XDG_MENU_PREFIX', 'gnome-'), ('LC_ADDRESS', 'zh_CN.UTF-8'), ('GNOME_TERMINAL_SCREEN', '/org/gnome/Terminal/screen/e73f2372_e141_489a_a74e_9a18388fb53f'), ('GNOME_SETUP_DISPLAY', ':1'), ('XDG_RUNTIME_DIR', '/run/user/1000'), ('DISPLAY', ':0'), ('LANG', 'zh_CN.UTF-8'), ('XDG_CURRENT_DESKTOP', 'ubuntu:GNOME'), ('LC_TELEPHONE', 'zh_CN.UTF-8'), ('XMODIFIERS', '@im=fcitx'), ('XDG_SESSION_DESKTOP', 'ubuntu'), ('XAUTHORITY', '/run/user/1000/.mutter-Xwaylandauth.8265M3'), ('LS_COLORS', 'rs=0:di=01;34:ln=01;36:mh=00:pi=40;33:so=01;35:do=01;35:bd=40;33;01:cd=40;33;01:or=40;31;01:mi=00:su=37;41:sg=30;43:ca=30;41:tw=30;42:ow=34;42:st=37;44:ex=01;32:*.tar=01;31:*.tgz=01;31:*.arc=01;31:*.arj=01;31:*.taz=01;31:*.lha=01;31:*.lz4=01;31:*.lzh=01;31:*.lzma=01;31:*.tlz=01;31:*.txz=01;31:*.tzo=01;31:*.t7z=01;31:*.zip=01;31:*.z=01;31:*.dz=01;31:*.gz=01;31:*.lrz=01;31:*.lz=01;31:*.lzo=01;31:*.xz=01;31:*.zst=01;31:*.tzst=01;31:*.bz2=01;31:*.bz=01;31:*.tbz=01;31:*.tbz2=01;31:*.tz=01;31:*.deb=01;31:*.rpm=01;31:*.jar=01;31:*.war=01;31:*.ear=01;31:*.sar=01;31:*.rar=01;31:*.alz=01;31:*.ace=01;31:*.zoo=01;31:*.cpio=01;31:*.7z=01;31:*.rz=01;31:*.cab=01;31:*.wim=01;31:*.swm=01;31:*.dwm=01;31:*.esd=01;31:*.jpg=01;35:*.jpeg=01;35:*.mjpg=01;35:*.mjpeg=01;35:*.gif=01;35:*.bmp=01;35:*.pbm=01;35:*.pgm=01;35:*.ppm=01;35:*.tga=01;35:*.xbm=01;35:*.xpm=01;35:*.tif=01;35:*.tiff=01;35:*.png=01;35:*.svg=01;35:*.svgz=01;35:*.mng=01;35:*.pcx=01;35:*.mov=01;35:*.mpg=01;35:*.mpeg=01;35:*.m2v=01;35:*.mkv=01;35:*.webm=01;35:*.webp=01;35:*.ogm=01;35:*.mp4=01;35:*.m4v=01;35:*.mp4v=01;35:*.vob=01;35:*.qt=01;35:*.nuv=01;35:*.wmv=01;35:*.asf=01;35:*.rm=01;35:*.rmvb=01;35:*.flc=01;35:*.avi=01;35:*.fli=01;35:*.flv=01;35:*.gl=01;35:*.dl=01;35:*.xcf=01;35:*.xwd=01;35:*.yuv=01;35:*.cgm=01;35:*.emf=01;35:*.ogv=01;35:*.ogx=01;35:*.aac=00;36:*.au=00;36:*.flac=00;36:*.m4a=00;36:*.mid=00;36:*.midi=00;36:*.mka=00;36:*.mp3=00;36:*.mpc=00;36:*.ogg=00;36:*.ra=00;36:*.wav=00;36:*.oga=00;36:*.opus=00;36:*.spx=00;36:*.xspf=00;36:'), ('GNOME_TERMINAL_SERVICE', ':1.392'), ('SSH_AGENT_LAUNCHER', 'gnome-keyring'), ('SSH_AUTH_SOCK', '/run/user/1000/keyring/ssh'), ('AMENT_PREFIX_PATH', '/home/hjh/RMserial/install/vision_msg:/home/hjh/RMserial/install/def_msg:/opt/ros/humble'), ('CONDA_PYTHON_EXE', '/home/hjh/miniconda3/bin/python'), ('SHELL', '/bin/bash'), ('LC_NAME', 'zh_CN.UTF-8'), ('QT_ACCESSIBILITY', '1'), ('GDMSESSION', 'ubuntu'), ('LESSCLOSE', '/usr/bin/lesspipe %s %s'), ('LC_MEASUREMENT', 'zh_CN.UTF-8'), ('LC_IDENTIFICATION', 'zh_CN.UTF-8'), ('QT_IM_MODULE', 'fcitx'), ('PWD', '/home/hjh/RMserial/build/serial_def_sdk'), ('XDG_CONFIG_DIRS', '/etc/xdg/xdg-ubuntu:/etc/xdg'), ('CONDA_EXE', '/home/hjh/miniconda3/bin/conda'), ('CLUTTER_IM_MODULE', 'fcitx'), ('DBUS_STARTER_ADDRESS', 'unix:path=/run/user/1000/bus,guid=23506245021c0007447155ba69c24332'), ('XDG_DATA_DIRS', '/usr/share/ubuntu:/usr/local/share/:/usr/share/:/var/lib/snapd/desktop'), ('PYTHONPATH', '/home/hjh/RMserial/install/vision_msg/local/lib/python3.10/dist-packages:/home/hjh/RMserial/install/def_msg/local/lib/python3.10/dist-packages:/opt/ros/humble/lib/python3.10/site-packages:/opt/ros/humble/local/lib/python3.10/dist-packages'), ('HTTP_PROXY', 'http://127.0.0.1:7890/'), ('LC_NUMERIC', 'en_US.UTF-8'), ('LC_PAPER', 'zh_CN.UTF-8'), ('COLCON', '1'), ('VTE_VERSION', '6800'), ('CMAKE_PREFIX_PATH', '/home/hjh/RMserial/install/vision_msg:/home/hjh/RMserial/install/def_msg:/opt/ros/humble')]), 'shell': False}
[6.491275] (serial_def_sdk) StderrLine: {'line': b'\x1b[0mCMake Deprecation Warning at CMakeLists.txt:1 (cmake_minimum_required):\n'}
[6.491352] (serial_def_sdk) StderrLine: {'line': b'  Compatibility with CMake < 3.10 will be removed from a future version of\n'}
[6.491388] (serial_def_sdk) StderrLine: {'line': b'  CMake.\n'}
[6.491421] (serial_def_sdk) StderrLine: {'line': b'\n'}
[6.491452] (serial_def_sdk) StderrLine: {'line': b'  Update the VERSION argument <min> value.  Or, use the <min>...<max> syntax\n'}
[6.491484] (serial_def_sdk) StderrLine: {'line': b'  to tell CMake that the project requires at least <min> but has been updated\n'}
[6.491520] (serial_def_sdk) StderrLine: {'line': b'  to work with policies introduced by <max> or earlier.\n'}
[6.491549] (serial_def_sdk) StderrLine: {'line': b'\n'}
[6.491578] (serial_def_sdk) StderrLine: {'line': b'\x1b[0m\n'}
[6.520059] (-) TimerEvent: {}
[6.537186] (serial_def_sdk) StdoutLine: {'line': b'-- The C compiler identification is GNU 11.4.0\n'}
[6.595709] (serial_def_sdk) StdoutLine: {'line': b'-- The CXX compiler identification is GNU 11.4.0\n'}
[6.602986] (serial_def_sdk) StdoutLine: {'line': b'-- Detecting C compiler ABI info\n'}
[6.620272] (-) TimerEvent: {}
[6.661043] (serial_def_sdk) StdoutLine: {'line': b'-- Detecting C compiler ABI info - done\n'}
[6.672835] (serial_def_sdk) StdoutLine: {'line': b'-- Check for working C compiler: /usr/bin/cc - skipped\n'}
[6.673063] (serial_def_sdk) StdoutLine: {'line': b'-- Detecting C compile features\n'}
[6.673399] (serial_def_sdk) StdoutLine: {'line': b'-- Detecting C compile features - done\n'}
[6.686331] (serial_def_sdk) StdoutLine: {'line': b'-- Detecting CXX compiler ABI info\n'}
[6.720371] (-) TimerEvent: {}
[6.761228] (serial_def_sdk) StdoutLine: {'line': b'-- Detecting CXX compiler ABI info - done\n'}
[6.778655] (serial_def_sdk) StdoutLine: {'line': b'-- Check for working CXX compiler: /usr/bin/c++ - skipped\n'}
[6.779000] (serial_def_sdk) StdoutLine: {'line': b'-- Detecting CXX compile features\n'}
[6.779660] (serial_def_sdk) StdoutLine: {'line': b'-- Detecting CXX compile features - done\n'}
[6.788209] (serial_def_sdk) StdoutLine: {'line': b'-- Found ament_cmake: 1.3.11 (/opt/ros/humble/share/ament_cmake/cmake)\n'}
[6.820474] (-) TimerEvent: {}
[6.913511] (serial_def_sdk) StdoutLine: {'line': b'-- Found Python3: /usr/bin/python3 (found version "3.10.12") found components: Interpreter\n'}
[6.920577] (-) TimerEvent: {}
[6.988796] (serial_def_sdk) StdoutLine: {'line': b'-- Found rclcpp: 16.0.12 (/opt/ros/humble/share/rclcpp/cmake)\n'}
[7.020719] (-) TimerEvent: {}
[7.027398] (serial_def_sdk) StdoutLine: {'line': b'-- Found rosidl_generator_c: 3.1.6 (/opt/ros/humble/share/rosidl_generator_c/cmake)\n'}
[7.031828] (serial_def_sdk) StdoutLine: {'line': b'-- Found rosidl_adapter: 3.1.6 (/opt/ros/humble/share/rosidl_adapter/cmake)\n'}
[7.039441] (serial_def_sdk) StdoutLine: {'line': b'-- Found rosidl_generator_cpp: 3.1.6 (/opt/ros/humble/share/rosidl_generator_cpp/cmake)\n'}
[7.050258] (serial_def_sdk) StdoutLine: {'line': b'-- Using all available rosidl_typesupport_c: rosidl_typesupport_fastrtps_c;rosidl_typesupport_introspection_c\n'}
[7.064409] (serial_def_sdk) StdoutLine: {'line': b'-- Using all available rosidl_typesupport_cpp: rosidl_typesupport_fastrtps_cpp;rosidl_typesupport_introspection_cpp\n'}
[7.105911] (serial_def_sdk) StdoutLine: {'line': b'-- Found rmw_implementation_cmake: 6.1.2 (/opt/ros/humble/share/rmw_implementation_cmake/cmake)\n'}
[7.108355] (serial_def_sdk) StdoutLine: {'line': b'-- Found rmw_fastrtps_cpp: 6.2.7 (/opt/ros/humble/share/rmw_fastrtps_cpp/cmake)\n'}
[7.120938] (-) TimerEvent: {}
[7.218838] (serial_def_sdk) StdoutLine: {'line': b'-- Found OpenSSL: /usr/lib/x86_64-linux-gnu/libcrypto.so (found version "3.0.2")\n'}
[7.221218] (-) TimerEvent: {}
[7.261183] (serial_def_sdk) StdoutLine: {'line': b'-- Found FastRTPS: /opt/ros/humble/include\n'}
[7.310028] (serial_def_sdk) StdoutLine: {'line': b"-- Using RMW implementation 'rmw_fastrtps_cpp' as default\n"}
[7.319330] (serial_def_sdk) StdoutLine: {'line': b'-- Performing Test CMAKE_HAVE_LIBC_PTHREAD\n'}
[7.321337] (-) TimerEvent: {}
[7.393399] (serial_def_sdk) StdoutLine: {'line': b'-- Performing Test CMAKE_HAVE_LIBC_PTHREAD - Success\n'}
[7.394550] (serial_def_sdk) StdoutLine: {'line': b'-- Found Threads: TRUE\n'}
[7.421445] (-) TimerEvent: {}
[7.448391] (serial_def_sdk) StdoutLine: {'line': b'-- Found def_msg: 0.0.0 (/home/hjh/RMserial/install/def_msg/share/def_msg/cmake)\n'}
[7.486247] (serial_def_sdk) StdoutLine: {'line': b'-- Found vision_msg: 0.0.0 (/home/hjh/RMserial/install/vision_msg/share/vision_msg/cmake)\n'}
[7.503889] (serial_def_sdk) StdoutLine: {'line': b'-- Found rclcpp_action: 16.0.12 (/opt/ros/humble/share/rclcpp_action/cmake)\n'}
[7.514097] (serial_def_sdk) StdoutLine: {'line': b'-- Found geometry_msgs: 4.8.0 (/opt/ros/humble/share/geometry_msgs/cmake)\n'}
[7.521628] (-) TimerEvent: {}
[7.530065] (serial_def_sdk) StdoutLine: {'line': b'-- Found nav_msgs: 4.2.4 (/opt/ros/humble/share/nav_msgs/cmake)\n'}
[7.555005] (serial_def_sdk) StdoutLine: {'line': b'-- Found tf2: 0.25.11 (/opt/ros/humble/share/tf2/cmake)\n'}
[7.565028] (serial_def_sdk) StdoutLine: {'line': b'-- Found tf2_ros: 0.25.12 (/opt/ros/humble/share/tf2_ros/cmake)\n'}
[7.619485] (serial_def_sdk) StdoutLine: {'line': b'-- Found sensor_msgs: 4.8.0 (/opt/ros/humble/share/sensor_msgs/cmake)\n'}
[7.621728] (-) TimerEvent: {}
[7.637529] (serial_def_sdk) StdoutLine: {'line': b'-- Found example_interfaces: 0.9.3 (/opt/ros/humble/share/example_interfaces/cmake)\n'}
[7.652394] (serial_def_sdk) StdoutLine: {'line': b'-- Found ament_lint_auto: 0.12.11 (/opt/ros/humble/share/ament_lint_auto/cmake)\n'}
[7.721965] (-) TimerEvent: {}
[7.726784] (serial_def_sdk) StdoutLine: {'line': b"-- Added test 'copyright' to check source files copyright and LICENSE\n"}
[7.732616] (serial_def_sdk) StdoutLine: {'line': b"-- Added test 'cppcheck' to perform static code analysis on C / C++ code\n"}
[7.732916] (serial_def_sdk) StdoutLine: {'line': b'-- Configured cppcheck include dirs: /home/hjh/RMserial/serial/serial_def_sdk/./include/serial;/home/hjh/RMserial/serial/serial_def_sdk/./uart\n'}
[7.733041] (serial_def_sdk) StdoutLine: {'line': b'-- Configured cppcheck exclude dirs and/or files: \n'}
[7.734835] (serial_def_sdk) StdoutLine: {'line': b"-- Added test 'cpplint' to check C / C++ code against the Google style\n"}
[7.735016] (serial_def_sdk) StdoutLine: {'line': b'-- Configured cpplint exclude dirs and/or files: \n'}
[7.735783] (serial_def_sdk) StdoutLine: {'line': b"-- Added test 'flake8' to check Python code syntax and style conventions\n"}
[7.736573] (serial_def_sdk) StdoutLine: {'line': b"-- Added test 'lint_cmake' to check CMake code style\n"}
[7.737261] (serial_def_sdk) StdoutLine: {'line': b"-- Added test 'pep257' to check Python code against some of the docstring style conventions in PEP 257\n"}
[7.738915] (serial_def_sdk) StdoutLine: {'line': b"-- Added test 'uncrustify' to check C / C++ code style\n"}
[7.739092] (serial_def_sdk) StdoutLine: {'line': b'-- Configured uncrustify additional arguments: \n'}
[7.739543] (serial_def_sdk) StdoutLine: {'line': b"-- Added test 'xmllint' to check XML markup files\n"}
[7.740400] (serial_def_sdk) StdoutLine: {'line': b'-- Configuring done (1.3s)\n'}
[7.756439] (serial_def_sdk) StdoutLine: {'line': b'-- Generating done (0.0s)\n'}
[7.759508] (serial_def_sdk) StdoutLine: {'line': b'-- Build files have been written to: /home/hjh/RMserial/build/serial_def_sdk\n'}
[7.768510] (serial_def_sdk) CommandEnded: {'returncode': 0}
[7.769138] (serial_def_sdk) JobProgress: {'identifier': 'serial_def_sdk', 'progress': 'build'}
[7.769982] (serial_def_sdk) Command: {'cmd': ['/usr/bin/cmake', '--build', '/home/hjh/RMserial/build/serial_def_sdk', '--', '-j16', '-l16'], 'cwd': '/home/hjh/RMserial/build/serial_def_sdk', 'env': OrderedDict([('LESSOPEN', '| /usr/bin/lesspipe %s'), ('HTTPS_PROXY', 'http://127.0.0.1:7890/'), ('no_proxy', 'localhost,127.0.0.1,::1'), ('LANGUAGE', 'zh_CN:en'), ('USER', 'hjh'), ('LC_TIME', 'zh_CN.UTF-8'), ('all_proxy', 'socks://127.0.0.1:7890/'), ('XDG_SESSION_TYPE', 'wayland'), ('SHLVL', '1'), ('LD_LIBRARY_PATH', '/home/hjh/RMserial/install/vision_msg/lib:/home/hjh/RMserial/install/def_msg/lib:/opt/ros/humble/opt/openvdb_vendor/lib:/home/hjh/ros2_ws/install/lib:/home/hjh/ros2_ws/install/lib:/usr/lib/x86_64-linux-gnu/gazebo-11/plugins:/opt/ros/humble/opt/rviz_ogre_vendor/lib:/opt/ros/humble/lib/x86_64-linux-gnu:/opt/ros/humble/lib'), ('HOME', '/home/hjh'), ('CONDA_SHLVL', '0'), ('DESKTOP_SESSION', 'ubuntu'), ('NO_PROXY', 'localhost,127.0.0.1,::1'), ('ROS_PYTHON_VERSION', '3'), ('GNOME_SHELL_SESSION_MODE', 'ubuntu'), ('GTK_MODULES', 'gail:atk-bridge'), ('LC_MONETARY', 'zh_CN.UTF-8'), ('DBUS_STARTER_BUS_TYPE', 'session'), ('SYSTEMD_EXEC_PID', '1784'), ('DBUS_SESSION_BUS_ADDRESS', 'unix:path=/run/user/1000/bus,guid=23506245021c0007447155ba69c24332'), ('COLORTERM', 'truecolor'), ('_CE_M', ''), ('IM_CONFIG_PHASE', '1'), ('WAYLAND_DISPLAY', 'wayland-0'), ('https_proxy', 'http://127.0.0.1:7890/'), ('ROS_DISTRO', 'humble'), ('GTK_IM_MODULE', 'fcitx'), ('LOGNAME', 'hjh'), ('ALL_PROXY', 'socks://127.0.0.1:7890/'), ('http_proxy', 'http://127.0.0.1:7890/'), ('_', '/usr/bin/colcon'), ('ROS_VERSION', '2'), ('XDG_SESSION_CLASS', 'user'), ('USERNAME', 'hjh'), ('TERM', 'xterm-256color'), ('GNOME_DESKTOP_SESSION_ID', 'this-is-deprecated'), ('_CE_CONDA', ''), ('ROS_LOCALHOST_ONLY', '0'), ('PATH', '/home/hjh/miniconda3/condabin:/opt/ros/humble/bin:/home/hjh/.local/bin:/usr/local/sbin:/usr/local/bin:/usr/sbin:/usr/bin:/sbin:/bin:/usr/games:/usr/local/games:/snap/bin:/snap/bin'), ('SESSION_MANAGER', 'local/hjh-Lenovo-G5000-IRH8:@/tmp/.ICE-unix/1784,unix/hjh-Lenovo-G5000-IRH8:/tmp/.ICE-unix/1784'), ('PAPERSIZE', 'a4'), ('XDG_MENU_PREFIX', 'gnome-'), ('LC_ADDRESS', 'zh_CN.UTF-8'), ('GNOME_TERMINAL_SCREEN', '/org/gnome/Terminal/screen/e73f2372_e141_489a_a74e_9a18388fb53f'), ('GNOME_SETUP_DISPLAY', ':1'), ('XDG_RUNTIME_DIR', '/run/user/1000'), ('DISPLAY', ':0'), ('LANG', 'zh_CN.UTF-8'), ('XDG_CURRENT_DESKTOP', 'ubuntu:GNOME'), ('LC_TELEPHONE', 'zh_CN.UTF-8'), ('XMODIFIERS', '@im=fcitx'), ('XDG_SESSION_DESKTOP', 'ubuntu'), ('XAUTHORITY', '/run/user/1000/.mutter-Xwaylandauth.8265M3'), ('LS_COLORS', 'rs=0:di=01;34:ln=01;36:mh=00:pi=40;33:so=01;35:do=01;35:bd=40;33;01:cd=40;33;01:or=40;31;01:mi=00:su=37;41:sg=30;43:ca=30;41:tw=30;42:ow=34;42:st=37;44:ex=01;32:*.tar=01;31:*.tgz=01;31:*.arc=01;31:*.arj=01;31:*.taz=01;31:*.lha=01;31:*.lz4=01;31:*.lzh=01;31:*.lzma=01;31:*.tlz=01;31:*.txz=01;31:*.tzo=01;31:*.t7z=01;31:*.zip=01;31:*.z=01;31:*.dz=01;31:*.gz=01;31:*.lrz=01;31:*.lz=01;31:*.lzo=01;31:*.xz=01;31:*.zst=01;31:*.tzst=01;31:*.bz2=01;31:*.bz=01;31:*.tbz=01;31:*.tbz2=01;31:*.tz=01;31:*.deb=01;31:*.rpm=01;31:*.jar=01;31:*.war=01;31:*.ear=01;31:*.sar=01;31:*.rar=01;31:*.alz=01;31:*.ace=01;31:*.zoo=01;31:*.cpio=01;31:*.7z=01;31:*.rz=01;31:*.cab=01;31:*.wim=01;31:*.swm=01;31:*.dwm=01;31:*.esd=01;31:*.jpg=01;35:*.jpeg=01;35:*.mjpg=01;35:*.mjpeg=01;35:*.gif=01;35:*.bmp=01;35:*.pbm=01;35:*.pgm=01;35:*.ppm=01;35:*.tga=01;35:*.xbm=01;35:*.xpm=01;35:*.tif=01;35:*.tiff=01;35:*.png=01;35:*.svg=01;35:*.svgz=01;35:*.mng=01;35:*.pcx=01;35:*.mov=01;35:*.mpg=01;35:*.mpeg=01;35:*.m2v=01;35:*.mkv=01;35:*.webm=01;35:*.webp=01;35:*.ogm=01;35:*.mp4=01;35:*.m4v=01;35:*.mp4v=01;35:*.vob=01;35:*.qt=01;35:*.nuv=01;35:*.wmv=01;35:*.asf=01;35:*.rm=01;35:*.rmvb=01;35:*.flc=01;35:*.avi=01;35:*.fli=01;35:*.flv=01;35:*.gl=01;35:*.dl=01;35:*.xcf=01;35:*.xwd=01;35:*.yuv=01;35:*.cgm=01;35:*.emf=01;35:*.ogv=01;35:*.ogx=01;35:*.aac=00;36:*.au=00;36:*.flac=00;36:*.m4a=00;36:*.mid=00;36:*.midi=00;36:*.mka=00;36:*.mp3=00;36:*.mpc=00;36:*.ogg=00;36:*.ra=00;36:*.wav=00;36:*.oga=00;36:*.opus=00;36:*.spx=00;36:*.xspf=00;36:'), ('GNOME_TERMINAL_SERVICE', ':1.392'), ('SSH_AGENT_LAUNCHER', 'gnome-keyring'), ('SSH_AUTH_SOCK', '/run/user/1000/keyring/ssh'), ('AMENT_PREFIX_PATH', '/home/hjh/RMserial/install/vision_msg:/home/hjh/RMserial/install/def_msg:/opt/ros/humble'), ('CONDA_PYTHON_EXE', '/home/hjh/miniconda3/bin/python'), ('SHELL', '/bin/bash'), ('LC_NAME', 'zh_CN.UTF-8'), ('QT_ACCESSIBILITY', '1'), ('GDMSESSION', 'ubuntu'), ('LESSCLOSE', '/usr/bin/lesspipe %s %s'), ('LC_MEASUREMENT', 'zh_CN.UTF-8'), ('LC_IDENTIFICATION', 'zh_CN.UTF-8'), ('QT_IM_MODULE', 'fcitx'), ('PWD', '/home/hjh/RMserial/build/serial_def_sdk'), ('XDG_CONFIG_DIRS', '/etc/xdg/xdg-ubuntu:/etc/xdg'), ('CONDA_EXE', '/home/hjh/miniconda3/bin/conda'), ('CLUTTER_IM_MODULE', 'fcitx'), ('DBUS_STARTER_ADDRESS', 'unix:path=/run/user/1000/bus,guid=23506245021c0007447155ba69c24332'), ('XDG_DATA_DIRS', '/usr/share/ubuntu:/usr/local/share/:/usr/share/:/var/lib/snapd/desktop'), ('PYTHONPATH', '/home/hjh/RMserial/install/vision_msg/local/lib/python3.10/dist-packages:/home/hjh/RMserial/install/def_msg/local/lib/python3.10/dist-packages:/opt/ros/humble/lib/python3.10/site-packages:/opt/ros/humble/local/lib/python3.10/dist-packages'), ('HTTP_PROXY', 'http://127.0.0.1:7890/'), ('LC_NUMERIC', 'en_US.UTF-8'), ('LC_PAPER', 'zh_CN.UTF-8'), ('COLCON', '1'), ('VTE_VERSION', '6800'), ('CMAKE_PREFIX_PATH', '/home/hjh/RMserial/install/vision_msg:/home/hjh/RMserial/install/def_msg:/opt/ros/humble')]), 'shell': False}
[7.806770] (serial_def_sdk) StdoutLine: {'line': b'[ 18%] \x1b[32mBuilding CXX object CMakeFiles/uart.dir/uart/uart_interface.cpp.o\x1b[0m\n'}
[7.807046] (serial_def_sdk) StdoutLine: {'line': b'[ 18%] \x1b[32mBuilding CXX object CMakeFiles/uart.dir/uart/SerialDriver.cpp.o\x1b[0m\n'}
[7.807236] (serial_def_sdk) StdoutLine: {'line': b'[ 36%] \x1b[32mBuilding CXX object CMakeFiles/talker.dir/src/publisher.cpp.o\x1b[0m\n'}
[7.807411] (serial_def_sdk) StdoutLine: {'line': b'[ 45%] \x1b[32mBuilding CXX object CMakeFiles/uart.dir/src/base_controller.cpp.o\x1b[0m\n'}
[7.807501] (serial_def_sdk) StdoutLine: {'line': b'[ 45%] \x1b[32mBuilding C object CMakeFiles/uart.dir/uart/DataType.c.o\x1b[0m\n'}
[7.808050] (serial_def_sdk) StdoutLine: {'line': b'[ 54%] \x1b[32mBuilding C object CMakeFiles/uart.dir/uart/crc8.c.o\x1b[0m\n'}
[7.808357] (serial_def_sdk) StdoutLine: {'line': b'[ 63%] \x1b[32mBuilding C object CMakeFiles/uart.dir/uart/crc16.c.o\x1b[0m\n'}
[7.809098] (serial_def_sdk) StdoutLine: {'line': b'[ 72%] \x1b[32mBuilding CXX object CMakeFiles/uart.dir/uart/SeaskyProtocol.cpp.o\x1b[0m\n'}
[7.809476] (serial_def_sdk) StdoutLine: {'line': b'[ 81%] \x1b[32mBuilding CXX object CMakeFiles/uart.dir/uart/seasky_communicator.cpp.o\x1b[0m\n'}
[7.822162] (-) TimerEvent: {}
[7.922659] (-) TimerEvent: {}
[8.022944] (-) TimerEvent: {}
[8.123314] (-) TimerEvent: {}
[8.161869] (serial_def_sdk) StderrLine: {'line': b'In file included from \x1b[01m\x1b[K/home/hjh/RMserial/serial/serial_def_sdk/uart/uart_interface.cpp:14\x1b[m\x1b[K:\n'}
[8.162135] (serial_def_sdk) StderrLine: {'line': b'\x1b[01m\x1b[K/home/hjh/RMserial/serial/serial_def_sdk/uart/uart_hd.h:\x1b[m\x1b[K In constructor \xe2\x80\x98\x1b[01m\x1b[KUartLinux::UartLinux(std::string, int, char, int, int)\x1b[m\x1b[K\xe2\x80\x99:\n'}
[8.162280] (serial_def_sdk) StderrLine: {'line': b'\x1b[01m\x1b[K/home/hjh/RMserial/serial/serial_def_sdk/uart/uart_hd.h:17:22:\x1b[m\x1b[K \x1b[01;35m\x1b[Kwarning: \x1b[m\x1b[Kunused parameter \xe2\x80\x98\x1b[01m\x1b[Kuart_name\x1b[m\x1b[K\xe2\x80\x99 [\x1b[01;35m\x1b[K\x1b]8;;https://gcc.gnu.org/onlinedocs/gcc/Warning-Options.html#index-Wunused-parameter\x07-Wunused-parameter\x1b]8;;\x07\x1b[m\x1b[K]\n'}
[8.162367] (serial_def_sdk) StderrLine: {'line': b'   17 |     UartLinux(\x1b[01;35m\x1b[Kstring uart_name = "/dev/ttyUSB0"\x1b[m\x1b[K, int nSpeed = 115200, char nEvent = \'N\', int nBits = 8, int nStop = 1) {}\n'}
[8.162445] (serial_def_sdk) StderrLine: {'line': b'      |               \x1b[01;35m\x1b[K~~~~~~~^~~~~~~~~~~~~~~~~~~~~~~~~~\x1b[m\x1b[K\n'}
[8.162522] (serial_def_sdk) StderrLine: {'line': b'\x1b[01m\x1b[K/home/hjh/RMserial/serial/serial_def_sdk/uart/uart_hd.h:17:54:\x1b[m\x1b[K \x1b[01;35m\x1b[Kwarning: \x1b[m\x1b[Kunused parameter \xe2\x80\x98\x1b[01m\x1b[KnSpeed\x1b[m\x1b[K\xe2\x80\x99 [\x1b[01;35m\x1b[K\x1b]8;;https://gcc.gnu.org/onlinedocs/gcc/Warning-Options.html#index-Wunused-parameter\x07-Wunused-parameter\x1b]8;;\x07\x1b[m\x1b[K]\n'}
[8.162633] (serial_def_sdk) StderrLine: {'line': b'   17 |     UartLinux(string uart_name = "/dev/ttyUSB0", \x1b[01;35m\x1b[Kint nSpeed = 115200\x1b[m\x1b[K, char nEvent = \'N\', int nBits = 8, int nStop = 1) {}\n'}
[8.162712] (serial_def_sdk) StderrLine: {'line': b'      |                                                  \x1b[01;35m\x1b[K~~~~^~~~~~~~~~~~~~~\x1b[m\x1b[K\n'}
[8.162797] (serial_def_sdk) StderrLine: {'line': b'\x1b[01m\x1b[K/home/hjh/RMserial/serial/serial_def_sdk/uart/uart_hd.h:17:76:\x1b[m\x1b[K \x1b[01;35m\x1b[Kwarning: \x1b[m\x1b[Kunused parameter \xe2\x80\x98\x1b[01m\x1b[KnEvent\x1b[m\x1b[K\xe2\x80\x99 [\x1b[01;35m\x1b[K\x1b]8;;https://gcc.gnu.org/onlinedocs/gcc/Warning-Options.html#index-Wunused-parameter\x07-Wunused-parameter\x1b]8;;\x07\x1b[m\x1b[K]\n'}
[8.162872] (serial_def_sdk) StderrLine: {'line': b'   17 |     UartLinux(string uart_name = "/dev/ttyUSB0", int nSpeed = 115200, \x1b[01;35m\x1b[Kchar nEvent = \'N\'\x1b[m\x1b[K, int nBits = 8, int nStop = 1) {}\n'}
[8.162944] (serial_def_sdk) StderrLine: {'line': b'      |                                                                       \x1b[01;35m\x1b[K~~~~~^~~~~~~~~~~~\x1b[m\x1b[K\n'}
[8.163017] (serial_def_sdk) StderrLine: {'line': b'\x1b[01m\x1b[K/home/hjh/RMserial/serial/serial_def_sdk/uart/uart_hd.h:17:94:\x1b[m\x1b[K \x1b[01;35m\x1b[Kwarning: \x1b[m\x1b[Kunused parameter \xe2\x80\x98\x1b[01m\x1b[KnBits\x1b[m\x1b[K\xe2\x80\x99 [\x1b[01;35m\x1b[K\x1b]8;;https://gcc.gnu.org/onlinedocs/gcc/Warning-Options.html#index-Wunused-parameter\x07-Wunused-parameter\x1b]8;;\x07\x1b[m\x1b[K]\n'}
[8.163091] (serial_def_sdk) StderrLine: {'line': b'   17 |     UartLinux(string uart_name = "/dev/ttyUSB0", int nSpeed = 115200, char nEvent = \'N\', \x1b[01;35m\x1b[Kint nBits = 8\x1b[m\x1b[K, int nStop = 1) {}\n'}
[8.163180] (serial_def_sdk) StderrLine: {'line': b'      |                                                                                          \x1b[01;35m\x1b[K~~~~^~~~~~~~~\x1b[m\x1b[K\n'}
[8.163272] (serial_def_sdk) StderrLine: {'line': b'\x1b[01m\x1b[K/home/hjh/RMserial/serial/serial_def_sdk/uart/uart_hd.h:17:109:\x1b[m\x1b[K \x1b[01;35m\x1b[Kwarning: \x1b[m\x1b[Kunused parameter \xe2\x80\x98\x1b[01m\x1b[KnStop\x1b[m\x1b[K\xe2\x80\x99 [\x1b[01;35m\x1b[K\x1b]8;;https://gcc.gnu.org/onlinedocs/gcc/Warning-Options.html#index-Wunused-parameter\x07-Wunused-parameter\x1b]8;;\x07\x1b[m\x1b[K]\n'}
[8.163349] (serial_def_sdk) StderrLine: {'line': b'   17 |     UartLinux(string uart_name = "/dev/ttyUSB0", int nSpeed = 115200, char nEvent = \'N\', int nBits = 8, \x1b[01;35m\x1b[Kint nStop = 1\x1b[m\x1b[K) {}\n'}
[8.163427] (serial_def_sdk) StderrLine: {'line': b'      |                                                                                                         \x1b[01;35m\x1b[K~~~~^~~~~~~~~\x1b[m\x1b[K\n'}
[8.164585] (serial_def_sdk) StderrLine: {'line': b'\x1b[01m\x1b[K/home/hjh/RMserial/serial/serial_def_sdk/uart/uart_interface.cpp:\x1b[m\x1b[K In function \xe2\x80\x98\x1b[01m\x1b[Kvoid defUartRead(uint8_t*, int)\x1b[m\x1b[K\xe2\x80\x99:\n'}
[8.164861] (serial_def_sdk) StderrLine: {'line': b'\x1b[01m\x1b[K/home/hjh/RMserial/serial/serial_def_sdk/uart/uart_interface.cpp:77:27:\x1b[m\x1b[K \x1b[01;35m\x1b[Kwarning: \x1b[m\x1b[Kunused parameter \xe2\x80\x98\x1b[01m\x1b[Kreadbuff\x1b[m\x1b[K\xe2\x80\x99 [\x1b[01;35m\x1b[K\x1b]8;;https://gcc.gnu.org/onlinedocs/gcc/Warning-Options.html#index-Wunused-parameter\x07-Wunused-parameter\x1b]8;;\x07\x1b[m\x1b[K]\n'}
[8.164961] (serial_def_sdk) StderrLine: {'line': b'   77 | void defUartRead(\x1b[01;35m\x1b[Kuint8_t* readbuff\x1b[m\x1b[K, int nread) {\n'}
[8.165042] (serial_def_sdk) StderrLine: {'line': b'      |                  \x1b[01;35m\x1b[K~~~~~~~~~^~~~~~~~\x1b[m\x1b[K\n'}
[8.165121] (serial_def_sdk) StderrLine: {'line': b'\x1b[01m\x1b[K/home/hjh/RMserial/serial/serial_def_sdk/uart/uart_interface.cpp:77:41:\x1b[m\x1b[K \x1b[01;35m\x1b[Kwarning: \x1b[m\x1b[Kunused parameter \xe2\x80\x98\x1b[01m\x1b[Knread\x1b[m\x1b[K\xe2\x80\x99 [\x1b[01;35m\x1b[K\x1b]8;;https://gcc.gnu.org/onlinedocs/gcc/Warning-Options.html#index-Wunused-parameter\x07-Wunused-parameter\x1b]8;;\x07\x1b[m\x1b[K]\n'}
[8.165256] (serial_def_sdk) StderrLine: {'line': b'   77 | void defUartRead(uint8_t* readbuff, \x1b[01;35m\x1b[Kint nread\x1b[m\x1b[K) {\n'}
[8.165339] (serial_def_sdk) StderrLine: {'line': b'      |                                     \x1b[01;35m\x1b[K~~~~^~~~~\x1b[m\x1b[K\n'}
[8.165416] (serial_def_sdk) StderrLine: {'line': b'\x1b[01m\x1b[K/home/hjh/RMserial/serial/serial_def_sdk/uart/uart_interface.cpp:\x1b[m\x1b[K In function \xe2\x80\x98\x1b[01m\x1b[Kvoid print_frame(const char*, uint8_t*, int)\x1b[m\x1b[K\xe2\x80\x99:\n'}
[8.165492] (serial_def_sdk) StderrLine: {'line': b'\x1b[01m\x1b[K/home/hjh/RMserial/serial/serial_def_sdk/uart/uart_interface.cpp:84:30:\x1b[m\x1b[K \x1b[01;35m\x1b[Kwarning: \x1b[m\x1b[Kunused parameter \xe2\x80\x98\x1b[01m\x1b[Kdesc\x1b[m\x1b[K\xe2\x80\x99 [\x1b[01;35m\x1b[K\x1b]8;;https://gcc.gnu.org/onlinedocs/gcc/Warning-Options.html#index-Wunused-parameter\x07-Wunused-parameter\x1b]8;;\x07\x1b[m\x1b[K]\n'}
[8.165567] (serial_def_sdk) StderrLine: {'line': b'   84 | void print_frame(\x1b[01;35m\x1b[Kconst char *desc\x1b[m\x1b[K, uint8_t *buf, int size) {}\n'}
[8.165643] (serial_def_sdk) StderrLine: {'line': b'      |                  \x1b[01;35m\x1b[K~~~~~~~~~~~~^~~~\x1b[m\x1b[K\n'}
[8.165718] (serial_def_sdk) StderrLine: {'line': b'\x1b[01m\x1b[K/home/hjh/RMserial/serial/serial_def_sdk/uart/uart_interface.cpp:84:45:\x1b[m\x1b[K \x1b[01;35m\x1b[Kwarning: \x1b[m\x1b[Kunused parameter \xe2\x80\x98\x1b[01m\x1b[Kbuf\x1b[m\x1b[K\xe2\x80\x99 [\x1b[01;35m\x1b[K\x1b]8;;https://gcc.gnu.org/onlinedocs/gcc/Warning-Options.html#index-Wunused-parameter\x07-Wunused-parameter\x1b]8;;\x07\x1b[m\x1b[K]\n'}
[8.165798] (serial_def_sdk) StderrLine: {'line': b'   84 | void print_frame(const char *desc, \x1b[01;35m\x1b[Kuint8_t *buf\x1b[m\x1b[K, int size) {}\n'}
[8.165883] (serial_def_sdk) StderrLine: {'line': b'      |                                    \x1b[01;35m\x1b[K~~~~~~~~~^~~\x1b[m\x1b[K\n'}
[8.165966] (serial_def_sdk) StderrLine: {'line': b'\x1b[01m\x1b[K/home/hjh/RMserial/serial/serial_def_sdk/uart/uart_interface.cpp:84:54:\x1b[m\x1b[K \x1b[01;35m\x1b[Kwarning: \x1b[m\x1b[Kunused parameter \xe2\x80\x98\x1b[01m\x1b[Ksize\x1b[m\x1b[K\xe2\x80\x99 [\x1b[01;35m\x1b[K\x1b]8;;https://gcc.gnu.org/onlinedocs/gcc/Warning-Options.html#index-Wunused-parameter\x07-Wunused-parameter\x1b]8;;\x07\x1b[m\x1b[K]\n'}
[8.166048] (serial_def_sdk) StderrLine: {'line': b'   84 | void print_frame(const char *desc, uint8_t *buf, \x1b[01;35m\x1b[Kint size\x1b[m\x1b[K) {}\n'}
[8.166125] (serial_def_sdk) StderrLine: {'line': b'      |                                                  \x1b[01;35m\x1b[K~~~~^~~~\x1b[m\x1b[K\n'}
[8.166220] (serial_def_sdk) StderrLine: {'line': b'\x1b[01m\x1b[K/home/hjh/RMserial/serial/serial_def_sdk/uart/uart_interface.cpp:\x1b[m\x1b[K In function \xe2\x80\x98\x1b[01m\x1b[Kbool WriteDataWapper(const unsigned char*, unsigned int)\x1b[m\x1b[K\xe2\x80\x99:\n'}
[8.166302] (serial_def_sdk) StderrLine: {'line': b'\x1b[01m\x1b[K/home/hjh/RMserial/serial/serial_def_sdk/uart/uart_interface.cpp:85:43:\x1b[m\x1b[K \x1b[01;35m\x1b[Kwarning: \x1b[m\x1b[Kunused parameter \xe2\x80\x98\x1b[01m\x1b[KpData\x1b[m\x1b[K\xe2\x80\x99 [\x1b[01;35m\x1b[K\x1b]8;;https://gcc.gnu.org/onlinedocs/gcc/Warning-Options.html#index-Wunused-parameter\x07-Wunused-parameter\x1b]8;;\x07\x1b[m\x1b[K]\n'}
[8.166382] (serial_def_sdk) StderrLine: {'line': b'   85 | bool WriteDataWapper(\x1b[01;35m\x1b[Kconst unsigned char* pData\x1b[m\x1b[K, unsigned int length) { return false; }\n'}
[8.166456] (serial_def_sdk) StderrLine: {'line': b'      |                      \x1b[01;35m\x1b[K~~~~~~~~~~~~~~~~~~~~~^~~~~\x1b[m\x1b[K\n'}
[8.166530] (serial_def_sdk) StderrLine: {'line': b'\x1b[01m\x1b[K/home/hjh/RMserial/serial/serial_def_sdk/uart/uart_interface.cpp:85:63:\x1b[m\x1b[K \x1b[01;35m\x1b[Kwarning: \x1b[m\x1b[Kunused parameter \xe2\x80\x98\x1b[01m\x1b[Klength\x1b[m\x1b[K\xe2\x80\x99 [\x1b[01;35m\x1b[K\x1b]8;;https://gcc.gnu.org/onlinedocs/gcc/Warning-Options.html#index-Wunused-parameter\x07-Wunused-parameter\x1b]8;;\x07\x1b[m\x1b[K]\n'}
[8.166607] (serial_def_sdk) StderrLine: {'line': b'   85 | bool WriteDataWapper(const unsigned char* pData, \x1b[01;35m\x1b[Kunsigned int length\x1b[m\x1b[K) { return false; }\n'}
[8.166680] (serial_def_sdk) StderrLine: {'line': b'      |                                                  \x1b[01;35m\x1b[K~~~~~~~~~~~~~^~~~~~\x1b[m\x1b[K\n'}
[8.223424] (-) TimerEvent: {}
[8.323752] (-) TimerEvent: {}
[8.341791] (serial_def_sdk) StderrLine: {'line': b'In file included from \x1b[01m\x1b[K/home/hjh/RMserial/serial/serial_def_sdk/uart/seasky_communicator.hpp:9\x1b[m\x1b[K,\n'}
[8.341981] (serial_def_sdk) StderrLine: {'line': b'                 from \x1b[01m\x1b[K/home/hjh/RMserial/serial/serial_def_sdk/uart/seasky_communicator.cpp:1\x1b[m\x1b[K:\n'}
[8.342064] (serial_def_sdk) StderrLine: {'line': b'\x1b[01m\x1b[K/home/hjh/RMserial/serial/serial_def_sdk/uart/uart_hd.h:\x1b[m\x1b[K In constructor \xe2\x80\x98\x1b[01m\x1b[KUartLinux::UartLinux(std::string, int, char, int, int)\x1b[m\x1b[K\xe2\x80\x99:\n'}
[8.342153] (serial_def_sdk) StderrLine: {'line': b'\x1b[01m\x1b[K/home/hjh/RMserial/serial/serial_def_sdk/uart/uart_hd.h:17:22:\x1b[m\x1b[K \x1b[01;35m\x1b[Kwarning: \x1b[m\x1b[Kunused parameter \xe2\x80\x98\x1b[01m\x1b[Kuart_name\x1b[m\x1b[K\xe2\x80\x99 [\x1b[01;35m\x1b[K\x1b]8;;https://gcc.gnu.org/onlinedocs/gcc/Warning-Options.html#index-Wunused-parameter\x07-Wunused-parameter\x1b]8;;\x07\x1b[m\x1b[K]\n'}
[8.342241] (serial_def_sdk) StderrLine: {'line': b'   17 |     UartLinux(\x1b[01;35m\x1b[Kstring uart_name = "/dev/ttyUSB0"\x1b[m\x1b[K, int nSpeed = 115200, char nEvent = \'N\', int nBits = 8, int nStop = 1) {}\n'}
[8.342318] (serial_def_sdk) StderrLine: {'line': b'      |               \x1b[01;35m\x1b[K~~~~~~~^~~~~~~~~~~~~~~~~~~~~~~~~~\x1b[m\x1b[K\n'}
[8.342391] (serial_def_sdk) StderrLine: {'line': b'\x1b[01m\x1b[K/home/hjh/RMserial/serial/serial_def_sdk/uart/uart_hd.h:17:54:\x1b[m\x1b[K \x1b[01;35m\x1b[Kwarning: \x1b[m\x1b[Kunused parameter \xe2\x80\x98\x1b[01m\x1b[KnSpeed\x1b[m\x1b[K\xe2\x80\x99 [\x1b[01;35m\x1b[K\x1b]8;;https://gcc.gnu.org/onlinedocs/gcc/Warning-Options.html#index-Wunused-parameter\x07-Wunused-parameter\x1b]8;;\x07\x1b[m\x1b[K]\n'}
[8.342483] (serial_def_sdk) StderrLine: {'line': b'   17 |     UartLinux(string uart_name = "/dev/ttyUSB0", \x1b[01;35m\x1b[Kint nSpeed = 115200\x1b[m\x1b[K, char nEvent = \'N\', int nBits = 8, int nStop = 1) {}\n'}
[8.342566] (serial_def_sdk) StderrLine: {'line': b'      |                                                  \x1b[01;35m\x1b[K~~~~^~~~~~~~~~~~~~~\x1b[m\x1b[K\n'}
[8.342639] (serial_def_sdk) StderrLine: {'line': b'\x1b[01m\x1b[K/home/hjh/RMserial/serial/serial_def_sdk/uart/uart_hd.h:17:76:\x1b[m\x1b[K \x1b[01;35m\x1b[Kwarning: \x1b[m\x1b[Kunused parameter \xe2\x80\x98\x1b[01m\x1b[KnEvent\x1b[m\x1b[K\xe2\x80\x99 [\x1b[01;35m\x1b[K\x1b]8;;https://gcc.gnu.org/onlinedocs/gcc/Warning-Options.html#index-Wunused-parameter\x07-Wunused-parameter\x1b]8;;\x07\x1b[m\x1b[K]\n'}
[8.342714] (serial_def_sdk) StderrLine: {'line': b'   17 |     UartLinux(string uart_name = "/dev/ttyUSB0", int nSpeed = 115200, \x1b[01;35m\x1b[Kchar nEvent = \'N\'\x1b[m\x1b[K, int nBits = 8, int nStop = 1) {}\n'}
[8.342787] (serial_def_sdk) StderrLine: {'line': b'      |                                                                       \x1b[01;35m\x1b[K~~~~~^~~~~~~~~~~~\x1b[m\x1b[K\n'}
[8.342859] (serial_def_sdk) StderrLine: {'line': b'\x1b[01m\x1b[K/home/hjh/RMserial/serial/serial_def_sdk/uart/uart_hd.h:17:94:\x1b[m\x1b[K \x1b[01;35m\x1b[Kwarning: \x1b[m\x1b[Kunused parameter \xe2\x80\x98\x1b[01m\x1b[KnBits\x1b[m\x1b[K\xe2\x80\x99 [\x1b[01;35m\x1b[K\x1b]8;;https://gcc.gnu.org/onlinedocs/gcc/Warning-Options.html#index-Wunused-parameter\x07-Wunused-parameter\x1b]8;;\x07\x1b[m\x1b[K]\n'}
[8.342938] (serial_def_sdk) StderrLine: {'line': b'   17 |     UartLinux(string uart_name = "/dev/ttyUSB0", int nSpeed = 115200, char nEvent = \'N\', \x1b[01;35m\x1b[Kint nBits = 8\x1b[m\x1b[K, int nStop = 1) {}\n'}
[8.343012] (serial_def_sdk) StderrLine: {'line': b'      |                                                                                          \x1b[01;35m\x1b[K~~~~^~~~~~~~~\x1b[m\x1b[K\n'}
[8.343085] (serial_def_sdk) StderrLine: {'line': b'\x1b[01m\x1b[K/home/hjh/RMserial/serial/serial_def_sdk/uart/uart_hd.h:17:109:\x1b[m\x1b[K \x1b[01;35m\x1b[Kwarning: \x1b[m\x1b[Kunused parameter \xe2\x80\x98\x1b[01m\x1b[KnStop\x1b[m\x1b[K\xe2\x80\x99 [\x1b[01;35m\x1b[K\x1b]8;;https://gcc.gnu.org/onlinedocs/gcc/Warning-Options.html#index-Wunused-parameter\x07-Wunused-parameter\x1b]8;;\x07\x1b[m\x1b[K]\n'}
[8.343167] (serial_def_sdk) StderrLine: {'line': b'   17 |     UartLinux(string uart_name = "/dev/ttyUSB0", int nSpeed = 115200, char nEvent = \'N\', int nBits = 8, \x1b[01;35m\x1b[Kint nStop = 1\x1b[m\x1b[K) {}\n'}
[8.343246] (serial_def_sdk) StderrLine: {'line': b'      |                                                                                                         \x1b[01;35m\x1b[K~~~~^~~~~~~~~\x1b[m\x1b[K\n'}
[8.346151] (serial_def_sdk) StderrLine: {'line': b'\x1b[01m\x1b[K/home/hjh/RMserial/serial/serial_def_sdk/uart/seasky_communicator.cpp:\x1b[m\x1b[K In member function \xe2\x80\x98\x1b[01m\x1b[Kvoid SeaskyCommunicator::pollingLoop()\x1b[m\x1b[K\xe2\x80\x99:\n'}
[8.346386] (serial_def_sdk) StderrLine: {'line': b'\x1b[01m\x1b[K/home/hjh/RMserial/serial/serial_def_sdk/uart/seasky_communicator.cpp:63:10:\x1b[m\x1b[K \x1b[01;35m\x1b[Kwarning: \x1b[m\x1b[Kunused variable \xe2\x80\x98\x1b[01m\x1b[Klast_fire\x1b[m\x1b[K\xe2\x80\x99 [\x1b[01;35m\x1b[K\x1b]8;;https://gcc.gnu.org/onlinedocs/gcc/Warning-Options.html#index-Wunused-variable\x07-Wunused-variable\x1b]8;;\x07\x1b[m\x1b[K]\n'}
[8.346489] (serial_def_sdk) StderrLine: {'line': b'   63 |     bool \x1b[01;35m\x1b[Klast_fire\x1b[m\x1b[K = gimbal_receive.fire; // \xe6\x96\xb0\xe5\xa2\x9e\n'}
[8.346582] (serial_def_sdk) StderrLine: {'line': b'      |          \x1b[01;35m\x1b[K^~~~~~~~~\x1b[m\x1b[K\n'}
[8.423859] (-) TimerEvent: {}
[8.524203] (-) TimerEvent: {}
[8.624494] (-) TimerEvent: {}
[8.724809] (-) TimerEvent: {}
[8.825124] (-) TimerEvent: {}
[8.925464] (-) TimerEvent: {}
[9.025789] (-) TimerEvent: {}
[9.126194] (-) TimerEvent: {}
[9.226532] (-) TimerEvent: {}
[9.326959] (-) TimerEvent: {}
[9.427310] (-) TimerEvent: {}
[9.527614] (-) TimerEvent: {}
[9.628058] (-) TimerEvent: {}
[9.728570] (-) TimerEvent: {}
[9.744082] (serial_def_sdk) StderrLine: {'line': b'In file included from \x1b[01m\x1b[K/home/hjh/RMserial/serial/serial_def_sdk/./include/serial/base_controller.h:24\x1b[m\x1b[K,\n'}
[9.744280] (serial_def_sdk) StderrLine: {'line': b'                 from \x1b[01m\x1b[K/home/hjh/RMserial/serial/serial_def_sdk/src/base_controller.cpp:1\x1b[m\x1b[K:\n'}
[9.744363] (serial_def_sdk) StderrLine: {'line': b'\x1b[01m\x1b[K/home/hjh/RMserial/serial/serial_def_sdk/./uart/uart_hd.h:\x1b[m\x1b[K In constructor \xe2\x80\x98\x1b[01m\x1b[KUartLinux::UartLinux(std::string, int, char, int, int)\x1b[m\x1b[K\xe2\x80\x99:\n'}
[9.744440] (serial_def_sdk) StderrLine: {'line': b'\x1b[01m\x1b[K/home/hjh/RMserial/serial/serial_def_sdk/./uart/uart_hd.h:17:22:\x1b[m\x1b[K \x1b[01;35m\x1b[Kwarning: \x1b[m\x1b[Kunused parameter \xe2\x80\x98\x1b[01m\x1b[Kuart_name\x1b[m\x1b[K\xe2\x80\x99 [\x1b[01;35m\x1b[K\x1b]8;;https://gcc.gnu.org/onlinedocs/gcc/Warning-Options.html#index-Wunused-parameter\x07-Wunused-parameter\x1b]8;;\x07\x1b[m\x1b[K]\n'}
[9.744518] (serial_def_sdk) StderrLine: {'line': b'   17 |     UartLinux(\x1b[01;35m\x1b[Kstring uart_name = "/dev/ttyUSB0"\x1b[m\x1b[K, int nSpeed = 115200, char nEvent = \'N\', int nBits = 8, int nStop = 1) {}\n'}
[9.744591] (serial_def_sdk) StderrLine: {'line': b'      |               \x1b[01;35m\x1b[K~~~~~~~^~~~~~~~~~~~~~~~~~~~~~~~~~\x1b[m\x1b[K\n'}
[9.744662] (serial_def_sdk) StderrLine: {'line': b'\x1b[01m\x1b[K/home/hjh/RMserial/serial/serial_def_sdk/./uart/uart_hd.h:17:54:\x1b[m\x1b[K \x1b[01;35m\x1b[Kwarning: \x1b[m\x1b[Kunused parameter \xe2\x80\x98\x1b[01m\x1b[KnSpeed\x1b[m\x1b[K\xe2\x80\x99 [\x1b[01;35m\x1b[K\x1b]8;;https://gcc.gnu.org/onlinedocs/gcc/Warning-Options.html#index-Wunused-parameter\x07-Wunused-parameter\x1b]8;;\x07\x1b[m\x1b[K]\n'}
[9.744735] (serial_def_sdk) StderrLine: {'line': b'   17 |     UartLinux(string uart_name = "/dev/ttyUSB0", \x1b[01;35m\x1b[Kint nSpeed = 115200\x1b[m\x1b[K, char nEvent = \'N\', int nBits = 8, int nStop = 1) {}\n'}
[9.744807] (serial_def_sdk) StderrLine: {'line': b'      |                                                  \x1b[01;35m\x1b[K~~~~^~~~~~~~~~~~~~~\x1b[m\x1b[K\n'}
[9.744880] (serial_def_sdk) StderrLine: {'line': b'\x1b[01m\x1b[K/home/hjh/RMserial/serial/serial_def_sdk/./uart/uart_hd.h:17:76:\x1b[m\x1b[K \x1b[01;35m\x1b[Kwarning: \x1b[m\x1b[Kunused parameter \xe2\x80\x98\x1b[01m\x1b[KnEvent\x1b[m\x1b[K\xe2\x80\x99 [\x1b[01;35m\x1b[K\x1b]8;;https://gcc.gnu.org/onlinedocs/gcc/Warning-Options.html#index-Wunused-parameter\x07-Wunused-parameter\x1b]8;;\x07\x1b[m\x1b[K]\n'}
[9.744952] (serial_def_sdk) StderrLine: {'line': b'   17 | tring uart_name = "/dev/ttyUSB0", int nSpeed = 115200, \x1b[01;35m\x1b[Kchar nEvent = \'N\'\x1b[m\x1b[K, int nBits = 8, int nStop = 1) {}\n'}
[9.745046] (serial_def_sdk) StderrLine: {'line': b'      |                                                        \x1b[01;35m\x1b[K~~~~~^~~~~~~~~~~~\x1b[m\x1b[K\n'}
[9.745118] (serial_def_sdk) StderrLine: {'line': b'\n'}
[9.745202] (serial_def_sdk) StderrLine: {'line': b'\x1b[01m\x1b[K/home/hjh/RMserial/serial/serial_def_sdk/./uart/uart_hd.h:17:94:\x1b[m\x1b[K \x1b[01;35m\x1b[Kwarning: \x1b[m\x1b[Kunused parameter \xe2\x80\x98\x1b[01m\x1b[KnBits\x1b[m\x1b[K\xe2\x80\x99 [\x1b[01;35m\x1b[K\x1b]8;;https://gcc.gnu.org/onlinedocs/gcc/Warning-Options.html#index-Wunused-parameter\x07-Wunused-parameter\x1b]8;;\x07\x1b[m\x1b[K]\n'}
[9.745281] (serial_def_sdk) StderrLine: {'line': b'   17 | "/dev/ttyUSB0", int nSpeed = 115200, char nEvent = \'N\', \x1b[01;35m\x1b[Kint nBits = 8\x1b[m\x1b[K, int nStop = 1) {}\n'}
[9.745355] (serial_def_sdk) StderrLine: {'line': b'      |                                                         \x1b[01;35m\x1b[K~~~~^~~~~~~~~\x1b[m\x1b[K\n'}
[9.745431] (serial_def_sdk) StderrLine: {'line': b'\n'}
[9.745503] (serial_def_sdk) StderrLine: {'line': b'\x1b[01m\x1b[K/home/hjh/RMserial/serial/serial_def_sdk/./uart/uart_hd.h:17:109:\x1b[m\x1b[K \x1b[01;35m\x1b[Kwarning: \x1b[m\x1b[Kunused parameter \xe2\x80\x98\x1b[01m\x1b[KnStop\x1b[m\x1b[K\xe2\x80\x99 [\x1b[01;35m\x1b[K\x1b]8;;https://gcc.gnu.org/onlinedocs/gcc/Warning-Options.html#index-Wunused-parameter\x07-Wunused-parameter\x1b]8;;\x07\x1b[m\x1b[K]\n'}
[9.745580] (serial_def_sdk) StderrLine: {'line': b"   17 |  int nSpeed = 115200, char nEvent = 'N', int nBits = 8, \x1b[01;35m\x1b[Kint nStop = 1\x1b[m\x1b[K) {}\n"}
[9.745652] (serial_def_sdk) StderrLine: {'line': b'      |                                                         \x1b[01;35m\x1b[K~~~~^~~~~~~~~\x1b[m\x1b[K\n'}
[9.745721] (serial_def_sdk) StderrLine: {'line': b'\n'}
[9.828718] (-) TimerEvent: {}
[9.929069] (-) TimerEvent: {}
[10.029462] (-) TimerEvent: {}
[10.129841] (-) TimerEvent: {}
[10.230179] (-) TimerEvent: {}
[10.330493] (-) TimerEvent: {}
[10.430865] (-) TimerEvent: {}
[10.531289] (-) TimerEvent: {}
[10.631702] (-) TimerEvent: {}
[10.732037] (-) TimerEvent: {}
[10.832373] (-) TimerEvent: {}
[10.834186] (serial_def_sdk) StdoutLine: {'line': b'[ 90%] \x1b[1m\x1b[32mLinking CXX executable talker\x1b[0m\n'}
[10.932470] (-) TimerEvent: {}
[10.995719] (serial_def_sdk) StdoutLine: {'line': b'[ 90%] Built target talker\n'}
[11.032566] (-) TimerEvent: {}
[11.132831] (-) TimerEvent: {}
[11.233132] (-) TimerEvent: {}
[11.333386] (-) TimerEvent: {}
[11.433644] (-) TimerEvent: {}
[11.533969] (-) TimerEvent: {}
[11.634226] (-) TimerEvent: {}
[11.734454] (-) TimerEvent: {}
[11.834778] (-) TimerEvent: {}
[11.935116] (-) TimerEvent: {}
[12.035485] (-) TimerEvent: {}
[12.135758] (-) TimerEvent: {}
[12.236087] (-) TimerEvent: {}
[12.336331] (-) TimerEvent: {}
[12.436684] (-) TimerEvent: {}
[12.537033] (-) TimerEvent: {}
[12.637306] (-) TimerEvent: {}
[12.737529] (-) TimerEvent: {}
[12.837802] (-) TimerEvent: {}
[12.938158] (-) TimerEvent: {}
[13.038403] (-) TimerEvent: {}
[13.138657] (-) TimerEvent: {}
[13.238994] (-) TimerEvent: {}
[13.339321] (-) TimerEvent: {}
[13.439656] (-) TimerEvent: {}
[13.539986] (-) TimerEvent: {}
[13.640320] (-) TimerEvent: {}
[13.740679] (-) TimerEvent: {}
[13.841019] (-) TimerEvent: {}
[13.941306] (-) TimerEvent: {}
[14.041533] (-) TimerEvent: {}
[14.141857] (-) TimerEvent: {}
[14.242198] (-) TimerEvent: {}
[14.342422] (-) TimerEvent: {}
[14.442677] (-) TimerEvent: {}
[14.542995] (-) TimerEvent: {}
[14.643323] (-) TimerEvent: {}
[14.743689] (-) TimerEvent: {}
[14.844041] (-) TimerEvent: {}
[14.944402] (-) TimerEvent: {}
[15.044746] (-) TimerEvent: {}
[15.145008] (-) TimerEvent: {}
[15.245308] (-) TimerEvent: {}
[15.345605] (-) TimerEvent: {}
[15.445955] (-) TimerEvent: {}
[15.546255] (-) TimerEvent: {}
[15.646559] (-) TimerEvent: {}
[15.746828] (-) TimerEvent: {}
[15.847104] (-) TimerEvent: {}
[15.947384] (-) TimerEvent: {}
[16.047708] (-) TimerEvent: {}
[16.148025] (-) TimerEvent: {}
[16.248292] (-) TimerEvent: {}
[16.348538] (-) TimerEvent: {}
[16.448899] (-) TimerEvent: {}
[16.549248] (-) TimerEvent: {}
[16.649473] (-) TimerEvent: {}
[16.749739] (-) TimerEvent: {}
[16.850001] (-) TimerEvent: {}
[16.950241] (-) TimerEvent: {}
[17.050463] (-) TimerEvent: {}
[17.150776] (-) TimerEvent: {}
[17.251120] (-) TimerEvent: {}
[17.351373] (-) TimerEvent: {}
[17.451621] (-) TimerEvent: {}
[17.551944] (-) TimerEvent: {}
[17.652277] (-) TimerEvent: {}
[17.752502] (-) TimerEvent: {}
[17.852737] (-) TimerEvent: {}
[17.953070] (-) TimerEvent: {}
[18.053310] (-) TimerEvent: {}
[18.153652] (-) TimerEvent: {}
[18.253997] (-) TimerEvent: {}
[18.354327] (-) TimerEvent: {}
[18.454575] (-) TimerEvent: {}
[18.554898] (-) TimerEvent: {}
[18.655171] (-) TimerEvent: {}
[18.755479] (-) TimerEvent: {}
[18.855819] (-) TimerEvent: {}
[18.956048] (-) TimerEvent: {}
[19.056289] (-) TimerEvent: {}
[19.156621] (-) TimerEvent: {}
[19.256834] (-) TimerEvent: {}
[19.357082] (-) TimerEvent: {}
[19.457313] (-) TimerEvent: {}
[19.557565] (-) TimerEvent: {}
[19.657890] (-) TimerEvent: {}
[19.758218] (-) TimerEvent: {}
[19.858542] (-) TimerEvent: {}
[19.958802] (-) TimerEvent: {}
[20.059134] (-) TimerEvent: {}
[20.159406] (-) TimerEvent: {}
[20.259754] (-) TimerEvent: {}
[20.360014] (-) TimerEvent: {}
[20.460350] (-) TimerEvent: {}
[20.480342] (serial_def_sdk) StdoutLine: {'line': b'[100%] \x1b[1m\x1b[32mLinking CXX executable uart\x1b[0m\n'}
[20.560552] (-) TimerEvent: {}
[20.660884] (-) TimerEvent: {}
[20.761232] (-) TimerEvent: {}
[20.861524] (-) TimerEvent: {}
[20.961965] (-) TimerEvent: {}
[21.062327] (-) TimerEvent: {}
[21.162587] (-) TimerEvent: {}
[21.262931] (-) TimerEvent: {}
[21.329108] (serial_def_sdk) StdoutLine: {'line': b'[100%] Built target uart\n'}
[21.334940] (serial_def_sdk) CommandEnded: {'returncode': 0}
[21.335466] (serial_def_sdk) JobProgress: {'identifier': 'serial_def_sdk', 'progress': 'install'}
[21.336226] (serial_def_sdk) Command: {'cmd': ['/usr/bin/cmake', '--install', '/home/hjh/RMserial/build/serial_def_sdk'], 'cwd': '/home/hjh/RMserial/build/serial_def_sdk', 'env': OrderedDict([('LESSOPEN', '| /usr/bin/lesspipe %s'), ('HTTPS_PROXY', 'http://127.0.0.1:7890/'), ('no_proxy', 'localhost,127.0.0.1,::1'), ('LANGUAGE', 'zh_CN:en'), ('USER', 'hjh'), ('LC_TIME', 'zh_CN.UTF-8'), ('all_proxy', 'socks://127.0.0.1:7890/'), ('XDG_SESSION_TYPE', 'wayland'), ('SHLVL', '1'), ('LD_LIBRARY_PATH', '/home/hjh/RMserial/install/vision_msg/lib:/home/hjh/RMserial/install/def_msg/lib:/opt/ros/humble/opt/openvdb_vendor/lib:/home/hjh/ros2_ws/install/lib:/home/hjh/ros2_ws/install/lib:/usr/lib/x86_64-linux-gnu/gazebo-11/plugins:/opt/ros/humble/opt/rviz_ogre_vendor/lib:/opt/ros/humble/lib/x86_64-linux-gnu:/opt/ros/humble/lib'), ('HOME', '/home/hjh'), ('CONDA_SHLVL', '0'), ('DESKTOP_SESSION', 'ubuntu'), ('NO_PROXY', 'localhost,127.0.0.1,::1'), ('ROS_PYTHON_VERSION', '3'), ('GNOME_SHELL_SESSION_MODE', 'ubuntu'), ('GTK_MODULES', 'gail:atk-bridge'), ('LC_MONETARY', 'zh_CN.UTF-8'), ('DBUS_STARTER_BUS_TYPE', 'session'), ('SYSTEMD_EXEC_PID', '1784'), ('DBUS_SESSION_BUS_ADDRESS', 'unix:path=/run/user/1000/bus,guid=23506245021c0007447155ba69c24332'), ('COLORTERM', 'truecolor'), ('_CE_M', ''), ('IM_CONFIG_PHASE', '1'), ('WAYLAND_DISPLAY', 'wayland-0'), ('https_proxy', 'http://127.0.0.1:7890/'), ('ROS_DISTRO', 'humble'), ('GTK_IM_MODULE', 'fcitx'), ('LOGNAME', 'hjh'), ('ALL_PROXY', 'socks://127.0.0.1:7890/'), ('http_proxy', 'http://127.0.0.1:7890/'), ('_', '/usr/bin/colcon'), ('ROS_VERSION', '2'), ('XDG_SESSION_CLASS', 'user'), ('USERNAME', 'hjh'), ('TERM', 'xterm-256color'), ('GNOME_DESKTOP_SESSION_ID', 'this-is-deprecated'), ('_CE_CONDA', ''), ('ROS_LOCALHOST_ONLY', '0'), ('PATH', '/home/hjh/miniconda3/condabin:/opt/ros/humble/bin:/home/hjh/.local/bin:/usr/local/sbin:/usr/local/bin:/usr/sbin:/usr/bin:/sbin:/bin:/usr/games:/usr/local/games:/snap/bin:/snap/bin'), ('SESSION_MANAGER', 'local/hjh-Lenovo-G5000-IRH8:@/tmp/.ICE-unix/1784,unix/hjh-Lenovo-G5000-IRH8:/tmp/.ICE-unix/1784'), ('PAPERSIZE', 'a4'), ('XDG_MENU_PREFIX', 'gnome-'), ('LC_ADDRESS', 'zh_CN.UTF-8'), ('GNOME_TERMINAL_SCREEN', '/org/gnome/Terminal/screen/e73f2372_e141_489a_a74e_9a18388fb53f'), ('GNOME_SETUP_DISPLAY', ':1'), ('XDG_RUNTIME_DIR', '/run/user/1000'), ('DISPLAY', ':0'), ('LANG', 'zh_CN.UTF-8'), ('XDG_CURRENT_DESKTOP', 'ubuntu:GNOME'), ('LC_TELEPHONE', 'zh_CN.UTF-8'), ('XMODIFIERS', '@im=fcitx'), ('XDG_SESSION_DESKTOP', 'ubuntu'), ('XAUTHORITY', '/run/user/1000/.mutter-Xwaylandauth.8265M3'), ('LS_COLORS', 'rs=0:di=01;34:ln=01;36:mh=00:pi=40;33:so=01;35:do=01;35:bd=40;33;01:cd=40;33;01:or=40;31;01:mi=00:su=37;41:sg=30;43:ca=30;41:tw=30;42:ow=34;42:st=37;44:ex=01;32:*.tar=01;31:*.tgz=01;31:*.arc=01;31:*.arj=01;31:*.taz=01;31:*.lha=01;31:*.lz4=01;31:*.lzh=01;31:*.lzma=01;31:*.tlz=01;31:*.txz=01;31:*.tzo=01;31:*.t7z=01;31:*.zip=01;31:*.z=01;31:*.dz=01;31:*.gz=01;31:*.lrz=01;31:*.lz=01;31:*.lzo=01;31:*.xz=01;31:*.zst=01;31:*.tzst=01;31:*.bz2=01;31:*.bz=01;31:*.tbz=01;31:*.tbz2=01;31:*.tz=01;31:*.deb=01;31:*.rpm=01;31:*.jar=01;31:*.war=01;31:*.ear=01;31:*.sar=01;31:*.rar=01;31:*.alz=01;31:*.ace=01;31:*.zoo=01;31:*.cpio=01;31:*.7z=01;31:*.rz=01;31:*.cab=01;31:*.wim=01;31:*.swm=01;31:*.dwm=01;31:*.esd=01;31:*.jpg=01;35:*.jpeg=01;35:*.mjpg=01;35:*.mjpeg=01;35:*.gif=01;35:*.bmp=01;35:*.pbm=01;35:*.pgm=01;35:*.ppm=01;35:*.tga=01;35:*.xbm=01;35:*.xpm=01;35:*.tif=01;35:*.tiff=01;35:*.png=01;35:*.svg=01;35:*.svgz=01;35:*.mng=01;35:*.pcx=01;35:*.mov=01;35:*.mpg=01;35:*.mpeg=01;35:*.m2v=01;35:*.mkv=01;35:*.webm=01;35:*.webp=01;35:*.ogm=01;35:*.mp4=01;35:*.m4v=01;35:*.mp4v=01;35:*.vob=01;35:*.qt=01;35:*.nuv=01;35:*.wmv=01;35:*.asf=01;35:*.rm=01;35:*.rmvb=01;35:*.flc=01;35:*.avi=01;35:*.fli=01;35:*.flv=01;35:*.gl=01;35:*.dl=01;35:*.xcf=01;35:*.xwd=01;35:*.yuv=01;35:*.cgm=01;35:*.emf=01;35:*.ogv=01;35:*.ogx=01;35:*.aac=00;36:*.au=00;36:*.flac=00;36:*.m4a=00;36:*.mid=00;36:*.midi=00;36:*.mka=00;36:*.mp3=00;36:*.mpc=00;36:*.ogg=00;36:*.ra=00;36:*.wav=00;36:*.oga=00;36:*.opus=00;36:*.spx=00;36:*.xspf=00;36:'), ('GNOME_TERMINAL_SERVICE', ':1.392'), ('SSH_AGENT_LAUNCHER', 'gnome-keyring'), ('SSH_AUTH_SOCK', '/run/user/1000/keyring/ssh'), ('AMENT_PREFIX_PATH', '/home/hjh/RMserial/install/vision_msg:/home/hjh/RMserial/install/def_msg:/opt/ros/humble'), ('CONDA_PYTHON_EXE', '/home/hjh/miniconda3/bin/python'), ('SHELL', '/bin/bash'), ('LC_NAME', 'zh_CN.UTF-8'), ('QT_ACCESSIBILITY', '1'), ('GDMSESSION', 'ubuntu'), ('LESSCLOSE', '/usr/bin/lesspipe %s %s'), ('LC_MEASUREMENT', 'zh_CN.UTF-8'), ('LC_IDENTIFICATION', 'zh_CN.UTF-8'), ('QT_IM_MODULE', 'fcitx'), ('PWD', '/home/hjh/RMserial/build/serial_def_sdk'), ('XDG_CONFIG_DIRS', '/etc/xdg/xdg-ubuntu:/etc/xdg'), ('CONDA_EXE', '/home/hjh/miniconda3/bin/conda'), ('CLUTTER_IM_MODULE', 'fcitx'), ('DBUS_STARTER_ADDRESS', 'unix:path=/run/user/1000/bus,guid=23506245021c0007447155ba69c24332'), ('XDG_DATA_DIRS', '/usr/share/ubuntu:/usr/local/share/:/usr/share/:/var/lib/snapd/desktop'), ('PYTHONPATH', '/home/hjh/RMserial/install/vision_msg/local/lib/python3.10/dist-packages:/home/hjh/RMserial/install/def_msg/local/lib/python3.10/dist-packages:/opt/ros/humble/lib/python3.10/site-packages:/opt/ros/humble/local/lib/python3.10/dist-packages'), ('HTTP_PROXY', 'http://127.0.0.1:7890/'), ('LC_NUMERIC', 'en_US.UTF-8'), ('LC_PAPER', 'zh_CN.UTF-8'), ('COLCON', '1'), ('VTE_VERSION', '6800'), ('CMAKE_PREFIX_PATH', '/home/hjh/RMserial/install/vision_msg:/home/hjh/RMserial/install/def_msg:/opt/ros/humble')]), 'shell': False}
[21.340158] (serial_def_sdk) StdoutLine: {'line': b'-- Install configuration: ""\n'}
[21.340326] (serial_def_sdk) StdoutLine: {'line': b'-- Installing: /home/hjh/RMserial/install/serial_def_sdk/lib/serial_def_sdk/uart\n'}
[21.349517] (serial_def_sdk) StdoutLine: {'line': b'-- Set non-toolchain portion of runtime path of "/home/hjh/RMserial/install/serial_def_sdk/lib/serial_def_sdk/uart" to ""\n'}
[21.349846] (serial_def_sdk) StdoutLine: {'line': b'-- Installing: /home/hjh/RMserial/install/serial_def_sdk/lib/serial_def_sdk/talker\n'}
[21.350645] (serial_def_sdk) StdoutLine: {'line': b'-- Set non-toolchain portion of runtime path of "/home/hjh/RMserial/install/serial_def_sdk/lib/serial_def_sdk/talker" to ""\n'}
[21.350903] (serial_def_sdk) StdoutLine: {'line': b'-- Installing: /home/hjh/RMserial/install/serial_def_sdk/share/serial_def_sdk/launch\n'}
[21.351001] (serial_def_sdk) StdoutLine: {'line': b'-- Installing: /home/hjh/RMserial/install/serial_def_sdk/share/serial_def_sdk/launch/serial.launch.py\n'}
[21.351066] (serial_def_sdk) StdoutLine: {'line': b'-- Installing: /home/hjh/RMserial/install/serial_def_sdk/share/ament_index/resource_index/package_run_dependencies/serial_def_sdk\n'}
[21.351126] (serial_def_sdk) StdoutLine: {'line': b'-- Installing: /home/hjh/RMserial/install/serial_def_sdk/share/ament_index/resource_index/parent_prefix_path/serial_def_sdk\n'}
[21.351246] (serial_def_sdk) StdoutLine: {'line': b'-- Installing: /home/hjh/RMserial/install/serial_def_sdk/share/serial_def_sdk/environment/ament_prefix_path.sh\n'}
[21.351358] (serial_def_sdk) StdoutLine: {'line': b'-- Installing: /home/hjh/RMserial/install/serial_def_sdk/share/serial_def_sdk/environment/ament_prefix_path.dsv\n'}
[21.351474] (serial_def_sdk) StdoutLine: {'line': b'-- Installing: /home/hjh/RMserial/install/serial_def_sdk/share/serial_def_sdk/environment/path.sh\n'}
[21.351530] (serial_def_sdk) StdoutLine: {'line': b'-- Installing: /home/hjh/RMserial/install/serial_def_sdk/share/serial_def_sdk/environment/path.dsv\n'}
[21.351587] (serial_def_sdk) StdoutLine: {'line': b'-- Installing: /home/hjh/RMserial/install/serial_def_sdk/share/serial_def_sdk/local_setup.bash\n'}
[21.351647] (serial_def_sdk) StdoutLine: {'line': b'-- Installing: /home/hjh/RMserial/install/serial_def_sdk/share/serial_def_sdk/local_setup.sh\n'}
[21.351743] (serial_def_sdk) StdoutLine: {'line': b'-- Installing: /home/hjh/RMserial/install/serial_def_sdk/share/serial_def_sdk/local_setup.zsh\n'}
[21.351873] (serial_def_sdk) StdoutLine: {'line': b'-- Installing: /home/hjh/RMserial/install/serial_def_sdk/share/serial_def_sdk/local_setup.dsv\n'}
[21.351939] (serial_def_sdk) StdoutLine: {'line': b'-- Installing: /home/hjh/RMserial/install/serial_def_sdk/share/serial_def_sdk/package.dsv\n'}
[21.351997] (serial_def_sdk) StdoutLine: {'line': b'-- Installing: /home/hjh/RMserial/install/serial_def_sdk/share/ament_index/resource_index/packages/serial_def_sdk\n'}
[21.352114] (serial_def_sdk) StdoutLine: {'line': b'-- Installing: /home/hjh/RMserial/install/serial_def_sdk/share/serial_def_sdk/cmake/serial_def_sdkConfig.cmake\n'}
[21.352183] (serial_def_sdk) StdoutLine: {'line': b'-- Installing: /home/hjh/RMserial/install/serial_def_sdk/share/serial_def_sdk/cmake/serial_def_sdkConfig-version.cmake\n'}
[21.352237] (serial_def_sdk) StdoutLine: {'line': b'-- Installing: /home/hjh/RMserial/install/serial_def_sdk/share/serial_def_sdk/package.xml\n'}
[21.354497] (serial_def_sdk) CommandEnded: {'returncode': 0}
[21.363122] (-) TimerEvent: {}
[21.364440] (serial_def_sdk) JobEnded: {'identifier': 'serial_def_sdk', 'rc': 0}
[21.364972] (-) EventReactorShutdown: {}
