[0.000000] (-) TimerEvent: {}
[0.000670] (def_msg) JobQueued: {'identifier': 'def_msg', 'dependencies': OrderedDict()}
[0.000721] (vision_msg) JobQueued: {'identifier': 'vision_msg', 'dependencies': OrderedDict()}
[0.000808] (serial_def_sdk) JobQueued: {'identifier': 'serial_def_sdk', 'dependencies': OrderedDict([('def_msg', '/home/hjh/RMserial/install/def_msg'), ('vision_msg', '/home/hjh/RMserial/install/vision_msg')])}
[0.000842] (def_msg) JobStarted: {'identifier': 'def_msg'}
[0.004206] (vision_msg) JobStarted: {'identifier': 'vision_msg'}
[0.007932] (def_msg) JobProgress: {'identifier': 'def_msg', 'progress': 'cmake'}
[0.008351] (def_msg) JobProgress: {'identifier': 'def_msg', 'progress': 'build'}
[0.008850] (def_msg) Command: {'cmd': ['/usr/bin/cmake', '--build', '/home/hjh/RMserial/build/def_msg', '--', '-j16', '-l16'], 'cwd': '/home/hjh/RMserial/build/def_msg', 'env': OrderedDict([('LESSOPEN', '| /usr/bin/lesspipe %s'), ('HTTPS_PROXY', 'http://127.0.0.1:7890/'), ('no_proxy', 'localhost,127.0.0.1,::1'), ('LANGUAGE', 'zh_CN:en'), ('USER', 'hjh'), ('LC_TIME', 'zh_CN.UTF-8'), ('all_proxy', 'socks://127.0.0.1:7890/'), ('XDG_SESSION_TYPE', 'wayland'), ('SHLVL', '1'), ('LD_LIBRARY_PATH', '/opt/ros/humble/opt/openvdb_vendor/lib:/home/hjh/ros2_ws/install/lib:/home/hjh/ros2_ws/install/lib:/usr/lib/x86_64-linux-gnu/gazebo-11/plugins:/opt/ros/humble/opt/rviz_ogre_vendor/lib:/opt/ros/humble/lib/x86_64-linux-gnu:/opt/ros/humble/lib'), ('HOME', '/home/hjh'), ('CONDA_SHLVL', '0'), ('DESKTOP_SESSION', 'ubuntu'), ('NO_PROXY', 'localhost,127.0.0.1,::1'), ('ROS_PYTHON_VERSION', '3'), ('GNOME_SHELL_SESSION_MODE', 'ubuntu'), ('GTK_MODULES', 'gail:atk-bridge'), ('LC_MONETARY', 'zh_CN.UTF-8'), ('DBUS_STARTER_BUS_TYPE', 'session'), ('SYSTEMD_EXEC_PID', '1784'), ('DBUS_SESSION_BUS_ADDRESS', 'unix:path=/run/user/1000/bus,guid=23506245021c0007447155ba69c24332'), ('COLORTERM', 'truecolor'), ('_CE_M', ''), ('IM_CONFIG_PHASE', '1'), ('WAYLAND_DISPLAY', 'wayland-0'), ('https_proxy', 'http://127.0.0.1:7890/'), ('ROS_DISTRO', 'humble'), ('GTK_IM_MODULE', 'fcitx'), ('LOGNAME', 'hjh'), ('ALL_PROXY', 'socks://127.0.0.1:7890/'), ('http_proxy', 'http://127.0.0.1:7890/'), ('_', '/usr/bin/colcon'), ('ROS_VERSION', '2'), ('XDG_SESSION_CLASS', 'user'), ('USERNAME', 'hjh'), ('TERM', 'xterm-256color'), ('GNOME_DESKTOP_SESSION_ID', 'this-is-deprecated'), ('_CE_CONDA', ''), ('ROS_LOCALHOST_ONLY', '0'), ('PATH', '/home/hjh/miniconda3/condabin:/opt/ros/humble/bin:/home/hjh/.local/bin:/usr/local/sbin:/usr/local/bin:/usr/sbin:/usr/bin:/sbin:/bin:/usr/games:/usr/local/games:/snap/bin:/snap/bin'), ('SESSION_MANAGER', 'local/hjh-Lenovo-G5000-IRH8:@/tmp/.ICE-unix/1784,unix/hjh-Lenovo-G5000-IRH8:/tmp/.ICE-unix/1784'), ('PAPERSIZE', 'a4'), ('XDG_MENU_PREFIX', 'gnome-'), ('LC_ADDRESS', 'zh_CN.UTF-8'), ('GNOME_TERMINAL_SCREEN', '/org/gnome/Terminal/screen/e73f2372_e141_489a_a74e_9a18388fb53f'), ('GNOME_SETUP_DISPLAY', ':1'), ('XDG_RUNTIME_DIR', '/run/user/1000'), ('DISPLAY', ':0'), ('LANG', 'zh_CN.UTF-8'), ('XDG_CURRENT_DESKTOP', 'ubuntu:GNOME'), ('LC_TELEPHONE', 'zh_CN.UTF-8'), ('XMODIFIERS', '@im=fcitx'), ('XDG_SESSION_DESKTOP', 'ubuntu'), ('XAUTHORITY', '/run/user/1000/.mutter-Xwaylandauth.8265M3'), ('LS_COLORS', 'rs=0:di=01;34:ln=01;36:mh=00:pi=40;33:so=01;35:do=01;35:bd=40;33;01:cd=40;33;01:or=40;31;01:mi=00:su=37;41:sg=30;43:ca=30;41:tw=30;42:ow=34;42:st=37;44:ex=01;32:*.tar=01;31:*.tgz=01;31:*.arc=01;31:*.arj=01;31:*.taz=01;31:*.lha=01;31:*.lz4=01;31:*.lzh=01;31:*.lzma=01;31:*.tlz=01;31:*.txz=01;31:*.tzo=01;31:*.t7z=01;31:*.zip=01;31:*.z=01;31:*.dz=01;31:*.gz=01;31:*.lrz=01;31:*.lz=01;31:*.lzo=01;31:*.xz=01;31:*.zst=01;31:*.tzst=01;31:*.bz2=01;31:*.bz=01;31:*.tbz=01;31:*.tbz2=01;31:*.tz=01;31:*.deb=01;31:*.rpm=01;31:*.jar=01;31:*.war=01;31:*.ear=01;31:*.sar=01;31:*.rar=01;31:*.alz=01;31:*.ace=01;31:*.zoo=01;31:*.cpio=01;31:*.7z=01;31:*.rz=01;31:*.cab=01;31:*.wim=01;31:*.swm=01;31:*.dwm=01;31:*.esd=01;31:*.jpg=01;35:*.jpeg=01;35:*.mjpg=01;35:*.mjpeg=01;35:*.gif=01;35:*.bmp=01;35:*.pbm=01;35:*.pgm=01;35:*.ppm=01;35:*.tga=01;35:*.xbm=01;35:*.xpm=01;35:*.tif=01;35:*.tiff=01;35:*.png=01;35:*.svg=01;35:*.svgz=01;35:*.mng=01;35:*.pcx=01;35:*.mov=01;35:*.mpg=01;35:*.mpeg=01;35:*.m2v=01;35:*.mkv=01;35:*.webm=01;35:*.webp=01;35:*.ogm=01;35:*.mp4=01;35:*.m4v=01;35:*.mp4v=01;35:*.vob=01;35:*.qt=01;35:*.nuv=01;35:*.wmv=01;35:*.asf=01;35:*.rm=01;35:*.rmvb=01;35:*.flc=01;35:*.avi=01;35:*.fli=01;35:*.flv=01;35:*.gl=01;35:*.dl=01;35:*.xcf=01;35:*.xwd=01;35:*.yuv=01;35:*.cgm=01;35:*.emf=01;35:*.ogv=01;35:*.ogx=01;35:*.aac=00;36:*.au=00;36:*.flac=00;36:*.m4a=00;36:*.mid=00;36:*.midi=00;36:*.mka=00;36:*.mp3=00;36:*.mpc=00;36:*.ogg=00;36:*.ra=00;36:*.wav=00;36:*.oga=00;36:*.opus=00;36:*.spx=00;36:*.xspf=00;36:'), ('GNOME_TERMINAL_SERVICE', ':1.392'), ('SSH_AGENT_LAUNCHER', 'gnome-keyring'), ('SSH_AUTH_SOCK', '/run/user/1000/keyring/ssh'), ('AMENT_PREFIX_PATH', '/opt/ros/humble'), ('CONDA_PYTHON_EXE', '/home/hjh/miniconda3/bin/python'), ('SHELL', '/bin/bash'), ('LC_NAME', 'zh_CN.UTF-8'), ('QT_ACCESSIBILITY', '1'), ('GDMSESSION', 'ubuntu'), ('LESSCLOSE', '/usr/bin/lesspipe %s %s'), ('LC_MEASUREMENT', 'zh_CN.UTF-8'), ('LC_IDENTIFICATION', 'zh_CN.UTF-8'), ('QT_IM_MODULE', 'fcitx'), ('PWD', '/home/hjh/RMserial/build/def_msg'), ('XDG_CONFIG_DIRS', '/etc/xdg/xdg-ubuntu:/etc/xdg'), ('CONDA_EXE', '/home/hjh/miniconda3/bin/conda'), ('CLUTTER_IM_MODULE', 'fcitx'), ('DBUS_STARTER_ADDRESS', 'unix:path=/run/user/1000/bus,guid=23506245021c0007447155ba69c24332'), ('XDG_DATA_DIRS', '/usr/share/ubuntu:/usr/local/share/:/usr/share/:/var/lib/snapd/desktop'), ('PYTHONPATH', '/opt/ros/humble/lib/python3.10/site-packages:/opt/ros/humble/local/lib/python3.10/dist-packages'), ('HTTP_PROXY', 'http://127.0.0.1:7890/'), ('LC_NUMERIC', 'en_US.UTF-8'), ('LC_PAPER', 'zh_CN.UTF-8'), ('COLCON', '1'), ('VTE_VERSION', '6800'), ('CMAKE_PREFIX_PATH', '/opt/ros/humble')]), 'shell': False}
[0.011329] (vision_msg) JobProgress: {'identifier': 'vision_msg', 'progress': 'cmake'}
[0.011639] (vision_msg) JobProgress: {'identifier': 'vision_msg', 'progress': 'build'}
[0.011858] (vision_msg) Command: {'cmd': ['/usr/bin/cmake', '--build', '/home/hjh/RMserial/build/vision_msg', '--', '-j16', '-l16'], 'cwd': '/home/hjh/RMserial/build/vision_msg', 'env': OrderedDict([('LESSOPEN', '| /usr/bin/lesspipe %s'), ('HTTPS_PROXY', 'http://127.0.0.1:7890/'), ('no_proxy', 'localhost,127.0.0.1,::1'), ('LANGUAGE', 'zh_CN:en'), ('USER', 'hjh'), ('LC_TIME', 'zh_CN.UTF-8'), ('all_proxy', 'socks://127.0.0.1:7890/'), ('XDG_SESSION_TYPE', 'wayland'), ('SHLVL', '1'), ('LD_LIBRARY_PATH', '/opt/ros/humble/opt/openvdb_vendor/lib:/home/hjh/ros2_ws/install/lib:/home/hjh/ros2_ws/install/lib:/usr/lib/x86_64-linux-gnu/gazebo-11/plugins:/opt/ros/humble/opt/rviz_ogre_vendor/lib:/opt/ros/humble/lib/x86_64-linux-gnu:/opt/ros/humble/lib'), ('HOME', '/home/hjh'), ('CONDA_SHLVL', '0'), ('DESKTOP_SESSION', 'ubuntu'), ('NO_PROXY', 'localhost,127.0.0.1,::1'), ('ROS_PYTHON_VERSION', '3'), ('GNOME_SHELL_SESSION_MODE', 'ubuntu'), ('GTK_MODULES', 'gail:atk-bridge'), ('LC_MONETARY', 'zh_CN.UTF-8'), ('DBUS_STARTER_BUS_TYPE', 'session'), ('SYSTEMD_EXEC_PID', '1784'), ('DBUS_SESSION_BUS_ADDRESS', 'unix:path=/run/user/1000/bus,guid=23506245021c0007447155ba69c24332'), ('COLORTERM', 'truecolor'), ('_CE_M', ''), ('IM_CONFIG_PHASE', '1'), ('WAYLAND_DISPLAY', 'wayland-0'), ('https_proxy', 'http://127.0.0.1:7890/'), ('ROS_DISTRO', 'humble'), ('GTK_IM_MODULE', 'fcitx'), ('LOGNAME', 'hjh'), ('ALL_PROXY', 'socks://127.0.0.1:7890/'), ('http_proxy', 'http://127.0.0.1:7890/'), ('_', '/usr/bin/colcon'), ('ROS_VERSION', '2'), ('XDG_SESSION_CLASS', 'user'), ('USERNAME', 'hjh'), ('TERM', 'xterm-256color'), ('GNOME_DESKTOP_SESSION_ID', 'this-is-deprecated'), ('_CE_CONDA', ''), ('ROS_LOCALHOST_ONLY', '0'), ('PATH', '/home/hjh/miniconda3/condabin:/opt/ros/humble/bin:/home/hjh/.local/bin:/usr/local/sbin:/usr/local/bin:/usr/sbin:/usr/bin:/sbin:/bin:/usr/games:/usr/local/games:/snap/bin:/snap/bin'), ('SESSION_MANAGER', 'local/hjh-Lenovo-G5000-IRH8:@/tmp/.ICE-unix/1784,unix/hjh-Lenovo-G5000-IRH8:/tmp/.ICE-unix/1784'), ('PAPERSIZE', 'a4'), ('XDG_MENU_PREFIX', 'gnome-'), ('LC_ADDRESS', 'zh_CN.UTF-8'), ('GNOME_TERMINAL_SCREEN', '/org/gnome/Terminal/screen/e73f2372_e141_489a_a74e_9a18388fb53f'), ('GNOME_SETUP_DISPLAY', ':1'), ('XDG_RUNTIME_DIR', '/run/user/1000'), ('DISPLAY', ':0'), ('LANG', 'zh_CN.UTF-8'), ('XDG_CURRENT_DESKTOP', 'ubuntu:GNOME'), ('LC_TELEPHONE', 'zh_CN.UTF-8'), ('XMODIFIERS', '@im=fcitx'), ('XDG_SESSION_DESKTOP', 'ubuntu'), ('XAUTHORITY', '/run/user/1000/.mutter-Xwaylandauth.8265M3'), ('LS_COLORS', 'rs=0:di=01;34:ln=01;36:mh=00:pi=40;33:so=01;35:do=01;35:bd=40;33;01:cd=40;33;01:or=40;31;01:mi=00:su=37;41:sg=30;43:ca=30;41:tw=30;42:ow=34;42:st=37;44:ex=01;32:*.tar=01;31:*.tgz=01;31:*.arc=01;31:*.arj=01;31:*.taz=01;31:*.lha=01;31:*.lz4=01;31:*.lzh=01;31:*.lzma=01;31:*.tlz=01;31:*.txz=01;31:*.tzo=01;31:*.t7z=01;31:*.zip=01;31:*.z=01;31:*.dz=01;31:*.gz=01;31:*.lrz=01;31:*.lz=01;31:*.lzo=01;31:*.xz=01;31:*.zst=01;31:*.tzst=01;31:*.bz2=01;31:*.bz=01;31:*.tbz=01;31:*.tbz2=01;31:*.tz=01;31:*.deb=01;31:*.rpm=01;31:*.jar=01;31:*.war=01;31:*.ear=01;31:*.sar=01;31:*.rar=01;31:*.alz=01;31:*.ace=01;31:*.zoo=01;31:*.cpio=01;31:*.7z=01;31:*.rz=01;31:*.cab=01;31:*.wim=01;31:*.swm=01;31:*.dwm=01;31:*.esd=01;31:*.jpg=01;35:*.jpeg=01;35:*.mjpg=01;35:*.mjpeg=01;35:*.gif=01;35:*.bmp=01;35:*.pbm=01;35:*.pgm=01;35:*.ppm=01;35:*.tga=01;35:*.xbm=01;35:*.xpm=01;35:*.tif=01;35:*.tiff=01;35:*.png=01;35:*.svg=01;35:*.svgz=01;35:*.mng=01;35:*.pcx=01;35:*.mov=01;35:*.mpg=01;35:*.mpeg=01;35:*.m2v=01;35:*.mkv=01;35:*.webm=01;35:*.webp=01;35:*.ogm=01;35:*.mp4=01;35:*.m4v=01;35:*.mp4v=01;35:*.vob=01;35:*.qt=01;35:*.nuv=01;35:*.wmv=01;35:*.asf=01;35:*.rm=01;35:*.rmvb=01;35:*.flc=01;35:*.avi=01;35:*.fli=01;35:*.flv=01;35:*.gl=01;35:*.dl=01;35:*.xcf=01;35:*.xwd=01;35:*.yuv=01;35:*.cgm=01;35:*.emf=01;35:*.ogv=01;35:*.ogx=01;35:*.aac=00;36:*.au=00;36:*.flac=00;36:*.m4a=00;36:*.mid=00;36:*.midi=00;36:*.mka=00;36:*.mp3=00;36:*.mpc=00;36:*.ogg=00;36:*.ra=00;36:*.wav=00;36:*.oga=00;36:*.opus=00;36:*.spx=00;36:*.xspf=00;36:'), ('GNOME_TERMINAL_SERVICE', ':1.392'), ('SSH_AGENT_LAUNCHER', 'gnome-keyring'), ('SSH_AUTH_SOCK', '/run/user/1000/keyring/ssh'), ('AMENT_PREFIX_PATH', '/opt/ros/humble'), ('CONDA_PYTHON_EXE', '/home/hjh/miniconda3/bin/python'), ('SHELL', '/bin/bash'), ('LC_NAME', 'zh_CN.UTF-8'), ('QT_ACCESSIBILITY', '1'), ('GDMSESSION', 'ubuntu'), ('LESSCLOSE', '/usr/bin/lesspipe %s %s'), ('LC_MEASUREMENT', 'zh_CN.UTF-8'), ('LC_IDENTIFICATION', 'zh_CN.UTF-8'), ('QT_IM_MODULE', 'fcitx'), ('PWD', '/home/hjh/RMserial/build/vision_msg'), ('XDG_CONFIG_DIRS', '/etc/xdg/xdg-ubuntu:/etc/xdg'), ('CONDA_EXE', '/home/hjh/miniconda3/bin/conda'), ('CLUTTER_IM_MODULE', 'fcitx'), ('DBUS_STARTER_ADDRESS', 'unix:path=/run/user/1000/bus,guid=23506245021c0007447155ba69c24332'), ('XDG_DATA_DIRS', '/usr/share/ubuntu:/usr/local/share/:/usr/share/:/var/lib/snapd/desktop'), ('PYTHONPATH', '/opt/ros/humble/lib/python3.10/site-packages:/opt/ros/humble/local/lib/python3.10/dist-packages'), ('HTTP_PROXY', 'http://127.0.0.1:7890/'), ('LC_NUMERIC', 'en_US.UTF-8'), ('LC_PAPER', 'zh_CN.UTF-8'), ('COLCON', '1'), ('VTE_VERSION', '6800'), ('CMAKE_PREFIX_PATH', '/opt/ros/humble')]), 'shell': False}
[0.062298] (vision_msg) StdoutLine: {'line': b'[ 10%] Built target vision_msg__rosidl_generator_c\n'}
[0.062962] (vision_msg) StdoutLine: {'line': b'[ 12%] Built target vision_msg__cpp\n'}
[0.068054] (def_msg) StdoutLine: {'line': b'[  1%] Built target def_msg__cpp\n'}
[0.070603] (vision_msg) StdoutLine: {'line': b'[ 12%] Built target ament_cmake_python_copy_vision_msg\n'}
[0.073767] (def_msg) StdoutLine: {'line': b'[ 12%] Built target def_msg__rosidl_generator_c\n'}
[0.076793] (def_msg) StdoutLine: {'line': b'[ 12%] Built target ament_cmake_python_copy_def_msg\n'}
[0.099896] (-) TimerEvent: {}
[0.107620] (vision_msg) StdoutLine: {'line': b'[ 23%] Built target vision_msg__rosidl_typesupport_introspection_cpp\n'}
[0.108899] (vision_msg) StdoutLine: {'line': b'[ 34%] Built target vision_msg__rosidl_typesupport_introspection_c\n'}
[0.112023] (vision_msg) StdoutLine: {'line': b'[ 44%] Built target vision_msg__rosidl_typesupport_c\n'}
[0.112387] (vision_msg) StdoutLine: {'line': b'[ 55%] Built target vision_msg__rosidl_typesupport_fastrtps_cpp\n'}
[0.112581] (vision_msg) StdoutLine: {'line': b'[ 65%] Built target vision_msg__rosidl_typesupport_cpp\n'}
[0.112811] (vision_msg) StdoutLine: {'line': b'[ 76%] Built target vision_msg__rosidl_typesupport_fastrtps_c\n'}
[0.114904] (def_msg) StdoutLine: {'line': b'[ 24%] Built target def_msg__rosidl_typesupport_introspection_c\n'}
[0.115549] (def_msg) StdoutLine: {'line': b'[ 35%] Built target def_msg__rosidl_typesupport_introspection_cpp\n'}
[0.118743] (def_msg) StdoutLine: {'line': b'[ 47%] Built target def_msg__rosidl_typesupport_cpp\n'}
[0.120406] (def_msg) StdoutLine: {'line': b'[ 58%] Built target def_msg__rosidl_typesupport_c\n'}
[0.121581] (def_msg) StdoutLine: {'line': b'[ 70%] Built target def_msg__rosidl_typesupport_fastrtps_c\n'}
[0.122138] (def_msg) StdoutLine: {'line': b'[ 81%] Built target def_msg__rosidl_typesupport_fastrtps_cpp\n'}
[0.129323] (vision_msg) StdoutLine: {'line': b'[ 76%] Built target vision_msg\n'}
[0.136156] (def_msg) StdoutLine: {'line': b'[ 81%] Built target def_msg\n'}
[0.140307] (vision_msg) StdoutLine: {'line': b'[ 78%] Built target vision_msg__py\n'}
[0.148740] (def_msg) StdoutLine: {'line': b'[ 82%] Built target def_msg__py\n'}
[0.152934] (vision_msg) StdoutLine: {'line': b'[ 87%] Built target vision_msg__rosidl_generator_py\n'}
[0.163309] (def_msg) StdoutLine: {'line': b'[ 93%] Built target def_msg__rosidl_generator_py\n'}
[0.164424] (vision_msg) StdoutLine: {'line': b'[ 95%] Built target vision_msg__rosidl_typesupport_c__pyext\n'}
[0.164626] (vision_msg) StdoutLine: {'line': b'[ 95%] Built target vision_msg__rosidl_typesupport_fastrtps_c__pyext\n'}
[0.164795] (vision_msg) StdoutLine: {'line': b'[100%] Built target vision_msg__rosidl_typesupport_introspection_c__pyext\n'}
[0.172253] (def_msg) StdoutLine: {'line': b'[ 95%] Built target def_msg__rosidl_typesupport_fastrtps_c__pyext\n'}
[0.176823] (def_msg) StdoutLine: {'line': b'[ 98%] Built target def_msg__rosidl_typesupport_introspection_c__pyext\n'}
[0.177029] (def_msg) StdoutLine: {'line': b'[100%] Built target def_msg__rosidl_typesupport_c__pyext\n'}
[0.199998] (-) TimerEvent: {}
[0.277922] (def_msg) StdoutLine: {'line': b'running egg_info\n'}
[0.278429] (def_msg) StdoutLine: {'line': b'writing def_msg.egg-info/PKG-INFO\n'}
[0.278685] (def_msg) StdoutLine: {'line': b'writing dependency_links to def_msg.egg-info/dependency_links.txt\n'}
[0.278787] (def_msg) StdoutLine: {'line': b'writing top-level names to def_msg.egg-info/top_level.txt\n'}
[0.280261] (def_msg) StdoutLine: {'line': b"reading manifest file 'def_msg.egg-info/SOURCES.txt'\n"}
[0.280704] (def_msg) StdoutLine: {'line': b"writing manifest file 'def_msg.egg-info/SOURCES.txt'\n"}
[0.298670] (def_msg) StdoutLine: {'line': b'[100%] Built target ament_cmake_python_build_def_msg_egg\n'}
[0.300111] (-) TimerEvent: {}
[0.305131] (vision_msg) StdoutLine: {'line': b'running egg_info\n'}
[0.305832] (def_msg) CommandEnded: {'returncode': 0}
[0.306140] (vision_msg) StdoutLine: {'line': b'writing vision_msg.egg-info/PKG-INFO\n'}
[0.306205] (vision_msg) StdoutLine: {'line': b'writing dependency_links to vision_msg.egg-info/dependency_links.txt\n'}
[0.306248] (vision_msg) StdoutLine: {'line': b'writing top-level names to vision_msg.egg-info/top_level.txt\n'}
[0.306465] (def_msg) JobProgress: {'identifier': 'def_msg', 'progress': 'install'}
[0.307107] (vision_msg) StdoutLine: {'line': b"reading manifest file 'vision_msg.egg-info/SOURCES.txt'\n"}
[0.307420] (vision_msg) StdoutLine: {'line': b"writing manifest file 'vision_msg.egg-info/SOURCES.txt'\n"}
[0.310371] (def_msg) Command: {'cmd': ['/usr/bin/cmake', '--install', '/home/hjh/RMserial/build/def_msg'], 'cwd': '/home/hjh/RMserial/build/def_msg', 'env': OrderedDict([('LESSOPEN', '| /usr/bin/lesspipe %s'), ('HTTPS_PROXY', 'http://127.0.0.1:7890/'), ('no_proxy', 'localhost,127.0.0.1,::1'), ('LANGUAGE', 'zh_CN:en'), ('USER', 'hjh'), ('LC_TIME', 'zh_CN.UTF-8'), ('all_proxy', 'socks://127.0.0.1:7890/'), ('XDG_SESSION_TYPE', 'wayland'), ('SHLVL', '1'), ('LD_LIBRARY_PATH', '/opt/ros/humble/opt/openvdb_vendor/lib:/home/hjh/ros2_ws/install/lib:/home/hjh/ros2_ws/install/lib:/usr/lib/x86_64-linux-gnu/gazebo-11/plugins:/opt/ros/humble/opt/rviz_ogre_vendor/lib:/opt/ros/humble/lib/x86_64-linux-gnu:/opt/ros/humble/lib'), ('HOME', '/home/hjh'), ('CONDA_SHLVL', '0'), ('DESKTOP_SESSION', 'ubuntu'), ('NO_PROXY', 'localhost,127.0.0.1,::1'), ('ROS_PYTHON_VERSION', '3'), ('GNOME_SHELL_SESSION_MODE', 'ubuntu'), ('GTK_MODULES', 'gail:atk-bridge'), ('LC_MONETARY', 'zh_CN.UTF-8'), ('DBUS_STARTER_BUS_TYPE', 'session'), ('SYSTEMD_EXEC_PID', '1784'), ('DBUS_SESSION_BUS_ADDRESS', 'unix:path=/run/user/1000/bus,guid=23506245021c0007447155ba69c24332'), ('COLORTERM', 'truecolor'), ('_CE_M', ''), ('IM_CONFIG_PHASE', '1'), ('WAYLAND_DISPLAY', 'wayland-0'), ('https_proxy', 'http://127.0.0.1:7890/'), ('ROS_DISTRO', 'humble'), ('GTK_IM_MODULE', 'fcitx'), ('LOGNAME', 'hjh'), ('ALL_PROXY', 'socks://127.0.0.1:7890/'), ('http_proxy', 'http://127.0.0.1:7890/'), ('_', '/usr/bin/colcon'), ('ROS_VERSION', '2'), ('XDG_SESSION_CLASS', 'user'), ('USERNAME', 'hjh'), ('TERM', 'xterm-256color'), ('GNOME_DESKTOP_SESSION_ID', 'this-is-deprecated'), ('_CE_CONDA', ''), ('ROS_LOCALHOST_ONLY', '0'), ('PATH', '/home/hjh/miniconda3/condabin:/opt/ros/humble/bin:/home/hjh/.local/bin:/usr/local/sbin:/usr/local/bin:/usr/sbin:/usr/bin:/sbin:/bin:/usr/games:/usr/local/games:/snap/bin:/snap/bin'), ('SESSION_MANAGER', 'local/hjh-Lenovo-G5000-IRH8:@/tmp/.ICE-unix/1784,unix/hjh-Lenovo-G5000-IRH8:/tmp/.ICE-unix/1784'), ('PAPERSIZE', 'a4'), ('XDG_MENU_PREFIX', 'gnome-'), ('LC_ADDRESS', 'zh_CN.UTF-8'), ('GNOME_TERMINAL_SCREEN', '/org/gnome/Terminal/screen/e73f2372_e141_489a_a74e_9a18388fb53f'), ('GNOME_SETUP_DISPLAY', ':1'), ('XDG_RUNTIME_DIR', '/run/user/1000'), ('DISPLAY', ':0'), ('LANG', 'zh_CN.UTF-8'), ('XDG_CURRENT_DESKTOP', 'ubuntu:GNOME'), ('LC_TELEPHONE', 'zh_CN.UTF-8'), ('XMODIFIERS', '@im=fcitx'), ('XDG_SESSION_DESKTOP', 'ubuntu'), ('XAUTHORITY', '/run/user/1000/.mutter-Xwaylandauth.8265M3'), ('LS_COLORS', 'rs=0:di=01;34:ln=01;36:mh=00:pi=40;33:so=01;35:do=01;35:bd=40;33;01:cd=40;33;01:or=40;31;01:mi=00:su=37;41:sg=30;43:ca=30;41:tw=30;42:ow=34;42:st=37;44:ex=01;32:*.tar=01;31:*.tgz=01;31:*.arc=01;31:*.arj=01;31:*.taz=01;31:*.lha=01;31:*.lz4=01;31:*.lzh=01;31:*.lzma=01;31:*.tlz=01;31:*.txz=01;31:*.tzo=01;31:*.t7z=01;31:*.zip=01;31:*.z=01;31:*.dz=01;31:*.gz=01;31:*.lrz=01;31:*.lz=01;31:*.lzo=01;31:*.xz=01;31:*.zst=01;31:*.tzst=01;31:*.bz2=01;31:*.bz=01;31:*.tbz=01;31:*.tbz2=01;31:*.tz=01;31:*.deb=01;31:*.rpm=01;31:*.jar=01;31:*.war=01;31:*.ear=01;31:*.sar=01;31:*.rar=01;31:*.alz=01;31:*.ace=01;31:*.zoo=01;31:*.cpio=01;31:*.7z=01;31:*.rz=01;31:*.cab=01;31:*.wim=01;31:*.swm=01;31:*.dwm=01;31:*.esd=01;31:*.jpg=01;35:*.jpeg=01;35:*.mjpg=01;35:*.mjpeg=01;35:*.gif=01;35:*.bmp=01;35:*.pbm=01;35:*.pgm=01;35:*.ppm=01;35:*.tga=01;35:*.xbm=01;35:*.xpm=01;35:*.tif=01;35:*.tiff=01;35:*.png=01;35:*.svg=01;35:*.svgz=01;35:*.mng=01;35:*.pcx=01;35:*.mov=01;35:*.mpg=01;35:*.mpeg=01;35:*.m2v=01;35:*.mkv=01;35:*.webm=01;35:*.webp=01;35:*.ogm=01;35:*.mp4=01;35:*.m4v=01;35:*.mp4v=01;35:*.vob=01;35:*.qt=01;35:*.nuv=01;35:*.wmv=01;35:*.asf=01;35:*.rm=01;35:*.rmvb=01;35:*.flc=01;35:*.avi=01;35:*.fli=01;35:*.flv=01;35:*.gl=01;35:*.dl=01;35:*.xcf=01;35:*.xwd=01;35:*.yuv=01;35:*.cgm=01;35:*.emf=01;35:*.ogv=01;35:*.ogx=01;35:*.aac=00;36:*.au=00;36:*.flac=00;36:*.m4a=00;36:*.mid=00;36:*.midi=00;36:*.mka=00;36:*.mp3=00;36:*.mpc=00;36:*.ogg=00;36:*.ra=00;36:*.wav=00;36:*.oga=00;36:*.opus=00;36:*.spx=00;36:*.xspf=00;36:'), ('GNOME_TERMINAL_SERVICE', ':1.392'), ('SSH_AGENT_LAUNCHER', 'gnome-keyring'), ('SSH_AUTH_SOCK', '/run/user/1000/keyring/ssh'), ('AMENT_PREFIX_PATH', '/opt/ros/humble'), ('CONDA_PYTHON_EXE', '/home/hjh/miniconda3/bin/python'), ('SHELL', '/bin/bash'), ('LC_NAME', 'zh_CN.UTF-8'), ('QT_ACCESSIBILITY', '1'), ('GDMSESSION', 'ubuntu'), ('LESSCLOSE', '/usr/bin/lesspipe %s %s'), ('LC_MEASUREMENT', 'zh_CN.UTF-8'), ('LC_IDENTIFICATION', 'zh_CN.UTF-8'), ('QT_IM_MODULE', 'fcitx'), ('PWD', '/home/hjh/RMserial/build/def_msg'), ('XDG_CONFIG_DIRS', '/etc/xdg/xdg-ubuntu:/etc/xdg'), ('CONDA_EXE', '/home/hjh/miniconda3/bin/conda'), ('CLUTTER_IM_MODULE', 'fcitx'), ('DBUS_STARTER_ADDRESS', 'unix:path=/run/user/1000/bus,guid=23506245021c0007447155ba69c24332'), ('XDG_DATA_DIRS', '/usr/share/ubuntu:/usr/local/share/:/usr/share/:/var/lib/snapd/desktop'), ('PYTHONPATH', '/opt/ros/humble/lib/python3.10/site-packages:/opt/ros/humble/local/lib/python3.10/dist-packages'), ('HTTP_PROXY', 'http://127.0.0.1:7890/'), ('LC_NUMERIC', 'en_US.UTF-8'), ('LC_PAPER', 'zh_CN.UTF-8'), ('COLCON', '1'), ('VTE_VERSION', '6800'), ('CMAKE_PREFIX_PATH', '/opt/ros/humble')]), 'shell': False}
[0.314430] (def_msg) StdoutLine: {'line': b'-- Install configuration: ""\n'}
[0.314727] (def_msg) StdoutLine: {'line': b'-- Up-to-date: /home/hjh/RMserial/install/def_msg/share/ament_index/resource_index/rosidl_interfaces/def_msg\n'}
[0.314884] (def_msg) StdoutLine: {'line': b'-- Up-to-date: /home/hjh/RMserial/install/def_msg/include/def_msg/def_msg\n'}
[0.314999] (def_msg) StdoutLine: {'line': b'-- Up-to-date: /home/hjh/RMserial/install/def_msg/include/def_msg/def_msg/srv\n'}
[0.315132] (def_msg) StdoutLine: {'line': b'-- Up-to-date: /home/hjh/RMserial/install/def_msg/include/def_msg/def_msg/srv/detail\n'}
[0.315260] (def_msg) StdoutLine: {'line': b'-- Up-to-date: /home/hjh/RMserial/install/def_msg/include/def_msg/def_msg/srv/detail/controller_mode_set__functions.h\n'}
[0.315380] (def_msg) StdoutLine: {'line': b'-- Up-to-date: /home/hjh/RMserial/install/def_msg/include/def_msg/def_msg/srv/detail/controller_mode_set__struct.h\n'}
[0.315510] (def_msg) StdoutLine: {'line': b'-- Up-to-date: /home/hjh/RMserial/install/def_msg/include/def_msg/def_msg/srv/detail/heart_beat__functions.h\n'}
[0.315631] (def_msg) StdoutLine: {'line': b'-- Up-to-date: /home/hjh/RMserial/install/def_msg/include/def_msg/def_msg/srv/detail/controller_mode_set__type_support.h\n'}
[0.315744] (def_msg) StdoutLine: {'line': b'-- Up-to-date: /home/hjh/RMserial/install/def_msg/include/def_msg/def_msg/srv/detail/controller_mode_set__functions.c\n'}
[0.315857] (def_msg) StdoutLine: {'line': b'-- Up-to-date: /home/hjh/RMserial/install/def_msg/include/def_msg/def_msg/srv/detail/heart_beat__struct.h\n'}
[0.315942] (def_msg) StdoutLine: {'line': b'-- Up-to-date: /home/hjh/RMserial/install/def_msg/include/def_msg/def_msg/srv/detail/heart_beat__functions.c\n'}
[0.316043] (def_msg) StdoutLine: {'line': b'-- Up-to-date: /home/hjh/RMserial/install/def_msg/include/def_msg/def_msg/srv/detail/heart_beat__type_support.h\n'}
[0.316134] (def_msg) StdoutLine: {'line': b'-- Up-to-date: /home/hjh/RMserial/install/def_msg/include/def_msg/def_msg/srv/controller_mode_set.h\n'}
[0.316230] (def_msg) StdoutLine: {'line': b'-- Up-to-date: /home/hjh/RMserial/install/def_msg/include/def_msg/def_msg/srv/heart_beat.h\n'}
[0.316357] (def_msg) StdoutLine: {'line': b'-- Up-to-date: /home/hjh/RMserial/install/def_msg/include/def_msg/def_msg/msg\n'}
[0.316473] (def_msg) StdoutLine: {'line': b'-- Up-to-date: /home/hjh/RMserial/install/def_msg/include/def_msg/def_msg/msg/rosidl_generator_c__visibility_control.h\n'}
[0.316588] (def_msg) StdoutLine: {'line': b'-- Up-to-date: /home/hjh/RMserial/install/def_msg/include/def_msg/def_msg/msg/gimble_control.h\n'}
[0.316690] (def_msg) StdoutLine: {'line': b'-- Up-to-date: /home/hjh/RMserial/install/def_msg/include/def_msg/def_msg/msg/em_control.h\n'}
[0.316767] (def_msg) StdoutLine: {'line': b'-- Up-to-date: /home/hjh/RMserial/install/def_msg/include/def_msg/def_msg/msg/detail\n'}
[0.316858] (def_msg) StdoutLine: {'line': b'-- Up-to-date: /home/hjh/RMserial/install/def_msg/include/def_msg/def_msg/msg/detail/common_control__type_support.h\n'}
[0.316934] (def_msg) StdoutLine: {'line': b'-- Up-to-date: /home/hjh/RMserial/install/def_msg/include/def_msg/def_msg/msg/detail/gimble_position__struct.h\n'}
[0.317057] (def_msg) StdoutLine: {'line': b'-- Up-to-date: /home/hjh/RMserial/install/def_msg/include/def_msg/def_msg/msg/detail/gobal_information__functions.c\n'}
[0.317361] (def_msg) StdoutLine: {'line': b'-- Up-to-date: /home/hjh/RMserial/install/def_msg/include/def_msg/def_msg/msg/detail/gimble_position__functions.h\n'}
[0.317454] (def_msg) StdoutLine: {'line': b'-- Up-to-date: /home/hjh/RMserial/install/def_msg/include/def_msg/def_msg/msg/detail/em_control__functions.h\n'}
[0.317495] (def_msg) StdoutLine: {'line': b'-- Up-to-date: /home/hjh/RMserial/install/def_msg/include/def_msg/def_msg/msg/detail/common_control__struct.h\n'}
[0.317532] (def_msg) StdoutLine: {'line': b'-- Up-to-date: /home/hjh/RMserial/install/def_msg/include/def_msg/def_msg/msg/detail/gimble_position__type_support.h\n'}
[0.317568] (def_msg) StdoutLine: {'line': b'-- Up-to-date: /home/hjh/RMserial/install/def_msg/include/def_msg/def_msg/msg/detail/em_control__type_support.h\n'}
[0.317604] (def_msg) StdoutLine: {'line': b'-- Up-to-date: /home/hjh/RMserial/install/def_msg/include/def_msg/def_msg/msg/detail/gimble_control__struct.h\n'}
[0.317638] (def_msg) StdoutLine: {'line': b'-- Up-to-date: /home/hjh/RMserial/install/def_msg/include/def_msg/def_msg/msg/detail/gobal_information__struct.h\n'}
[0.317711] (def_msg) StdoutLine: {'line': b'-- Up-to-date: /home/hjh/RMserial/install/def_msg/include/def_msg/def_msg/msg/detail/em_control__struct.h\n'}
[0.317748] (def_msg) StdoutLine: {'line': b'-- Up-to-date: /home/hjh/RMserial/install/def_msg/include/def_msg/def_msg/msg/detail/gimble_control__functions.h\n'}
[0.317784] (def_msg) StdoutLine: {'line': b'-- Up-to-date: /home/hjh/RMserial/install/def_msg/include/def_msg/def_msg/msg/detail/common_control__functions.h\n'}
[0.317817] (def_msg) StdoutLine: {'line': b'-- Up-to-date: /home/hjh/RMserial/install/def_msg/include/def_msg/def_msg/msg/detail/em_control__functions.c\n'}
[0.317850] (def_msg) StdoutLine: {'line': b'-- Up-to-date: /home/hjh/RMserial/install/def_msg/include/def_msg/def_msg/msg/detail/gobal_information__functions.h\n'}
[0.317884] (def_msg) StdoutLine: {'line': b'-- Up-to-date: /home/hjh/RMserial/install/def_msg/include/def_msg/def_msg/msg/detail/gimble_control__functions.c\n'}
[0.317917] (def_msg) StdoutLine: {'line': b'-- Up-to-date: /home/hjh/RMserial/install/def_msg/include/def_msg/def_msg/msg/detail/gimble_control__type_support.h\n'}
[0.317952] (def_msg) StdoutLine: {'line': b'-- Up-to-date: /home/hjh/RMserial/install/def_msg/include/def_msg/def_msg/msg/detail/gobal_information__type_support.h\n'}
[0.317987] (def_msg) StdoutLine: {'line': b'-- Up-to-date: /home/hjh/RMserial/install/def_msg/include/def_msg/def_msg/msg/detail/common_control__functions.c\n'}
[0.318020] (def_msg) StdoutLine: {'line': b'-- Up-to-date: /home/hjh/RMserial/install/def_msg/include/def_msg/def_msg/msg/detail/gimble_position__functions.c\n'}
[0.318055] (def_msg) StdoutLine: {'line': b'-- Up-to-date: /home/hjh/RMserial/install/def_msg/include/def_msg/def_msg/msg/common_control.h\n'}
[0.318096] (def_msg) StdoutLine: {'line': b'-- Up-to-date: /home/hjh/RMserial/install/def_msg/include/def_msg/def_msg/msg/gobal_information.h\n'}
[0.318131] (def_msg) StdoutLine: {'line': b'-- Up-to-date: /home/hjh/RMserial/install/def_msg/include/def_msg/def_msg/msg/gimble_position.h\n'}
[0.318166] (def_msg) StdoutLine: {'line': b'-- Up-to-date: /home/hjh/RMserial/install/def_msg/include/def_msg/def_msg/action\n'}
[0.318201] (def_msg) StdoutLine: {'line': b'-- Up-to-date: /home/hjh/RMserial/install/def_msg/include/def_msg/def_msg/action/detail\n'}
[0.318234] (def_msg) StdoutLine: {'line': b'-- Up-to-date: /home/hjh/RMserial/install/def_msg/include/def_msg/def_msg/action/detail/nav_pose__type_support.h\n'}
[0.318269] (def_msg) StdoutLine: {'line': b'-- Up-to-date: /home/hjh/RMserial/install/def_msg/include/def_msg/def_msg/action/detail/nav_pose__struct.h\n'}
[0.318302] (def_msg) StdoutLine: {'line': b'-- Up-to-date: /home/hjh/RMserial/install/def_msg/include/def_msg/def_msg/action/detail/nav_pose__functions.h\n'}
[0.318336] (def_msg) StdoutLine: {'line': b'-- Up-to-date: /home/hjh/RMserial/install/def_msg/include/def_msg/def_msg/action/detail/nav_pose__functions.c\n'}
[0.318368] (def_msg) StdoutLine: {'line': b'-- Up-to-date: /home/hjh/RMserial/install/def_msg/include/def_msg/def_msg/action/nav_pose.h\n'}
[0.318402] (def_msg) StdoutLine: {'line': b'-- Up-to-date: /home/hjh/RMserial/install/def_msg/share/def_msg/environment/library_path.sh\n'}
[0.318515] (def_msg) StdoutLine: {'line': b'-- Up-to-date: /home/hjh/RMserial/install/def_msg/share/def_msg/environment/library_path.dsv\n'}
[0.318550] (def_msg) StdoutLine: {'line': b'-- Up-to-date: /home/hjh/RMserial/install/def_msg/lib/libdef_msg__rosidl_generator_c.so\n'}
[0.318584] (def_msg) StdoutLine: {'line': b'-- Up-to-date: /home/hjh/RMserial/install/def_msg/include/def_msg/def_msg\n'}
[0.318618] (def_msg) StdoutLine: {'line': b'-- Up-to-date: /home/hjh/RMserial/install/def_msg/include/def_msg/def_msg/srv\n'}
[0.318652] (def_msg) StdoutLine: {'line': b'-- Up-to-date: /home/hjh/RMserial/install/def_msg/include/def_msg/def_msg/srv/detail\n'}
[0.318685] (def_msg) StdoutLine: {'line': b'-- Up-to-date: /home/hjh/RMserial/install/def_msg/include/def_msg/def_msg/srv/detail/controller_mode_set__rosidl_typesupport_fastrtps_c.h\n'}
[0.318721] (def_msg) StdoutLine: {'line': b'-- Up-to-date: /home/hjh/RMserial/install/def_msg/include/def_msg/def_msg/srv/detail/heart_beat__rosidl_typesupport_fastrtps_c.h\n'}
[0.318861] (def_msg) StdoutLine: {'line': b'-- Up-to-date: /home/hjh/RMserial/install/def_msg/include/def_msg/def_msg/msg\n'}
[0.318899] (def_msg) StdoutLine: {'line': b'-- Up-to-date: /home/hjh/RMserial/install/def_msg/include/def_msg/def_msg/msg/detail\n'}
[0.318933] (def_msg) StdoutLine: {'line': b'-- Up-to-date: /home/hjh/RMserial/install/def_msg/include/def_msg/def_msg/msg/detail/gimble_control__rosidl_typesupport_fastrtps_c.h\n'}
[0.318969] (def_msg) StdoutLine: {'line': b'-- Up-to-date: /home/hjh/RMserial/install/def_msg/include/def_msg/def_msg/msg/detail/gimble_position__rosidl_typesupport_fastrtps_c.h\n'}
[0.319002] (def_msg) StdoutLine: {'line': b'-- Up-to-date: /home/hjh/RMserial/install/def_msg/include/def_msg/def_msg/msg/detail/em_control__rosidl_typesupport_fastrtps_c.h\n'}
[0.319035] (def_msg) StdoutLine: {'line': b'-- Up-to-date: /home/hjh/RMserial/install/def_msg/include/def_msg/def_msg/msg/detail/gobal_information__rosidl_typesupport_fastrtps_c.h\n'}
[0.319074] (def_msg) StdoutLine: {'line': b'-- Up-to-date: /home/hjh/RMserial/install/def_msg/include/def_msg/def_msg/msg/detail/common_control__rosidl_typesupport_fastrtps_c.h\n'}
[0.319110] (def_msg) StdoutLine: {'line': b'-- Up-to-date: /home/hjh/RMserial/install/def_msg/include/def_msg/def_msg/msg/rosidl_typesupport_fastrtps_c__visibility_control.h\n'}
[0.319143] (def_msg) StdoutLine: {'line': b'-- Up-to-date: /home/hjh/RMserial/install/def_msg/include/def_msg/def_msg/action\n'}
[0.319176] (def_msg) StdoutLine: {'line': b'-- Up-to-date: /home/hjh/RMserial/install/def_msg/include/def_msg/def_msg/action/detail\n'}
[0.319297] (def_msg) StdoutLine: {'line': b'-- Up-to-date: /home/hjh/RMserial/install/def_msg/include/def_msg/def_msg/action/detail/nav_pose__rosidl_typesupport_fastrtps_c.h\n'}
[0.319332] (def_msg) StdoutLine: {'line': b'-- Up-to-date: /home/hjh/RMserial/install/def_msg/lib/libdef_msg__rosidl_typesupport_fastrtps_c.so\n'}
[0.319401] (def_msg) StdoutLine: {'line': b'-- Up-to-date: /home/hjh/RMserial/install/def_msg/include/def_msg/def_msg\n'}
[0.319435] (def_msg) StdoutLine: {'line': b'-- Up-to-date: /home/hjh/RMserial/install/def_msg/include/def_msg/def_msg/srv\n'}
[0.319468] (def_msg) StdoutLine: {'line': b'-- Up-to-date: /home/hjh/RMserial/install/def_msg/include/def_msg/def_msg/srv/heart_beat.hpp\n'}
[0.319500] (def_msg) StdoutLine: {'line': b'-- Up-to-date: /home/hjh/RMserial/install/def_msg/include/def_msg/def_msg/srv/detail\n'}
[0.319531] (def_msg) StdoutLine: {'line': b'-- Up-to-date: /home/hjh/RMserial/install/def_msg/include/def_msg/def_msg/srv/detail/controller_mode_set__traits.hpp\n'}
[0.319563] (def_msg) StdoutLine: {'line': b'-- Up-to-date: /home/hjh/RMserial/install/def_msg/include/def_msg/def_msg/srv/detail/controller_mode_set__type_support.hpp\n'}
[0.319612] (def_msg) StdoutLine: {'line': b'-- Up-to-date: /home/hjh/RMserial/install/def_msg/include/def_msg/def_msg/srv/detail/heart_beat__type_support.hpp\n'}
[0.319644] (def_msg) StdoutLine: {'line': b'-- Up-to-date: /home/hjh/RMserial/install/def_msg/include/def_msg/def_msg/srv/detail/heart_beat__struct.hpp\n'}
[0.319724] (def_msg) StdoutLine: {'line': b'-- Up-to-date: /home/hjh/RMserial/install/def_msg/include/def_msg/def_msg/srv/detail/heart_beat__traits.hpp\n'}
[0.319760] (def_msg) StdoutLine: {'line': b'-- Up-to-date: /home/hjh/RMserial/install/def_msg/include/def_msg/def_msg/srv/detail/heart_beat__builder.hpp\n'}
[0.319793] (def_msg) StdoutLine: {'line': b'-- Up-to-date: /home/hjh/RMserial/install/def_msg/include/def_msg/def_msg/srv/detail/controller_mode_set__builder.hpp\n'}
[0.319826] (def_msg) StdoutLine: {'line': b'-- Up-to-date: /home/hjh/RMserial/install/def_msg/include/def_msg/def_msg/srv/detail/controller_mode_set__struct.hpp\n'}
[0.319861] (def_msg) StdoutLine: {'line': b'-- Up-to-date: /home/hjh/RMserial/install/def_msg/include/def_msg/def_msg/srv/controller_mode_set.hpp\n'}
[0.319894] (def_msg) StdoutLine: {'line': b'-- Up-to-date: /home/hjh/RMserial/install/def_msg/include/def_msg/def_msg/msg\n'}
[0.319927] (def_msg) StdoutLine: {'line': b'-- Up-to-date: /home/hjh/RMserial/install/def_msg/include/def_msg/def_msg/msg/gimble_position.hpp\n'}
[0.319959] (def_msg) StdoutLine: {'line': b'-- Up-to-date: /home/hjh/RMserial/install/def_msg/include/def_msg/def_msg/msg/detail\n'}
[0.319992] (def_msg) StdoutLine: {'line': b'-- Up-to-date: /home/hjh/RMserial/install/def_msg/include/def_msg/def_msg/msg/detail/common_control__builder.hpp\n'}
[0.320025] (def_msg) StdoutLine: {'line': b'-- Up-to-date: /home/hjh/RMserial/install/def_msg/include/def_msg/def_msg/msg/detail/common_control__type_support.hpp\n'}
[0.320058] (def_msg) StdoutLine: {'line': b'-- Up-to-date: /home/hjh/RMserial/install/def_msg/include/def_msg/def_msg/msg/detail/gobal_information__type_support.hpp\n'}
[0.320096] (def_msg) StdoutLine: {'line': b'-- Up-to-date: /home/hjh/RMserial/install/def_msg/include/def_msg/def_msg/msg/detail/gimble_control__builder.hpp\n'}
[0.320128] (def_msg) StdoutLine: {'line': b'-- Up-to-date: /home/hjh/RMserial/install/def_msg/include/def_msg/def_msg/msg/detail/gobal_information__struct.hpp\n'}
[0.320162] (def_msg) StdoutLine: {'line': b'-- Up-to-date: /home/hjh/RMserial/install/def_msg/include/def_msg/def_msg/msg/detail/em_control__builder.hpp\n'}
[0.320196] (def_msg) StdoutLine: {'line': b'-- Up-to-date: /home/hjh/RMserial/install/def_msg/include/def_msg/def_msg/msg/detail/em_control__type_support.hpp\n'}
[0.320267] (def_msg) StdoutLine: {'line': b'-- Up-to-date: /home/hjh/RMserial/install/def_msg/include/def_msg/def_msg/msg/detail/gimble_position__struct.hpp\n'}
[0.320302] (def_msg) StdoutLine: {'line': b'-- Up-to-date: /home/hjh/RMserial/install/def_msg/include/def_msg/def_msg/msg/detail/em_control__traits.hpp\n'}
[0.320335] (def_msg) StdoutLine: {'line': b'-- Up-to-date: /home/hjh/RMserial/install/def_msg/include/def_msg/def_msg/msg/detail/gimble_control__struct.hpp\n'}
[0.320369] (def_msg) StdoutLine: {'line': b'-- Up-to-date: /home/hjh/RMserial/install/def_msg/include/def_msg/def_msg/msg/detail/gimble_control__traits.hpp\n'}
[0.320403] (def_msg) StdoutLine: {'line': b'-- Up-to-date: /home/hjh/RMserial/install/def_msg/include/def_msg/def_msg/msg/detail/gimble_position__type_support.hpp\n'}
[0.320436] (def_msg) StdoutLine: {'line': b'-- Up-to-date: /home/hjh/RMserial/install/def_msg/include/def_msg/def_msg/msg/detail/gobal_information__traits.hpp\n'}
[0.320469] (def_msg) StdoutLine: {'line': b'-- Up-to-date: /home/hjh/RMserial/install/def_msg/include/def_msg/def_msg/msg/detail/gobal_information__builder.hpp\n'}
[0.320502] (def_msg) StdoutLine: {'line': b'-- Up-to-date: /home/hjh/RMserial/install/def_msg/include/def_msg/def_msg/msg/detail/common_control__struct.hpp\n'}
[0.320534] (def_msg) StdoutLine: {'line': b'-- Up-to-date: /home/hjh/RMserial/install/def_msg/include/def_msg/def_msg/msg/detail/gimble_position__traits.hpp\n'}
[0.320566] (def_msg) StdoutLine: {'line': b'-- Up-to-date: /home/hjh/RMserial/install/def_msg/include/def_msg/def_msg/msg/detail/gimble_position__builder.hpp\n'}
[0.320597] (def_msg) StdoutLine: {'line': b'-- Up-to-date: /home/hjh/RMserial/install/def_msg/include/def_msg/def_msg/msg/detail/gimble_control__type_support.hpp\n'}
[0.320631] (def_msg) StdoutLine: {'line': b'-- Up-to-date: /home/hjh/RMserial/install/def_msg/include/def_msg/def_msg/msg/detail/em_control__struct.hpp\n'}
[0.320662] (def_msg) StdoutLine: {'line': b'-- Up-to-date: /home/hjh/RMserial/install/def_msg/include/def_msg/def_msg/msg/detail/common_control__traits.hpp\n'}
[0.320738] (def_msg) StdoutLine: {'line': b'-- Up-to-date: /home/hjh/RMserial/install/def_msg/include/def_msg/def_msg/msg/em_control.hpp\n'}
[0.320768] (def_msg) StdoutLine: {'line': b'-- Up-to-date: /home/hjh/RMserial/install/def_msg/include/def_msg/def_msg/msg/gobal_information.hpp\n'}
[0.320800] (def_msg) StdoutLine: {'line': b'-- Up-to-date: /home/hjh/RMserial/install/def_msg/include/def_msg/def_msg/msg/rosidl_generator_cpp__visibility_control.hpp\n'}
[0.320830] (def_msg) StdoutLine: {'line': b'-- Up-to-date: /home/hjh/RMserial/install/def_msg/include/def_msg/def_msg/msg/gimble_control.hpp\n'}
[0.320862] (def_msg) StdoutLine: {'line': b'-- Up-to-date: /home/hjh/RMserial/install/def_msg/include/def_msg/def_msg/msg/common_control.hpp\n'}
[0.320892] (def_msg) StdoutLine: {'line': b'-- Up-to-date: /home/hjh/RMserial/install/def_msg/include/def_msg/def_msg/action\n'}
[0.320921] (def_msg) StdoutLine: {'line': b'-- Up-to-date: /home/hjh/RMserial/install/def_msg/include/def_msg/def_msg/action/detail\n'}
[0.320950] (def_msg) StdoutLine: {'line': b'-- Up-to-date: /home/hjh/RMserial/install/def_msg/include/def_msg/def_msg/action/detail/nav_pose__type_support.hpp\n'}
[0.320982] (def_msg) StdoutLine: {'line': b'-- Up-to-date: /home/hjh/RMserial/install/def_msg/include/def_msg/def_msg/action/detail/nav_pose__struct.hpp\n'}
[0.321011] (def_msg) StdoutLine: {'line': b'-- Up-to-date: /home/hjh/RMserial/install/def_msg/include/def_msg/def_msg/action/detail/nav_pose__traits.hpp\n'}
[0.321042] (def_msg) StdoutLine: {'line': b'-- Up-to-date: /home/hjh/RMserial/install/def_msg/include/def_msg/def_msg/action/detail/nav_pose__builder.hpp\n'}
[0.321078] (def_msg) StdoutLine: {'line': b'-- Up-to-date: /home/hjh/RMserial/install/def_msg/include/def_msg/def_msg/action/nav_pose.hpp\n'}
[0.321112] (def_msg) StdoutLine: {'line': b'-- Up-to-date: /home/hjh/RMserial/install/def_msg/include/def_msg/def_msg\n'}
[0.321144] (def_msg) StdoutLine: {'line': b'-- Up-to-date: /home/hjh/RMserial/install/def_msg/include/def_msg/def_msg/srv\n'}
[0.321176] (def_msg) StdoutLine: {'line': b'-- Up-to-date: /home/hjh/RMserial/install/def_msg/include/def_msg/def_msg/srv/detail\n'}
[0.321208] (def_msg) StdoutLine: {'line': b'-- Up-to-date: /home/hjh/RMserial/install/def_msg/include/def_msg/def_msg/srv/detail/dds_fastrtps\n'}
[0.321241] (def_msg) StdoutLine: {'line': b'-- Up-to-date: /home/hjh/RMserial/install/def_msg/include/def_msg/def_msg/srv/detail/controller_mode_set__rosidl_typesupport_fastrtps_cpp.hpp\n'}
[0.321273] (def_msg) StdoutLine: {'line': b'-- Up-to-date: /home/hjh/RMserial/install/def_msg/include/def_msg/def_msg/srv/detail/heart_beat__rosidl_typesupport_fastrtps_cpp.hpp\n'}
[0.321304] (def_msg) StdoutLine: {'line': b'-- Up-to-date: /home/hjh/RMserial/install/def_msg/include/def_msg/def_msg/msg\n'}
[0.321333] (def_msg) StdoutLine: {'line': b'-- Up-to-date: /home/hjh/RMserial/install/def_msg/include/def_msg/def_msg/msg/detail\n'}
[0.321362] (def_msg) StdoutLine: {'line': b'-- Up-to-date: /home/hjh/RMserial/install/def_msg/include/def_msg/def_msg/msg/detail/dds_fastrtps\n'}
[0.321391] (def_msg) StdoutLine: {'line': b'-- Up-to-date: /home/hjh/RMserial/install/def_msg/include/def_msg/def_msg/msg/detail/em_control__rosidl_typesupport_fastrtps_cpp.hpp\n'}
[0.321425] (def_msg) StdoutLine: {'line': b'-- Up-to-date: /home/hjh/RMserial/install/def_msg/include/def_msg/def_msg/msg/detail/gobal_information__rosidl_typesupport_fastrtps_cpp.hpp\n'}
[0.321455] (def_msg) StdoutLine: {'line': b'-- Up-to-date: /home/hjh/RMserial/install/def_msg/include/def_msg/def_msg/msg/detail/gimble_position__rosidl_typesupport_fastrtps_cpp.hpp\n'}
[0.321486] (def_msg) StdoutLine: {'line': b'-- Up-to-date: /home/hjh/RMserial/install/def_msg/include/def_msg/def_msg/msg/detail/common_control__rosidl_typesupport_fastrtps_cpp.hpp\n'}
[0.321515] (def_msg) StdoutLine: {'line': b'-- Up-to-date: /home/hjh/RMserial/install/def_msg/include/def_msg/def_msg/msg/detail/gimble_control__rosidl_typesupport_fastrtps_cpp.hpp\n'}
[0.321546] (def_msg) StdoutLine: {'line': b'-- Up-to-date: /home/hjh/RMserial/install/def_msg/include/def_msg/def_msg/msg/rosidl_typesupport_fastrtps_cpp__visibility_control.h\n'}
[0.321574] (def_msg) StdoutLine: {'line': b'-- Up-to-date: /home/hjh/RMserial/install/def_msg/include/def_msg/def_msg/action\n'}
[0.321604] (def_msg) StdoutLine: {'line': b'-- Up-to-date: /home/hjh/RMserial/install/def_msg/include/def_msg/def_msg/action/detail\n'}
[0.321636] (def_msg) StdoutLine: {'line': b'-- Up-to-date: /home/hjh/RMserial/install/def_msg/include/def_msg/def_msg/action/detail/dds_fastrtps\n'}
[0.321665] (def_msg) StdoutLine: {'line': b'-- Up-to-date: /home/hjh/RMserial/install/def_msg/include/def_msg/def_msg/action/detail/nav_pose__rosidl_typesupport_fastrtps_cpp.hpp\n'}
[0.321694] (def_msg) StdoutLine: {'line': b'-- Up-to-date: /home/hjh/RMserial/install/def_msg/lib/libdef_msg__rosidl_typesupport_fastrtps_cpp.so\n'}
[0.321722] (def_msg) StdoutLine: {'line': b'-- Up-to-date: /home/hjh/RMserial/install/def_msg/include/def_msg/def_msg\n'}
[0.321751] (def_msg) StdoutLine: {'line': b'-- Up-to-date: /home/hjh/RMserial/install/def_msg/include/def_msg/def_msg/srv\n'}
[0.321780] (def_msg) StdoutLine: {'line': b'-- Up-to-date: /home/hjh/RMserial/install/def_msg/include/def_msg/def_msg/srv/detail\n'}
[0.321807] (def_msg) StdoutLine: {'line': b'-- Up-to-date: /home/hjh/RMserial/install/def_msg/include/def_msg/def_msg/srv/detail/heart_beat__type_support.c\n'}
[0.321835] (def_msg) StdoutLine: {'line': b'-- Up-to-date: /home/hjh/RMserial/install/def_msg/include/def_msg/def_msg/srv/detail/controller_mode_set__rosidl_typesupport_introspection_c.h\n'}
[0.321864] (def_msg) StdoutLine: {'line': b'-- Up-to-date: /home/hjh/RMserial/install/def_msg/include/def_msg/def_msg/srv/detail/controller_mode_set__type_support.c\n'}
[0.321893] (def_msg) StdoutLine: {'line': b'-- Up-to-date: /home/hjh/RMserial/install/def_msg/include/def_msg/def_msg/srv/detail/heart_beat__rosidl_typesupport_introspection_c.h\n'}
[0.321930] (def_msg) StdoutLine: {'line': b'-- Up-to-date: /home/hjh/RMserial/install/def_msg/include/def_msg/def_msg/msg\n'}
[0.321959] (def_msg) StdoutLine: {'line': b'-- Up-to-date: /home/hjh/RMserial/install/def_msg/include/def_msg/def_msg/msg/detail\n'}
[0.321987] (def_msg) StdoutLine: {'line': b'-- Up-to-date: /home/hjh/RMserial/install/def_msg/include/def_msg/def_msg/msg/detail/common_control__rosidl_typesupport_introspection_c.h\n'}
[0.322015] (def_msg) StdoutLine: {'line': b'-- Up-to-date: /home/hjh/RMserial/install/def_msg/include/def_msg/def_msg/msg/detail/gobal_information__type_support.c\n'}
[0.322043] (def_msg) StdoutLine: {'line': b'-- Up-to-date: /home/hjh/RMserial/install/def_msg/include/def_msg/def_msg/msg/detail/common_control__type_support.c\n'}
[0.322104] (def_msg) StdoutLine: {'line': b'-- Up-to-date: /home/hjh/RMserial/install/def_msg/include/def_msg/def_msg/msg/detail/gimble_control__type_support.c\n'}
[0.322140] (def_msg) StdoutLine: {'line': b'-- Up-to-date: /home/hjh/RMserial/install/def_msg/include/def_msg/def_msg/msg/detail/gobal_information__rosidl_typesupport_introspection_c.h\n'}
[0.322170] (def_msg) StdoutLine: {'line': b'-- Up-to-date: /home/hjh/RMserial/install/def_msg/include/def_msg/def_msg/msg/detail/gimble_position__rosidl_typesupport_introspection_c.h\n'}
[0.322199] (def_msg) StdoutLine: {'line': b'-- Up-to-date: /home/hjh/RMserial/install/def_msg/include/def_msg/def_msg/msg/detail/em_control__type_support.c\n'}
[0.322228] (def_msg) StdoutLine: {'line': b'-- Up-to-date: /home/hjh/RMserial/install/def_msg/include/def_msg/def_msg/msg/detail/em_control__rosidl_typesupport_introspection_c.h\n'}
[0.322257] (def_msg) StdoutLine: {'line': b'-- Up-to-date: /home/hjh/RMserial/install/def_msg/include/def_msg/def_msg/msg/detail/gimble_control__rosidl_typesupport_introspection_c.h\n'}
[0.322288] (def_msg) StdoutLine: {'line': b'-- Up-to-date: /home/hjh/RMserial/install/def_msg/include/def_msg/def_msg/msg/detail/gimble_position__type_support.c\n'}
[0.322318] (def_msg) StdoutLine: {'line': b'-- Up-to-date: /home/hjh/RMserial/install/def_msg/include/def_msg/def_msg/msg/rosidl_typesupport_introspection_c__visibility_control.h\n'}
[0.322346] (def_msg) StdoutLine: {'line': b'-- Up-to-date: /home/hjh/RMserial/install/def_msg/include/def_msg/def_msg/action\n'}
[0.322373] (def_msg) StdoutLine: {'line': b'-- Up-to-date: /home/hjh/RMserial/install/def_msg/include/def_msg/def_msg/action/detail\n'}
[0.322401] (def_msg) StdoutLine: {'line': b'-- Up-to-date: /home/hjh/RMserial/install/def_msg/include/def_msg/def_msg/action/detail/nav_pose__type_support.c\n'}
[0.322432] (def_msg) StdoutLine: {'line': b'-- Up-to-date: /home/hjh/RMserial/install/def_msg/include/def_msg/def_msg/action/detail/nav_pose__rosidl_typesupport_introspection_c.h\n'}
[0.322461] (def_msg) StdoutLine: {'line': b'-- Up-to-date: /home/hjh/RMserial/install/def_msg/lib/libdef_msg__rosidl_typesupport_introspection_c.so\n'}
[0.322488] (def_msg) StdoutLine: {'line': b'-- Up-to-date: /home/hjh/RMserial/install/def_msg/lib/libdef_msg__rosidl_typesupport_c.so\n'}
[0.322517] (def_msg) StdoutLine: {'line': b'-- Up-to-date: /home/hjh/RMserial/install/def_msg/include/def_msg/def_msg\n'}
[0.322546] (def_msg) StdoutLine: {'line': b'-- Up-to-date: /home/hjh/RMserial/install/def_msg/include/def_msg/def_msg/srv\n'}
[0.322577] (def_msg) StdoutLine: {'line': b'-- Up-to-date: /home/hjh/RMserial/install/def_msg/include/def_msg/def_msg/srv/detail\n'}
[0.322605] (def_msg) StdoutLine: {'line': b'-- Up-to-date: /home/hjh/RMserial/install/def_msg/include/def_msg/def_msg/srv/detail/controller_mode_set__rosidl_typesupport_introspection_cpp.hpp\n'}
[0.322634] (def_msg) StdoutLine: {'line': b'-- Up-to-date: /home/hjh/RMserial/install/def_msg/include/def_msg/def_msg/srv/detail/heart_beat__type_support.cpp\n'}
[0.322663] (def_msg) StdoutLine: {'line': b'-- Up-to-date: /home/hjh/RMserial/install/def_msg/include/def_msg/def_msg/srv/detail/heart_beat__rosidl_typesupport_introspection_cpp.hpp\n'}
[0.322692] (def_msg) StdoutLine: {'line': b'-- Up-to-date: /home/hjh/RMserial/install/def_msg/include/def_msg/def_msg/srv/detail/controller_mode_set__type_support.cpp\n'}
[0.322721] (def_msg) StdoutLine: {'line': b'-- Up-to-date: /home/hjh/RMserial/install/def_msg/include/def_msg/def_msg/msg\n'}
[0.322751] (def_msg) StdoutLine: {'line': b'-- Up-to-date: /home/hjh/RMserial/install/def_msg/include/def_msg/def_msg/msg/detail\n'}
[0.322780] (def_msg) StdoutLine: {'line': b'-- Up-to-date: /home/hjh/RMserial/install/def_msg/include/def_msg/def_msg/msg/detail/gobal_information__rosidl_typesupport_introspection_cpp.hpp\n'}
[0.322810] (def_msg) StdoutLine: {'line': b'-- Up-to-date: /home/hjh/RMserial/install/def_msg/include/def_msg/def_msg/msg/detail/gimble_position__type_support.cpp\n'}
[0.322843] (def_msg) StdoutLine: {'line': b'-- Up-to-date: /home/hjh/RMserial/install/def_msg/include/def_msg/def_msg/msg/detail/gimble_control__rosidl_typesupport_introspection_cpp.hpp\n'}
[0.322872] (def_msg) StdoutLine: {'line': b'-- Up-to-date: /home/hjh/RMserial/install/def_msg/include/def_msg/def_msg/msg/detail/common_control__type_support.cpp\n'}
[0.322901] (def_msg) StdoutLine: {'line': b'-- Up-to-date: /home/hjh/RMserial/install/def_msg/include/def_msg/def_msg/msg/detail/gobal_information__type_support.cpp\n'}
[0.322930] (def_msg) StdoutLine: {'line': b'-- Up-to-date: /home/hjh/RMserial/install/def_msg/include/def_msg/def_msg/msg/detail/em_control__type_support.cpp\n'}
[0.322958] (def_msg) StdoutLine: {'line': b'-- Up-to-date: /home/hjh/RMserial/install/def_msg/include/def_msg/def_msg/msg/detail/em_control__rosidl_typesupport_introspection_cpp.hpp\n'}
[0.322992] (def_msg) StdoutLine: {'line': b'-- Up-to-date: /home/hjh/RMserial/install/def_msg/include/def_msg/def_msg/msg/detail/gimble_position__rosidl_typesupport_introspection_cpp.hpp\n'}
[0.323022] (def_msg) StdoutLine: {'line': b'-- Up-to-date: /home/hjh/RMserial/install/def_msg/include/def_msg/def_msg/msg/detail/gimble_control__type_support.cpp\n'}
[0.323050] (def_msg) StdoutLine: {'line': b'-- Up-to-date: /home/hjh/RMserial/install/def_msg/include/def_msg/def_msg/msg/detail/common_control__rosidl_typesupport_introspection_cpp.hpp\n'}
[0.323085] (def_msg) StdoutLine: {'line': b'-- Up-to-date: /home/hjh/RMserial/install/def_msg/include/def_msg/def_msg/action\n'}
[0.323117] (def_msg) StdoutLine: {'line': b'-- Up-to-date: /home/hjh/RMserial/install/def_msg/include/def_msg/def_msg/action/detail\n'}
[0.323145] (def_msg) StdoutLine: {'line': b'-- Up-to-date: /home/hjh/RMserial/install/def_msg/include/def_msg/def_msg/action/detail/nav_pose__rosidl_typesupport_introspection_cpp.hpp\n'}
[0.323173] (def_msg) StdoutLine: {'line': b'-- Up-to-date: /home/hjh/RMserial/install/def_msg/include/def_msg/def_msg/action/detail/nav_pose__type_support.cpp\n'}
[0.323200] (def_msg) StdoutLine: {'line': b'-- Up-to-date: /home/hjh/RMserial/install/def_msg/lib/libdef_msg__rosidl_typesupport_introspection_cpp.so\n'}
[0.323228] (def_msg) StdoutLine: {'line': b'-- Up-to-date: /home/hjh/RMserial/install/def_msg/lib/libdef_msg__rosidl_typesupport_cpp.so\n'}
[0.323257] (def_msg) StdoutLine: {'line': b'-- Up-to-date: /home/hjh/RMserial/install/def_msg/share/def_msg/environment/pythonpath.sh\n'}
[0.323285] (def_msg) StdoutLine: {'line': b'-- Up-to-date: /home/hjh/RMserial/install/def_msg/share/def_msg/environment/pythonpath.dsv\n'}
[0.323313] (def_msg) StdoutLine: {'line': b'-- Up-to-date: /home/hjh/RMserial/install/def_msg/local/lib/python3.10/dist-packages/def_msg-0.0.0-py3.10.egg-info\n'}
[0.323342] (def_msg) StdoutLine: {'line': b'-- Installing: /home/hjh/RMserial/install/def_msg/local/lib/python3.10/dist-packages/def_msg-0.0.0-py3.10.egg-info/dependency_links.txt\n'}
[0.323370] (def_msg) StdoutLine: {'line': b'-- Installing: /home/hjh/RMserial/install/def_msg/local/lib/python3.10/dist-packages/def_msg-0.0.0-py3.10.egg-info/PKG-INFO\n'}
[0.323398] (def_msg) StdoutLine: {'line': b'-- Installing: /home/hjh/RMserial/install/def_msg/local/lib/python3.10/dist-packages/def_msg-0.0.0-py3.10.egg-info/SOURCES.txt\n'}
[0.323432] (def_msg) StdoutLine: {'line': b'-- Installing: /home/hjh/RMserial/install/def_msg/local/lib/python3.10/dist-packages/def_msg-0.0.0-py3.10.egg-info/top_level.txt\n'}
[0.323462] (def_msg) StdoutLine: {'line': b'-- Up-to-date: /home/hjh/RMserial/install/def_msg/local/lib/python3.10/dist-packages/def_msg\n'}
[0.323490] (def_msg) StdoutLine: {'line': b'-- Up-to-date: /home/hjh/RMserial/install/def_msg/local/lib/python3.10/dist-packages/def_msg/_def_msg_s.ep.rosidl_typesupport_c.c\n'}
[0.323519] (def_msg) StdoutLine: {'line': b'-- Up-to-date: /home/hjh/RMserial/install/def_msg/local/lib/python3.10/dist-packages/def_msg/def_msg_s__rosidl_typesupport_introspection_c.cpython-310-x86_64-linux-gnu.so\n'}
[0.323549] (def_msg) StdoutLine: {'line': b'-- Up-to-date: /home/hjh/RMserial/install/def_msg/local/lib/python3.10/dist-packages/def_msg/def_msg_s__rosidl_typesupport_fastrtps_c.cpython-310-x86_64-linux-gnu.so\n'}
[0.323579] (def_msg) StdoutLine: {'line': b'-- Up-to-date: /home/hjh/RMserial/install/def_msg/local/lib/python3.10/dist-packages/def_msg/_def_msg_s.ep.rosidl_typesupport_introspection_c.c\n'}
[0.323607] (def_msg) StdoutLine: {'line': b'-- Up-to-date: /home/hjh/RMserial/install/def_msg/local/lib/python3.10/dist-packages/def_msg/__init__.py\n'}
[0.323635] (def_msg) StdoutLine: {'line': b'-- Up-to-date: /home/hjh/RMserial/install/def_msg/local/lib/python3.10/dist-packages/def_msg/srv\n'}
[0.323667] (def_msg) StdoutLine: {'line': b'-- Up-to-date: /home/hjh/RMserial/install/def_msg/local/lib/python3.10/dist-packages/def_msg/srv/_heart_beat.py\n'}
[0.323695] (def_msg) StdoutLine: {'line': b'-- Up-to-date: /home/hjh/RMserial/install/def_msg/local/lib/python3.10/dist-packages/def_msg/srv/_controller_mode_set.py\n'}
[0.323724] (def_msg) StdoutLine: {'line': b'-- Up-to-date: /home/hjh/RMserial/install/def_msg/local/lib/python3.10/dist-packages/def_msg/srv/_heart_beat_s.c\n'}
[0.323758] (def_msg) StdoutLine: {'line': b'-- Up-to-date: /home/hjh/RMserial/install/def_msg/local/lib/python3.10/dist-packages/def_msg/srv/_controller_mode_set_s.c\n'}
[0.323788] (def_msg) StdoutLine: {'line': b'-- Up-to-date: /home/hjh/RMserial/install/def_msg/local/lib/python3.10/dist-packages/def_msg/srv/__init__.py\n'}
[0.323821] (def_msg) StdoutLine: {'line': b'-- Up-to-date: /home/hjh/RMserial/install/def_msg/local/lib/python3.10/dist-packages/def_msg/_def_msg_s.ep.rosidl_typesupport_fastrtps_c.c\n'}
[0.323855] (def_msg) StdoutLine: {'line': b'-- Up-to-date: /home/hjh/RMserial/install/def_msg/local/lib/python3.10/dist-packages/def_msg/def_msg_s__rosidl_typesupport_c.cpython-310-x86_64-linux-gnu.so\n'}
[0.323884] (def_msg) StdoutLine: {'line': b'-- Up-to-date: /home/hjh/RMserial/install/def_msg/local/lib/python3.10/dist-packages/def_msg/libdef_msg__rosidl_generator_py.so\n'}
[0.323913] (def_msg) StdoutLine: {'line': b'-- Up-to-date: /home/hjh/RMserial/install/def_msg/local/lib/python3.10/dist-packages/def_msg/msg\n'}
[0.323941] (def_msg) StdoutLine: {'line': b'-- Up-to-date: /home/hjh/RMserial/install/def_msg/local/lib/python3.10/dist-packages/def_msg/msg/_gobal_information_s.c\n'}
[0.323969] (def_msg) StdoutLine: {'line': b'-- Up-to-date: /home/hjh/RMserial/install/def_msg/local/lib/python3.10/dist-packages/def_msg/msg/_common_control.py\n'}
[0.323996] (def_msg) StdoutLine: {'line': b'-- Up-to-date: /home/hjh/RMserial/install/def_msg/local/lib/python3.10/dist-packages/def_msg/msg/_gimble_control_s.c\n'}
[0.324030] (def_msg) StdoutLine: {'line': b'-- Up-to-date: /home/hjh/RMserial/install/def_msg/local/lib/python3.10/dist-packages/def_msg/msg/_gimble_position_s.c\n'}
[0.324058] (def_msg) StdoutLine: {'line': b'-- Up-to-date: /home/hjh/RMserial/install/def_msg/local/lib/python3.10/dist-packages/def_msg/msg/__init__.py\n'}
[0.324093] (def_msg) StdoutLine: {'line': b'-- Up-to-date: /home/hjh/RMserial/install/def_msg/local/lib/python3.10/dist-packages/def_msg/msg/_common_control_s.c\n'}
[0.324121] (def_msg) StdoutLine: {'line': b'-- Up-to-date: /home/hjh/RMserial/install/def_msg/local/lib/python3.10/dist-packages/def_msg/msg/_gobal_information.py\n'}
[0.324151] (def_msg) StdoutLine: {'line': b'-- Up-to-date: /home/hjh/RMserial/install/def_msg/local/lib/python3.10/dist-packages/def_msg/msg/_gimble_position.py\n'}
[0.324179] (def_msg) StdoutLine: {'line': b'-- Up-to-date: /home/hjh/RMserial/install/def_msg/local/lib/python3.10/dist-packages/def_msg/msg/_em_control.py\n'}
[0.324209] (def_msg) StdoutLine: {'line': b'-- Up-to-date: /home/hjh/RMserial/install/def_msg/local/lib/python3.10/dist-packages/def_msg/msg/_em_control_s.c\n'}
[0.324237] (def_msg) StdoutLine: {'line': b'-- Up-to-date: /home/hjh/RMserial/install/def_msg/local/lib/python3.10/dist-packages/def_msg/msg/_gimble_control.py\n'}
[0.324264] (def_msg) StdoutLine: {'line': b'-- Up-to-date: /home/hjh/RMserial/install/def_msg/local/lib/python3.10/dist-packages/def_msg/action\n'}
[0.324292] (def_msg) StdoutLine: {'line': b'-- Up-to-date: /home/hjh/RMserial/install/def_msg/local/lib/python3.10/dist-packages/def_msg/action/__init__.py\n'}
[0.324319] (def_msg) StdoutLine: {'line': b'-- Up-to-date: /home/hjh/RMserial/install/def_msg/local/lib/python3.10/dist-packages/def_msg/action/_nav_pose_s.c\n'}
[0.324346] (def_msg) StdoutLine: {'line': b'-- Up-to-date: /home/hjh/RMserial/install/def_msg/local/lib/python3.10/dist-packages/def_msg/action/_nav_pose.py\n'}
[0.325111] (vision_msg) StdoutLine: {'line': b'[100%] Built target ament_cmake_python_build_vision_msg_egg\n'}
[0.329719] (vision_msg) CommandEnded: {'returncode': 0}
[0.330608] (vision_msg) JobProgress: {'identifier': 'vision_msg', 'progress': 'install'}
[0.331100] (vision_msg) Command: {'cmd': ['/usr/bin/cmake', '--install', '/home/hjh/RMserial/build/vision_msg'], 'cwd': '/home/hjh/RMserial/build/vision_msg', 'env': OrderedDict([('LESSOPEN', '| /usr/bin/lesspipe %s'), ('HTTPS_PROXY', 'http://127.0.0.1:7890/'), ('no_proxy', 'localhost,127.0.0.1,::1'), ('LANGUAGE', 'zh_CN:en'), ('USER', 'hjh'), ('LC_TIME', 'zh_CN.UTF-8'), ('all_proxy', 'socks://127.0.0.1:7890/'), ('XDG_SESSION_TYPE', 'wayland'), ('SHLVL', '1'), ('LD_LIBRARY_PATH', '/opt/ros/humble/opt/openvdb_vendor/lib:/home/hjh/ros2_ws/install/lib:/home/hjh/ros2_ws/install/lib:/usr/lib/x86_64-linux-gnu/gazebo-11/plugins:/opt/ros/humble/opt/rviz_ogre_vendor/lib:/opt/ros/humble/lib/x86_64-linux-gnu:/opt/ros/humble/lib'), ('HOME', '/home/hjh'), ('CONDA_SHLVL', '0'), ('DESKTOP_SESSION', 'ubuntu'), ('NO_PROXY', 'localhost,127.0.0.1,::1'), ('ROS_PYTHON_VERSION', '3'), ('GNOME_SHELL_SESSION_MODE', 'ubuntu'), ('GTK_MODULES', 'gail:atk-bridge'), ('LC_MONETARY', 'zh_CN.UTF-8'), ('DBUS_STARTER_BUS_TYPE', 'session'), ('SYSTEMD_EXEC_PID', '1784'), ('DBUS_SESSION_BUS_ADDRESS', 'unix:path=/run/user/1000/bus,guid=23506245021c0007447155ba69c24332'), ('COLORTERM', 'truecolor'), ('_CE_M', ''), ('IM_CONFIG_PHASE', '1'), ('WAYLAND_DISPLAY', 'wayland-0'), ('https_proxy', 'http://127.0.0.1:7890/'), ('ROS_DISTRO', 'humble'), ('GTK_IM_MODULE', 'fcitx'), ('LOGNAME', 'hjh'), ('ALL_PROXY', 'socks://127.0.0.1:7890/'), ('http_proxy', 'http://127.0.0.1:7890/'), ('_', '/usr/bin/colcon'), ('ROS_VERSION', '2'), ('XDG_SESSION_CLASS', 'user'), ('USERNAME', 'hjh'), ('TERM', 'xterm-256color'), ('GNOME_DESKTOP_SESSION_ID', 'this-is-deprecated'), ('_CE_CONDA', ''), ('ROS_LOCALHOST_ONLY', '0'), ('PATH', '/home/hjh/miniconda3/condabin:/opt/ros/humble/bin:/home/hjh/.local/bin:/usr/local/sbin:/usr/local/bin:/usr/sbin:/usr/bin:/sbin:/bin:/usr/games:/usr/local/games:/snap/bin:/snap/bin'), ('SESSION_MANAGER', 'local/hjh-Lenovo-G5000-IRH8:@/tmp/.ICE-unix/1784,unix/hjh-Lenovo-G5000-IRH8:/tmp/.ICE-unix/1784'), ('PAPERSIZE', 'a4'), ('XDG_MENU_PREFIX', 'gnome-'), ('LC_ADDRESS', 'zh_CN.UTF-8'), ('GNOME_TERMINAL_SCREEN', '/org/gnome/Terminal/screen/e73f2372_e141_489a_a74e_9a18388fb53f'), ('GNOME_SETUP_DISPLAY', ':1'), ('XDG_RUNTIME_DIR', '/run/user/1000'), ('DISPLAY', ':0'), ('LANG', 'zh_CN.UTF-8'), ('XDG_CURRENT_DESKTOP', 'ubuntu:GNOME'), ('LC_TELEPHONE', 'zh_CN.UTF-8'), ('XMODIFIERS', '@im=fcitx'), ('XDG_SESSION_DESKTOP', 'ubuntu'), ('XAUTHORITY', '/run/user/1000/.mutter-Xwaylandauth.8265M3'), ('LS_COLORS', 'rs=0:di=01;34:ln=01;36:mh=00:pi=40;33:so=01;35:do=01;35:bd=40;33;01:cd=40;33;01:or=40;31;01:mi=00:su=37;41:sg=30;43:ca=30;41:tw=30;42:ow=34;42:st=37;44:ex=01;32:*.tar=01;31:*.tgz=01;31:*.arc=01;31:*.arj=01;31:*.taz=01;31:*.lha=01;31:*.lz4=01;31:*.lzh=01;31:*.lzma=01;31:*.tlz=01;31:*.txz=01;31:*.tzo=01;31:*.t7z=01;31:*.zip=01;31:*.z=01;31:*.dz=01;31:*.gz=01;31:*.lrz=01;31:*.lz=01;31:*.lzo=01;31:*.xz=01;31:*.zst=01;31:*.tzst=01;31:*.bz2=01;31:*.bz=01;31:*.tbz=01;31:*.tbz2=01;31:*.tz=01;31:*.deb=01;31:*.rpm=01;31:*.jar=01;31:*.war=01;31:*.ear=01;31:*.sar=01;31:*.rar=01;31:*.alz=01;31:*.ace=01;31:*.zoo=01;31:*.cpio=01;31:*.7z=01;31:*.rz=01;31:*.cab=01;31:*.wim=01;31:*.swm=01;31:*.dwm=01;31:*.esd=01;31:*.jpg=01;35:*.jpeg=01;35:*.mjpg=01;35:*.mjpeg=01;35:*.gif=01;35:*.bmp=01;35:*.pbm=01;35:*.pgm=01;35:*.ppm=01;35:*.tga=01;35:*.xbm=01;35:*.xpm=01;35:*.tif=01;35:*.tiff=01;35:*.png=01;35:*.svg=01;35:*.svgz=01;35:*.mng=01;35:*.pcx=01;35:*.mov=01;35:*.mpg=01;35:*.mpeg=01;35:*.m2v=01;35:*.mkv=01;35:*.webm=01;35:*.webp=01;35:*.ogm=01;35:*.mp4=01;35:*.m4v=01;35:*.mp4v=01;35:*.vob=01;35:*.qt=01;35:*.nuv=01;35:*.wmv=01;35:*.asf=01;35:*.rm=01;35:*.rmvb=01;35:*.flc=01;35:*.avi=01;35:*.fli=01;35:*.flv=01;35:*.gl=01;35:*.dl=01;35:*.xcf=01;35:*.xwd=01;35:*.yuv=01;35:*.cgm=01;35:*.emf=01;35:*.ogv=01;35:*.ogx=01;35:*.aac=00;36:*.au=00;36:*.flac=00;36:*.m4a=00;36:*.mid=00;36:*.midi=00;36:*.mka=00;36:*.mp3=00;36:*.mpc=00;36:*.ogg=00;36:*.ra=00;36:*.wav=00;36:*.oga=00;36:*.opus=00;36:*.spx=00;36:*.xspf=00;36:'), ('GNOME_TERMINAL_SERVICE', ':1.392'), ('SSH_AGENT_LAUNCHER', 'gnome-keyring'), ('SSH_AUTH_SOCK', '/run/user/1000/keyring/ssh'), ('AMENT_PREFIX_PATH', '/opt/ros/humble'), ('CONDA_PYTHON_EXE', '/home/hjh/miniconda3/bin/python'), ('SHELL', '/bin/bash'), ('LC_NAME', 'zh_CN.UTF-8'), ('QT_ACCESSIBILITY', '1'), ('GDMSESSION', 'ubuntu'), ('LESSCLOSE', '/usr/bin/lesspipe %s %s'), ('LC_MEASUREMENT', 'zh_CN.UTF-8'), ('LC_IDENTIFICATION', 'zh_CN.UTF-8'), ('QT_IM_MODULE', 'fcitx'), ('PWD', '/home/hjh/RMserial/build/vision_msg'), ('XDG_CONFIG_DIRS', '/etc/xdg/xdg-ubuntu:/etc/xdg'), ('CONDA_EXE', '/home/hjh/miniconda3/bin/conda'), ('CLUTTER_IM_MODULE', 'fcitx'), ('DBUS_STARTER_ADDRESS', 'unix:path=/run/user/1000/bus,guid=23506245021c0007447155ba69c24332'), ('XDG_DATA_DIRS', '/usr/share/ubuntu:/usr/local/share/:/usr/share/:/var/lib/snapd/desktop'), ('PYTHONPATH', '/opt/ros/humble/lib/python3.10/site-packages:/opt/ros/humble/local/lib/python3.10/dist-packages'), ('HTTP_PROXY', 'http://127.0.0.1:7890/'), ('LC_NUMERIC', 'en_US.UTF-8'), ('LC_PAPER', 'zh_CN.UTF-8'), ('COLCON', '1'), ('VTE_VERSION', '6800'), ('CMAKE_PREFIX_PATH', '/opt/ros/humble')]), 'shell': False}
[0.335617] (vision_msg) StdoutLine: {'line': b'-- Install configuration: ""\n'}
[0.335987] (vision_msg) StdoutLine: {'line': b'-- Up-to-date: /home/hjh/RMserial/install/vision_msg/share/ament_index/resource_index/rosidl_interfaces/vision_msg\n'}
[0.336190] (vision_msg) StdoutLine: {'line': b'-- Up-to-date: /home/hjh/RMserial/install/vision_msg/include/vision_msg/vision_msg\n'}
[0.336322] (vision_msg) StdoutLine: {'line': b'-- Up-to-date: /home/hjh/RMserial/install/vision_msg/include/vision_msg/vision_msg/msg\n'}
[0.336474] (vision_msg) StdoutLine: {'line': b'-- Up-to-date: /home/hjh/RMserial/install/vision_msg/include/vision_msg/vision_msg/msg/rosidl_generator_c__visibility_control.h\n'}
[0.336573] (vision_msg) StdoutLine: {'line': b'-- Up-to-date: /home/hjh/RMserial/install/vision_msg/include/vision_msg/vision_msg/msg/detail\n'}
[0.336667] (vision_msg) StdoutLine: {'line': b'-- Up-to-date: /home/hjh/RMserial/install/vision_msg/include/vision_msg/vision_msg/msg/detail/selected_id__functions.h\n'}
[0.336758] (vision_msg) StdoutLine: {'line': b'-- Up-to-date: /home/hjh/RMserial/install/vision_msg/include/vision_msg/vision_msg/msg/detail/gimble_position__struct.h\n'}
[0.336848] (vision_msg) StdoutLine: {'line': b'-- Up-to-date: /home/hjh/RMserial/install/vision_msg/include/vision_msg/vision_msg/msg/detail/gimble_position__functions.h\n'}
[0.336937] (vision_msg) StdoutLine: {'line': b'-- Up-to-date: /home/hjh/RMserial/install/vision_msg/include/vision_msg/vision_msg/msg/detail/selected_id__type_support.h\n'}
[0.337023] (vision_msg) StdoutLine: {'line': b'-- Up-to-date: /home/hjh/RMserial/install/vision_msg/include/vision_msg/vision_msg/msg/detail/detected_id__functions.h\n'}
[0.337314] (vision_msg) StdoutLine: {'line': b'-- Up-to-date: /home/hjh/RMserial/install/vision_msg/include/vision_msg/vision_msg/msg/detail/gimble_position__type_support.h\n'}
[0.337419] (vision_msg) StdoutLine: {'line': b'-- Up-to-date: /home/hjh/RMserial/install/vision_msg/include/vision_msg/vision_msg/msg/detail/detected_id__struct.h\n'}
[0.337500] (vision_msg) StdoutLine: {'line': b'-- Up-to-date: /home/hjh/RMserial/install/vision_msg/include/vision_msg/vision_msg/msg/detail/detected_id__type_support.h\n'}
[0.337583] (vision_msg) StdoutLine: {'line': b'-- Up-to-date: /home/hjh/RMserial/install/vision_msg/include/vision_msg/vision_msg/msg/detail/detected_id__functions.c\n'}
[0.337667] (vision_msg) StdoutLine: {'line': b'-- Up-to-date: /home/hjh/RMserial/install/vision_msg/include/vision_msg/vision_msg/msg/detail/selected_id__functions.c\n'}
[0.337787] (vision_msg) StdoutLine: {'line': b'-- Up-to-date: /home/hjh/RMserial/install/vision_msg/include/vision_msg/vision_msg/msg/detail/selected_id__struct.h\n'}
[0.337929] (vision_msg) StdoutLine: {'line': b'-- Up-to-date: /home/hjh/RMserial/install/vision_msg/include/vision_msg/vision_msg/msg/detail/gimble_position__functions.c\n'}
[0.338014] (vision_msg) StdoutLine: {'line': b'-- Up-to-date: /home/hjh/RMserial/install/vision_msg/include/vision_msg/vision_msg/msg/detected_id.h\n'}
[0.338169] (vision_msg) StdoutLine: {'line': b'-- Up-to-date: /home/hjh/RMserial/install/vision_msg/include/vision_msg/vision_msg/msg/selected_id.h\n'}
[0.338254] (vision_msg) StdoutLine: {'line': b'-- Up-to-date: /home/hjh/RMserial/install/vision_msg/include/vision_msg/vision_msg/msg/gimble_position.h\n'}
[0.338342] (vision_msg) StdoutLine: {'line': b'-- Up-to-date: /home/hjh/RMserial/install/vision_msg/share/vision_msg/environment/library_path.sh\n'}
[0.338420] (vision_msg) StdoutLine: {'line': b'-- Up-to-date: /home/hjh/RMserial/install/vision_msg/share/vision_msg/environment/library_path.dsv\n'}
[0.338498] (vision_msg) StdoutLine: {'line': b'-- Up-to-date: /home/hjh/RMserial/install/vision_msg/lib/libvision_msg__rosidl_generator_c.so\n'}
[0.338578] (vision_msg) StdoutLine: {'line': b'-- Up-to-date: /home/hjh/RMserial/install/vision_msg/include/vision_msg/vision_msg\n'}
[0.338656] (vision_msg) StdoutLine: {'line': b'-- Up-to-date: /home/hjh/RMserial/install/vision_msg/include/vision_msg/vision_msg/msg\n'}
[0.338735] (vision_msg) StdoutLine: {'line': b'-- Up-to-date: /home/hjh/RMserial/install/vision_msg/include/vision_msg/vision_msg/msg/detail\n'}
[0.338813] (vision_msg) StdoutLine: {'line': b'-- Up-to-date: /home/hjh/RMserial/install/vision_msg/include/vision_msg/vision_msg/msg/detail/selected_id__rosidl_typesupport_fastrtps_c.h\n'}
[0.338906] (vision_msg) StdoutLine: {'line': b'-- Up-to-date: /home/hjh/RMserial/install/vision_msg/include/vision_msg/vision_msg/msg/detail/gimble_position__rosidl_typesupport_fastrtps_c.h\n'}
[0.339000] (vision_msg) StdoutLine: {'line': b'-- Up-to-date: /home/hjh/RMserial/install/vision_msg/include/vision_msg/vision_msg/msg/detail/detected_id__rosidl_typesupport_fastrtps_c.h\n'}
[0.339152] (vision_msg) StdoutLine: {'line': b'-- Up-to-date: /home/hjh/RMserial/install/vision_msg/include/vision_msg/vision_msg/msg/rosidl_typesupport_fastrtps_c__visibility_control.h\n'}
[0.339283] (vision_msg) StdoutLine: {'line': b'-- Up-to-date: /home/hjh/RMserial/install/vision_msg/lib/libvision_msg__rosidl_typesupport_fastrtps_c.so\n'}
[0.339410] (vision_msg) StdoutLine: {'line': b'-- Up-to-date: /home/hjh/RMserial/install/vision_msg/include/vision_msg/vision_msg\n'}
[0.339548] (vision_msg) StdoutLine: {'line': b'-- Up-to-date: /home/hjh/RMserial/install/vision_msg/include/vision_msg/vision_msg/msg\n'}
[0.339687] (vision_msg) StdoutLine: {'line': b'-- Up-to-date: /home/hjh/RMserial/install/vision_msg/include/vision_msg/vision_msg/msg/detail\n'}
[0.339826] (vision_msg) StdoutLine: {'line': b'-- Up-to-date: /home/hjh/RMserial/install/vision_msg/include/vision_msg/vision_msg/msg/detail/selected_id__rosidl_typesupport_introspection_c.h\n'}
[0.339959] (vision_msg) StdoutLine: {'line': b'-- Up-to-date: /home/hjh/RMserial/install/vision_msg/include/vision_msg/vision_msg/msg/detail/selected_id__type_support.c\n'}
[0.340103] (vision_msg) StdoutLine: {'line': b'-- Up-to-date: /home/hjh/RMserial/install/vision_msg/include/vision_msg/vision_msg/msg/detail/detected_id__rosidl_typesupport_introspection_c.h\n'}
[0.340246] (vision_msg) StdoutLine: {'line': b'-- Up-to-date: /home/hjh/RMserial/install/vision_msg/include/vision_msg/vision_msg/msg/detail/detected_id__type_support.c\n'}
[0.340378] (vision_msg) StdoutLine: {'line': b'-- Up-to-date: /home/hjh/RMserial/install/vision_msg/include/vision_msg/vision_msg/msg/detail/gimble_position__rosidl_typesupport_introspection_c.h\n'}
[0.340503] (vision_msg) StdoutLine: {'line': b'-- Up-to-date: /home/hjh/RMserial/install/vision_msg/include/vision_msg/vision_msg/msg/detail/gimble_position__type_support.c\n'}
[0.340641] (vision_msg) StdoutLine: {'line': b'-- Up-to-date: /home/hjh/RMserial/install/vision_msg/include/vision_msg/vision_msg/msg/rosidl_typesupport_introspection_c__visibility_control.h\n'}
[0.340778] (vision_msg) StdoutLine: {'line': b'-- Up-to-date: /home/hjh/RMserial/install/vision_msg/lib/libvision_msg__rosidl_typesupport_introspection_c.so\n'}
[0.340918] (vision_msg) StdoutLine: {'line': b'-- Up-to-date: /home/hjh/RMserial/install/vision_msg/lib/libvision_msg__rosidl_typesupport_c.so\n'}
[0.341073] (vision_msg) StdoutLine: {'line': b'-- Up-to-date: /home/hjh/RMserial/install/vision_msg/include/vision_msg/vision_msg\n'}
[0.341233] (vision_msg) StdoutLine: {'line': b'-- Up-to-date: /home/hjh/RMserial/install/vision_msg/include/vision_msg/vision_msg/msg\n'}
[0.341391] (vision_msg) StdoutLine: {'line': b'-- Up-to-date: /home/hjh/RMserial/install/vision_msg/include/vision_msg/vision_msg/msg/selected_id.hpp\n'}
[0.341526] (vision_msg) StdoutLine: {'line': b'-- Up-to-date: /home/hjh/RMserial/install/vision_msg/include/vision_msg/vision_msg/msg/gimble_position.hpp\n'}
[0.341663] (vision_msg) StdoutLine: {'line': b'-- Up-to-date: /home/hjh/RMserial/install/vision_msg/include/vision_msg/vision_msg/msg/detected_id.hpp\n'}
[0.341795] (vision_msg) StdoutLine: {'line': b'-- Up-to-date: /home/hjh/RMserial/install/vision_msg/include/vision_msg/vision_msg/msg/detail\n'}
[0.341926] (vision_msg) StdoutLine: {'line': b'-- Up-to-date: /home/hjh/RMserial/install/vision_msg/include/vision_msg/vision_msg/msg/detail/selected_id__type_support.hpp\n'}
[0.342058] (vision_msg) StdoutLine: {'line': b'-- Up-to-date: /home/hjh/RMserial/install/vision_msg/include/vision_msg/vision_msg/msg/detail/gimble_position__struct.hpp\n'}
[0.342213] (vision_msg) StdoutLine: {'line': b'-- Up-to-date: /home/hjh/RMserial/install/vision_msg/include/vision_msg/vision_msg/msg/detail/gimble_position__type_support.hpp\n'}
[0.342357] (vision_msg) StdoutLine: {'line': b'-- Up-to-date: /home/hjh/RMserial/install/vision_msg/include/vision_msg/vision_msg/msg/detail/detected_id__traits.hpp\n'}
[0.342485] (vision_msg) StdoutLine: {'line': b'-- Up-to-date: /home/hjh/RMserial/install/vision_msg/include/vision_msg/vision_msg/msg/detail/selected_id__builder.hpp\n'}
[0.342613] (vision_msg) StdoutLine: {'line': b'-- Up-to-date: /home/hjh/RMserial/install/vision_msg/include/vision_msg/vision_msg/msg/detail/detected_id__type_support.hpp\n'}
[0.342737] (vision_msg) StdoutLine: {'line': b'-- Up-to-date: /home/hjh/RMserial/install/vision_msg/include/vision_msg/vision_msg/msg/detail/gimble_position__traits.hpp\n'}
[0.342860] (vision_msg) StdoutLine: {'line': b'-- Up-to-date: /home/hjh/RMserial/install/vision_msg/include/vision_msg/vision_msg/msg/detail/gimble_position__builder.hpp\n'}
[0.342984] (vision_msg) StdoutLine: {'line': b'-- Up-to-date: /home/hjh/RMserial/install/vision_msg/include/vision_msg/vision_msg/msg/detail/selected_id__struct.hpp\n'}
[0.343131] (vision_msg) StdoutLine: {'line': b'-- Up-to-date: /home/hjh/RMserial/install/vision_msg/include/vision_msg/vision_msg/msg/detail/detected_id__builder.hpp\n'}
[0.343268] (vision_msg) StdoutLine: {'line': b'-- Up-to-date: /home/hjh/RMserial/install/vision_msg/include/vision_msg/vision_msg/msg/detail/detected_id__struct.hpp\n'}
[0.343398] (vision_msg) StdoutLine: {'line': b'-- Up-to-date: /home/hjh/RMserial/install/vision_msg/include/vision_msg/vision_msg/msg/detail/selected_id__traits.hpp\n'}
[0.343530] (vision_msg) StdoutLine: {'line': b'-- Up-to-date: /home/hjh/RMserial/install/vision_msg/include/vision_msg/vision_msg/msg/rosidl_generator_cpp__visibility_control.hpp\n'}
[0.343695] (vision_msg) StdoutLine: {'line': b'-- Up-to-date: /home/hjh/RMserial/install/vision_msg/include/vision_msg/vision_msg\n'}
[0.343831] (vision_msg) StdoutLine: {'line': b'-- Up-to-date: /home/hjh/RMserial/install/vision_msg/include/vision_msg/vision_msg/msg\n'}
[0.343963] (vision_msg) StdoutLine: {'line': b'-- Up-to-date: /home/hjh/RMserial/install/vision_msg/include/vision_msg/vision_msg/msg/detail\n'}
[0.344108] (vision_msg) StdoutLine: {'line': b'-- Up-to-date: /home/hjh/RMserial/install/vision_msg/include/vision_msg/vision_msg/msg/detail/detected_id__rosidl_typesupport_fastrtps_cpp.hpp\n'}
[0.344248] (vision_msg) StdoutLine: {'line': b'-- Up-to-date: /home/hjh/RMserial/install/vision_msg/include/vision_msg/vision_msg/msg/detail/dds_fastrtps\n'}
[0.344380] (vision_msg) StdoutLine: {'line': b'-- Up-to-date: /home/hjh/RMserial/install/vision_msg/include/vision_msg/vision_msg/msg/detail/selected_id__rosidl_typesupport_fastrtps_cpp.hpp\n'}
[0.344517] (vision_msg) StdoutLine: {'line': b'-- Up-to-date: /home/hjh/RMserial/install/vision_msg/include/vision_msg/vision_msg/msg/detail/gimble_position__rosidl_typesupport_fastrtps_cpp.hpp\n'}
[0.344671] (vision_msg) StdoutLine: {'line': b'-- Up-to-date: /home/hjh/RMserial/install/vision_msg/include/vision_msg/vision_msg/msg/rosidl_typesupport_fastrtps_cpp__visibility_control.h\n'}
[0.344813] (vision_msg) StdoutLine: {'line': b'-- Up-to-date: /home/hjh/RMserial/install/vision_msg/lib/libvision_msg__rosidl_typesupport_fastrtps_cpp.so\n'}
[0.344953] (vision_msg) StdoutLine: {'line': b'-- Up-to-date: /home/hjh/RMserial/install/vision_msg/include/vision_msg/vision_msg\n'}
[0.345113] (vision_msg) StdoutLine: {'line': b'-- Up-to-date: /home/hjh/RMserial/install/vision_msg/include/vision_msg/vision_msg/msg\n'}
[0.345266] (vision_msg) StdoutLine: {'line': b'-- Up-to-date: /home/hjh/RMserial/install/vision_msg/include/vision_msg/vision_msg/msg/detail\n'}
[0.345410] (vision_msg) StdoutLine: {'line': b'-- Up-to-date: /home/hjh/RMserial/install/vision_msg/include/vision_msg/vision_msg/msg/detail/detected_id__type_support.cpp\n'}
[0.345551] (vision_msg) StdoutLine: {'line': b'-- Up-to-date: /home/hjh/RMserial/install/vision_msg/include/vision_msg/vision_msg/msg/detail/gimble_position__type_support.cpp\n'}
[0.345694] (vision_msg) StdoutLine: {'line': b'-- Up-to-date: /home/hjh/RMserial/install/vision_msg/include/vision_msg/vision_msg/msg/detail/detected_id__rosidl_typesupport_introspection_cpp.hpp\n'}
[0.345838] (vision_msg) StdoutLine: {'line': b'-- Up-to-date: /home/hjh/RMserial/install/vision_msg/include/vision_msg/vision_msg/msg/detail/gimble_position__rosidl_typesupport_introspection_cpp.hpp\n'}
[0.345980] (vision_msg) StdoutLine: {'line': b'-- Up-to-date: /home/hjh/RMserial/install/vision_msg/include/vision_msg/vision_msg/msg/detail/selected_id__type_support.cpp\n'}
[0.346129] (vision_msg) StdoutLine: {'line': b'-- Up-to-date: /home/hjh/RMserial/install/vision_msg/include/vision_msg/vision_msg/msg/detail/selected_id__rosidl_typesupport_introspection_cpp.hpp\n'}
[0.346270] (vision_msg) StdoutLine: {'line': b'-- Up-to-date: /home/hjh/RMserial/install/vision_msg/lib/libvision_msg__rosidl_typesupport_introspection_cpp.so\n'}
[0.346411] (vision_msg) StdoutLine: {'line': b'-- Up-to-date: /home/hjh/RMserial/install/vision_msg/lib/libvision_msg__rosidl_typesupport_cpp.so\n'}
[0.346558] (vision_msg) StdoutLine: {'line': b'-- Up-to-date: /home/hjh/RMserial/install/vision_msg/share/vision_msg/environment/pythonpath.sh\n'}
[0.346713] (vision_msg) StdoutLine: {'line': b'-- Up-to-date: /home/hjh/RMserial/install/vision_msg/share/vision_msg/environment/pythonpath.dsv\n'}
[0.346877] (vision_msg) StdoutLine: {'line': b'-- Up-to-date: /home/hjh/RMserial/install/vision_msg/local/lib/python3.10/dist-packages/vision_msg-0.0.0-py3.10.egg-info\n'}
[0.346992] (vision_msg) StdoutLine: {'line': b'-- Installing: /home/hjh/RMserial/install/vision_msg/local/lib/python3.10/dist-packages/vision_msg-0.0.0-py3.10.egg-info/dependency_links.txt\n'}
[0.347121] (vision_msg) StdoutLine: {'line': b'-- Installing: /home/hjh/RMserial/install/vision_msg/local/lib/python3.10/dist-packages/vision_msg-0.0.0-py3.10.egg-info/PKG-INFO\n'}
[0.347242] (vision_msg) StdoutLine: {'line': b'-- Installing: /home/hjh/RMserial/install/vision_msg/local/lib/python3.10/dist-packages/vision_msg-0.0.0-py3.10.egg-info/SOURCES.txt\n'}
[0.347359] (vision_msg) StdoutLine: {'line': b'-- Installing: /home/hjh/RMserial/install/vision_msg/local/lib/python3.10/dist-packages/vision_msg-0.0.0-py3.10.egg-info/top_level.txt\n'}
[0.347473] (vision_msg) StdoutLine: {'line': b'-- Up-to-date: /home/hjh/RMserial/install/vision_msg/local/lib/python3.10/dist-packages/vision_msg\n'}
[0.347587] (vision_msg) StdoutLine: {'line': b'-- Up-to-date: /home/hjh/RMserial/install/vision_msg/local/lib/python3.10/dist-packages/vision_msg/vision_msg_s__rosidl_typesupport_c.cpython-310-x86_64-linux-gnu.so\n'}
[0.347703] (vision_msg) StdoutLine: {'line': b'-- Up-to-date: /home/hjh/RMserial/install/vision_msg/local/lib/python3.10/dist-packages/vision_msg/_vision_msg_s.ep.rosidl_typesupport_fastrtps_c.c\n'}
[0.347815] (vision_msg) StdoutLine: {'line': b'-- Up-to-date: /home/hjh/RMserial/install/vision_msg/local/lib/python3.10/dist-packages/vision_msg/vision_msg_s__rosidl_typesupport_fastrtps_c.cpython-310-x86_64-linux-gnu.so\n'}
[0.347939] (vision_msg) StdoutLine: {'line': b'-- Up-to-date: /home/hjh/RMserial/install/vision_msg/local/lib/python3.10/dist-packages/vision_msg/__init__.py\n'}
[0.348051] (vision_msg) StdoutLine: {'line': b'-- Up-to-date: /home/hjh/RMserial/install/vision_msg/local/lib/python3.10/dist-packages/vision_msg/libvision_msg__rosidl_generator_py.so\n'}
[0.348193] (vision_msg) StdoutLine: {'line': b'-- Up-to-date: /home/hjh/RMserial/install/vision_msg/local/lib/python3.10/dist-packages/vision_msg/_vision_msg_s.ep.rosidl_typesupport_c.c\n'}
[0.348336] (vision_msg) StdoutLine: {'line': b'-- Up-to-date: /home/hjh/RMserial/install/vision_msg/local/lib/python3.10/dist-packages/vision_msg/msg\n'}
[0.348495] (vision_msg) StdoutLine: {'line': b'-- Up-to-date: /home/hjh/RMserial/install/vision_msg/local/lib/python3.10/dist-packages/vision_msg/msg/_selected_id.py\n'}
[0.348662] (vision_msg) StdoutLine: {'line': b'-- Up-to-date: /home/hjh/RMserial/install/vision_msg/local/lib/python3.10/dist-packages/vision_msg/msg/_selected_id_s.c\n'}
[0.348830] (vision_msg) StdoutLine: {'line': b'-- Up-to-date: /home/hjh/RMserial/install/vision_msg/local/lib/python3.10/dist-packages/vision_msg/msg/_detected_id.py\n'}
[0.348999] (vision_msg) StdoutLine: {'line': b'-- Up-to-date: /home/hjh/RMserial/install/vision_msg/local/lib/python3.10/dist-packages/vision_msg/msg/_gimble_position_s.c\n'}
[0.349191] (vision_msg) StdoutLine: {'line': b'-- Up-to-date: /home/hjh/RMserial/install/vision_msg/local/lib/python3.10/dist-packages/vision_msg/msg/__init__.py\n'}
[0.349362] (vision_msg) StdoutLine: {'line': b'-- Up-to-date: /home/hjh/RMserial/install/vision_msg/local/lib/python3.10/dist-packages/vision_msg/msg/_gimble_position.py\n'}
[0.349528] (vision_msg) StdoutLine: {'line': b'-- Up-to-date: /home/hjh/RMserial/install/vision_msg/local/lib/python3.10/dist-packages/vision_msg/msg/_detected_id_s.c\n'}
[0.349691] (vision_msg) StdoutLine: {'line': b'-- Up-to-date: /home/hjh/RMserial/install/vision_msg/local/lib/python3.10/dist-packages/vision_msg/_vision_msg_s.ep.rosidl_typesupport_introspection_c.c\n'}
[0.349851] (vision_msg) StdoutLine: {'line': b'-- Up-to-date: /home/hjh/RMserial/install/vision_msg/local/lib/python3.10/dist-packages/vision_msg/vision_msg_s__rosidl_typesupport_introspection_c.cpython-310-x86_64-linux-gnu.so\n'}
[0.361224] (def_msg) StdoutLine: {'line': b"Listing '/home/hjh/RMserial/install/def_msg/local/lib/python3.10/dist-packages/def_msg'...\n"}
[0.361415] (def_msg) StdoutLine: {'line': b"Listing '/home/hjh/RMserial/install/def_msg/local/lib/python3.10/dist-packages/def_msg/action'...\n"}
[0.361508] (def_msg) StdoutLine: {'line': b"Listing '/home/hjh/RMserial/install/def_msg/local/lib/python3.10/dist-packages/def_msg/msg'...\n"}
[0.361589] (def_msg) StdoutLine: {'line': b"Listing '/home/hjh/RMserial/install/def_msg/local/lib/python3.10/dist-packages/def_msg/srv'...\n"}
[0.364593] (def_msg) StdoutLine: {'line': b'-- Up-to-date: /home/hjh/RMserial/install/def_msg/local/lib/python3.10/dist-packages/def_msg/def_msg_s__rosidl_typesupport_fastrtps_c.cpython-310-x86_64-linux-gnu.so\n'}
[0.364856] (def_msg) StdoutLine: {'line': b'-- Up-to-date: /home/hjh/RMserial/install/def_msg/local/lib/python3.10/dist-packages/def_msg/def_msg_s__rosidl_typesupport_introspection_c.cpython-310-x86_64-linux-gnu.so\n'}
[0.365153] (def_msg) StdoutLine: {'line': b'-- Up-to-date: /home/hjh/RMserial/install/def_msg/local/lib/python3.10/dist-packages/def_msg/def_msg_s__rosidl_typesupport_c.cpython-310-x86_64-linux-gnu.so\n'}
[0.365441] (def_msg) StdoutLine: {'line': b'-- Up-to-date: /home/hjh/RMserial/install/def_msg/lib/libdef_msg__rosidl_generator_py.so\n'}
[0.365627] (def_msg) StdoutLine: {'line': b'-- Up-to-date: /home/hjh/RMserial/install/def_msg/share/def_msg/msg/GobalInformation.idl\n'}
[0.365765] (def_msg) StdoutLine: {'line': b'-- Up-to-date: /home/hjh/RMserial/install/def_msg/share/def_msg/msg/GimbleControl.idl\n'}
[0.365927] (def_msg) StdoutLine: {'line': b'-- Up-to-date: /home/hjh/RMserial/install/def_msg/share/def_msg/msg/CommonControl.idl\n'}
[0.366109] (def_msg) StdoutLine: {'line': b'-- Up-to-date: /home/hjh/RMserial/install/def_msg/share/def_msg/msg/EmControl.idl\n'}
[0.366243] (def_msg) StdoutLine: {'line': b'-- Up-to-date: /home/hjh/RMserial/install/def_msg/share/def_msg/msg/GimblePosition.idl\n'}
[0.366365] (def_msg) StdoutLine: {'line': b'-- Up-to-date: /home/hjh/RMserial/install/def_msg/share/def_msg/srv/ControllerModeSet.idl\n'}
[0.366486] (def_msg) StdoutLine: {'line': b'-- Up-to-date: /home/hjh/RMserial/install/def_msg/share/def_msg/srv/HeartBeat.idl\n'}
[0.366616] (def_msg) StdoutLine: {'line': b'-- Up-to-date: /home/hjh/RMserial/install/def_msg/share/def_msg/action/NavPose.idl\n'}
[0.366734] (def_msg) StdoutLine: {'line': b'-- Up-to-date: /home/hjh/RMserial/install/def_msg/share/def_msg/msg/GobalInformation.msg\n'}
[0.366833] (def_msg) StdoutLine: {'line': b'-- Up-to-date: /home/hjh/RMserial/install/def_msg/share/def_msg/msg/GimbleControl.msg\n'}
[0.366917] (def_msg) StdoutLine: {'line': b'-- Up-to-date: /home/hjh/RMserial/install/def_msg/share/def_msg/msg/CommonControl.msg\n'}
[0.367012] (def_msg) StdoutLine: {'line': b'-- Up-to-date: /home/hjh/RMserial/install/def_msg/share/def_msg/msg/EmControl.msg\n'}
[0.367109] (def_msg) StdoutLine: {'line': b'-- Up-to-date: /home/hjh/RMserial/install/def_msg/share/def_msg/msg/GimblePosition.msg\n'}
[0.367218] (def_msg) StdoutLine: {'line': b'-- Up-to-date: /home/hjh/RMserial/install/def_msg/share/def_msg/srv/ControllerModeSet.srv\n'}
[0.367316] (def_msg) StdoutLine: {'line': b'-- Up-to-date: /home/hjh/RMserial/install/def_msg/share/def_msg/srv/ControllerModeSet_Request.msg\n'}
[0.367423] (def_msg) StdoutLine: {'line': b'-- Up-to-date: /home/hjh/RMserial/install/def_msg/share/def_msg/srv/ControllerModeSet_Response.msg\n'}
[0.367527] (def_msg) StdoutLine: {'line': b'-- Up-to-date: /home/hjh/RMserial/install/def_msg/share/def_msg/srv/HeartBeat.srv\n'}
[0.367623] (def_msg) StdoutLine: {'line': b'-- Up-to-date: /home/hjh/RMserial/install/def_msg/share/def_msg/srv/HeartBeat_Request.msg\n'}
[0.367727] (def_msg) StdoutLine: {'line': b'-- Up-to-date: /home/hjh/RMserial/install/def_msg/share/def_msg/srv/HeartBeat_Response.msg\n'}
[0.367829] (def_msg) StdoutLine: {'line': b'-- Up-to-date: /home/hjh/RMserial/install/def_msg/share/def_msg/action/NavPose.action\n'}
[0.367939] (def_msg) StdoutLine: {'line': b'-- Up-to-date: /home/hjh/RMserial/install/def_msg/share/ament_index/resource_index/package_run_dependencies/def_msg\n'}
[0.368034] (def_msg) StdoutLine: {'line': b'-- Up-to-date: /home/hjh/RMserial/install/def_msg/share/ament_index/resource_index/parent_prefix_path/def_msg\n'}
[0.368234] (def_msg) StdoutLine: {'line': b'-- Up-to-date: /home/hjh/RMserial/install/def_msg/share/def_msg/environment/ament_prefix_path.sh\n'}
[0.368340] (def_msg) StdoutLine: {'line': b'-- Up-to-date: /home/hjh/RMserial/install/def_msg/share/def_msg/environment/ament_prefix_path.dsv\n'}
[0.368427] (def_msg) StdoutLine: {'line': b'-- Up-to-date: /home/hjh/RMserial/install/def_msg/share/def_msg/environment/path.sh\n'}
[0.368512] (def_msg) StdoutLine: {'line': b'-- Up-to-date: /home/hjh/RMserial/install/def_msg/share/def_msg/environment/path.dsv\n'}
[0.368597] (def_msg) StdoutLine: {'line': b'-- Up-to-date: /home/hjh/RMserial/install/def_msg/share/def_msg/local_setup.bash\n'}
[0.368681] (def_msg) StdoutLine: {'line': b'-- Up-to-date: /home/hjh/RMserial/install/def_msg/share/def_msg/local_setup.sh\n'}
[0.368765] (def_msg) StdoutLine: {'line': b'-- Up-to-date: /home/hjh/RMserial/install/def_msg/share/def_msg/local_setup.zsh\n'}
[0.368849] (def_msg) StdoutLine: {'line': b'-- Up-to-date: /home/hjh/RMserial/install/def_msg/share/def_msg/local_setup.dsv\n'}
[0.368933] (def_msg) StdoutLine: {'line': b'-- Installing: /home/hjh/RMserial/install/def_msg/share/def_msg/package.dsv\n'}
[0.369049] (def_msg) StdoutLine: {'line': b'-- Up-to-date: /home/hjh/RMserial/install/def_msg/share/ament_index/resource_index/packages/def_msg\n'}
[0.369142] (def_msg) StdoutLine: {'line': b'-- Up-to-date: /home/hjh/RMserial/install/def_msg/share/def_msg/cmake/export_def_msg__rosidl_generator_cExport.cmake\n'}
[0.369235] (def_msg) StdoutLine: {'line': b'-- Up-to-date: /home/hjh/RMserial/install/def_msg/share/def_msg/cmake/export_def_msg__rosidl_generator_cExport-noconfig.cmake\n'}
[0.369314] (def_msg) StdoutLine: {'line': b'-- Up-to-date: /home/hjh/RMserial/install/def_msg/share/def_msg/cmake/export_def_msg__rosidl_typesupport_fastrtps_cExport.cmake\n'}
[0.369392] (def_msg) StdoutLine: {'line': b'-- Up-to-date: /home/hjh/RMserial/install/def_msg/share/def_msg/cmake/export_def_msg__rosidl_typesupport_fastrtps_cExport-noconfig.cmake\n'}
[0.369470] (def_msg) StdoutLine: {'line': b'-- Up-to-date: /home/hjh/RMserial/install/def_msg/share/def_msg/cmake/export_def_msg__rosidl_generator_cppExport.cmake\n'}
[0.369705] (def_msg) StdoutLine: {'line': b'-- Up-to-date: /home/hjh/RMserial/install/def_msg/share/def_msg/cmake/export_def_msg__rosidl_typesupport_fastrtps_cppExport.cmake\n'}
[0.369838] (def_msg) StdoutLine: {'line': b'-- Up-to-date: /home/hjh/RMserial/install/def_msg/share/def_msg/cmake/export_def_msg__rosidl_typesupport_fastrtps_cppExport-noconfig.cmake\n'}
[0.369924] (def_msg) StdoutLine: {'line': b'-- Up-to-date: /home/hjh/RMserial/install/def_msg/share/def_msg/cmake/def_msg__rosidl_typesupport_introspection_cExport.cmake\n'}
[0.370009] (def_msg) StdoutLine: {'line': b'-- Up-to-date: /home/hjh/RMserial/install/def_msg/share/def_msg/cmake/def_msg__rosidl_typesupport_introspection_cExport-noconfig.cmake\n'}
[0.370153] (def_msg) StdoutLine: {'line': b'-- Up-to-date: /home/hjh/RMserial/install/def_msg/share/def_msg/cmake/def_msg__rosidl_typesupport_cExport.cmake\n'}
[0.370642] (def_msg) StdoutLine: {'line': b'-- Up-to-date: /home/hjh/RMserial/install/def_msg/share/def_msg/cmake/def_msg__rosidl_typesupport_cExport-noconfig.cmake\n'}
[0.370730] (def_msg) StdoutLine: {'line': b'-- Up-to-date: /home/hjh/RMserial/install/def_msg/share/def_msg/cmake/def_msg__rosidl_typesupport_introspection_cppExport.cmake\n'}
[0.370814] (def_msg) StdoutLine: {'line': b'-- Up-to-date: /home/hjh/RMserial/install/def_msg/share/def_msg/cmake/def_msg__rosidl_typesupport_introspection_cppExport-noconfig.cmake\n'}
[0.370899] (def_msg) StdoutLine: {'line': b'-- Up-to-date: /home/hjh/RMserial/install/def_msg/share/def_msg/cmake/def_msg__rosidl_typesupport_cppExport.cmake\n'}
[0.370984] (def_msg) StdoutLine: {'line': b'-- Up-to-date: /home/hjh/RMserial/install/def_msg/share/def_msg/cmake/def_msg__rosidl_typesupport_cppExport-noconfig.cmake\n'}
[0.371073] (vision_msg) StdoutLine: {'line': b"Listing '/home/hjh/RMserial/install/vision_msg/local/lib/python3.10/dist-packages/vision_msg'...\n"}
[0.371510] (vision_msg) StdoutLine: {'line': b"Listing '/home/hjh/RMserial/install/vision_msg/local/lib/python3.10/dist-packages/vision_msg/msg'...\n"}
[0.371598] (def_msg) StdoutLine: {'line': b'-- Up-to-date: /home/hjh/RMserial/install/def_msg/share/def_msg/cmake/export_def_msg__rosidl_generator_pyExport.cmake\n'}
[0.371975] (def_msg) StdoutLine: {'line': b'-- Up-to-date: /home/hjh/RMserial/install/def_msg/share/def_msg/cmake/export_def_msg__rosidl_generator_pyExport-noconfig.cmake\n'}
[0.372070] (def_msg) StdoutLine: {'line': b'-- Up-to-date: /home/hjh/RMserial/install/def_msg/share/def_msg/cmake/rosidl_cmake-extras.cmake\n'}
[0.372396] (def_msg) StdoutLine: {'line': b'-- Up-to-date: /home/hjh/RMserial/install/def_msg/share/def_msg/cmake/ament_cmake_export_dependencies-extras.cmake\n'}
[0.372483] (def_msg) StdoutLine: {'line': b'-- Up-to-date: /home/hjh/RMserial/install/def_msg/share/def_msg/cmake/ament_cmake_export_include_directories-extras.cmake\n'}
[0.372568] (def_msg) StdoutLine: {'line': b'-- Up-to-date: /home/hjh/RMserial/install/def_msg/share/def_msg/cmake/ament_cmake_export_libraries-extras.cmake\n'}
[0.372653] (def_msg) StdoutLine: {'line': b'-- Up-to-date: /home/hjh/RMserial/install/def_msg/share/def_msg/cmake/ament_cmake_export_targets-extras.cmake\n'}
[0.372737] (def_msg) StdoutLine: {'line': b'-- Up-to-date: /home/hjh/RMserial/install/def_msg/share/def_msg/cmake/rosidl_cmake_export_typesupport_targets-extras.cmake\n'}
[0.372867] (def_msg) StdoutLine: {'line': b'-- Up-to-date: /home/hjh/RMserial/install/def_msg/share/def_msg/cmake/rosidl_cmake_export_typesupport_libraries-extras.cmake\n'}
[0.373133] (def_msg) StdoutLine: {'line': b'-- Up-to-date: /home/hjh/RMserial/install/def_msg/share/def_msg/cmake/def_msgConfig.cmake\n'}
[0.373320] (def_msg) StdoutLine: {'line': b'-- Up-to-date: /home/hjh/RMserial/install/def_msg/share/def_msg/cmake/def_msgConfig-version.cmake\n'}
[0.373409] (def_msg) StdoutLine: {'line': b'-- Up-to-date: /home/hjh/RMserial/install/def_msg/share/def_msg/package.xml\n'}
[0.373497] (def_msg) CommandEnded: {'returncode': 0}
[0.373860] (vision_msg) StdoutLine: {'line': b'-- Up-to-date: /home/hjh/RMserial/install/vision_msg/local/lib/python3.10/dist-packages/vision_msg/vision_msg_s__rosidl_typesupport_fastrtps_c.cpython-310-x86_64-linux-gnu.so\n'}
[0.374059] (vision_msg) StdoutLine: {'line': b'-- Up-to-date: /home/hjh/RMserial/install/vision_msg/local/lib/python3.10/dist-packages/vision_msg/vision_msg_s__rosidl_typesupport_introspection_c.cpython-310-x86_64-linux-gnu.so\n'}
[0.374357] (vision_msg) StdoutLine: {'line': b'-- Up-to-date: /home/hjh/RMserial/install/vision_msg/local/lib/python3.10/dist-packages/vision_msg/vision_msg_s__rosidl_typesupport_c.cpython-310-x86_64-linux-gnu.so\n'}
[0.374450] (vision_msg) StdoutLine: {'line': b'-- Up-to-date: /home/hjh/RMserial/install/vision_msg/lib/libvision_msg__rosidl_generator_py.so\n'}
[0.374534] (vision_msg) StdoutLine: {'line': b'-- Up-to-date: /home/hjh/RMserial/install/vision_msg/share/vision_msg/msg/GimblePosition.idl\n'}
[0.374640] (vision_msg) StdoutLine: {'line': b'-- Up-to-date: /home/hjh/RMserial/install/vision_msg/share/vision_msg/msg/DetectedId.idl\n'}
[0.374726] (vision_msg) StdoutLine: {'line': b'-- Up-to-date: /home/hjh/RMserial/install/vision_msg/share/vision_msg/msg/SelectedId.idl\n'}
[0.374809] (vision_msg) StdoutLine: {'line': b'-- Up-to-date: /home/hjh/RMserial/install/vision_msg/share/vision_msg/msg/GimblePosition.msg\n'}
[0.374893] (vision_msg) StdoutLine: {'line': b'-- Up-to-date: /home/hjh/RMserial/install/vision_msg/share/vision_msg/msg/DetectedId.msg\n'}
[0.374974] (vision_msg) StdoutLine: {'line': b'-- Up-to-date: /home/hjh/RMserial/install/vision_msg/share/vision_msg/msg/SelectedId.msg\n'}
[0.375056] (vision_msg) StdoutLine: {'line': b'-- Up-to-date: /home/hjh/RMserial/install/vision_msg/share/ament_index/resource_index/package_run_dependencies/vision_msg\n'}
[0.375273] (vision_msg) StdoutLine: {'line': b'-- Up-to-date: /home/hjh/RMserial/install/vision_msg/share/ament_index/resource_index/parent_prefix_path/vision_msg\n'}
[0.375357] (vision_msg) StdoutLine: {'line': b'-- Up-to-date: /home/hjh/RMserial/install/vision_msg/share/vision_msg/environment/ament_prefix_path.sh\n'}
[0.375439] (vision_msg) StdoutLine: {'line': b'-- Up-to-date: /home/hjh/RMserial/install/vision_msg/share/vision_msg/environment/ament_prefix_path.dsv\n'}
[0.375520] (vision_msg) StdoutLine: {'line': b'-- Up-to-date: /home/hjh/RMserial/install/vision_msg/share/vision_msg/environment/path.sh\n'}
[0.375601] (vision_msg) StdoutLine: {'line': b'-- Up-to-date: /home/hjh/RMserial/install/vision_msg/share/vision_msg/environment/path.dsv\n'}
[0.375682] (vision_msg) StdoutLine: {'line': b'-- Up-to-date: /home/hjh/RMserial/install/vision_msg/share/vision_msg/local_setup.bash\n'}
[0.375763] (vision_msg) StdoutLine: {'line': b'-- Up-to-date: /home/hjh/RMserial/install/vision_msg/share/vision_msg/local_setup.sh\n'}
[0.375845] (vision_msg) StdoutLine: {'line': b'-- Up-to-date: /home/hjh/RMserial/install/vision_msg/share/vision_msg/local_setup.zsh\n'}
[0.375926] (vision_msg) StdoutLine: {'line': b'-- Up-to-date: /home/hjh/RMserial/install/vision_msg/share/vision_msg/local_setup.dsv\n'}
[0.376007] (vision_msg) StdoutLine: {'line': b'-- Installing: /home/hjh/RMserial/install/vision_msg/share/vision_msg/package.dsv\n'}
[0.376111] (vision_msg) StdoutLine: {'line': b'-- Up-to-date: /home/hjh/RMserial/install/vision_msg/share/ament_index/resource_index/packages/vision_msg\n'}
[0.376299] (vision_msg) StdoutLine: {'line': b'-- Up-to-date: /home/hjh/RMserial/install/vision_msg/share/vision_msg/cmake/export_vision_msg__rosidl_generator_cExport.cmake\n'}
[0.376515] (vision_msg) StdoutLine: {'line': b'-- Up-to-date: /home/hjh/RMserial/install/vision_msg/share/vision_msg/cmake/export_vision_msg__rosidl_generator_cExport-noconfig.cmake\n'}
[0.376570] (vision_msg) StdoutLine: {'line': b'-- Up-to-date: /home/hjh/RMserial/install/vision_msg/share/vision_msg/cmake/export_vision_msg__rosidl_typesupport_fastrtps_cExport.cmake\n'}
[0.376605] (vision_msg) StdoutLine: {'line': b'-- Up-to-date: /home/hjh/RMserial/install/vision_msg/share/vision_msg/cmake/export_vision_msg__rosidl_typesupport_fastrtps_cExport-noconfig.cmake\n'}
[0.376640] (vision_msg) StdoutLine: {'line': b'-- Up-to-date: /home/hjh/RMserial/install/vision_msg/share/vision_msg/cmake/vision_msg__rosidl_typesupport_introspection_cExport.cmake\n'}
[0.376673] (vision_msg) StdoutLine: {'line': b'-- Up-to-date: /home/hjh/RMserial/install/vision_msg/share/vision_msg/cmake/vision_msg__rosidl_typesupport_introspection_cExport-noconfig.cmake\n'}
[0.376704] (vision_msg) StdoutLine: {'line': b'-- Up-to-date: /home/hjh/RMserial/install/vision_msg/share/vision_msg/cmake/vision_msg__rosidl_typesupport_cExport.cmake\n'}
[0.376736] (vision_msg) StdoutLine: {'line': b'-- Up-to-date: /home/hjh/RMserial/install/vision_msg/share/vision_msg/cmake/vision_msg__rosidl_typesupport_cExport-noconfig.cmake\n'}
[0.376768] (vision_msg) StdoutLine: {'line': b'-- Up-to-date: /home/hjh/RMserial/install/vision_msg/share/vision_msg/cmake/export_vision_msg__rosidl_generator_cppExport.cmake\n'}
[0.376799] (vision_msg) StdoutLine: {'line': b'-- Up-to-date: /home/hjh/RMserial/install/vision_msg/share/vision_msg/cmake/export_vision_msg__rosidl_typesupport_fastrtps_cppExport.cmake\n'}
[0.376830] (vision_msg) StdoutLine: {'line': b'-- Up-to-date: /home/hjh/RMserial/install/vision_msg/share/vision_msg/cmake/export_vision_msg__rosidl_typesupport_fastrtps_cppExport-noconfig.cmake\n'}
[0.376876] (vision_msg) StdoutLine: {'line': b'-- Up-to-date: /home/hjh/RMserial/install/vision_msg/share/vision_msg/cmake/vision_msg__rosidl_typesupport_introspection_cppExport.cmake\n'}
[0.376910] (vision_msg) StdoutLine: {'line': b'-- Up-to-date: /home/hjh/RMserial/install/vision_msg/share/vision_msg/cmake/vision_msg__rosidl_typesupport_introspection_cppExport-noconfig.cmake\n'}
[0.376953] (vision_msg) StdoutLine: {'line': b'-- Up-to-date: /home/hjh/RMserial/install/vision_msg/share/vision_msg/cmake/vision_msg__rosidl_typesupport_cppExport.cmake\n'}
[0.376985] (vision_msg) StdoutLine: {'line': b'-- Up-to-date: /home/hjh/RMserial/install/vision_msg/share/vision_msg/cmake/vision_msg__rosidl_typesupport_cppExport-noconfig.cmake\n'}
[0.377016] (vision_msg) StdoutLine: {'line': b'-- Up-to-date: /home/hjh/RMserial/install/vision_msg/share/vision_msg/cmake/export_vision_msg__rosidl_generator_pyExport.cmake\n'}
[0.377047] (vision_msg) StdoutLine: {'line': b'-- Up-to-date: /home/hjh/RMserial/install/vision_msg/share/vision_msg/cmake/export_vision_msg__rosidl_generator_pyExport-noconfig.cmake\n'}
[0.377247] (vision_msg) StdoutLine: {'line': b'-- Up-to-date: /home/hjh/RMserial/install/vision_msg/share/vision_msg/cmake/rosidl_cmake-extras.cmake\n'}
[0.377282] (vision_msg) StdoutLine: {'line': b'-- Up-to-date: /home/hjh/RMserial/install/vision_msg/share/vision_msg/cmake/ament_cmake_export_dependencies-extras.cmake\n'}
[0.377361] (vision_msg) StdoutLine: {'line': b'-- Up-to-date: /home/hjh/RMserial/install/vision_msg/share/vision_msg/cmake/ament_cmake_export_include_directories-extras.cmake\n'}
[0.377393] (vision_msg) StdoutLine: {'line': b'-- Up-to-date: /home/hjh/RMserial/install/vision_msg/share/vision_msg/cmake/ament_cmake_export_libraries-extras.cmake\n'}
[0.377425] (vision_msg) StdoutLine: {'line': b'-- Up-to-date: /home/hjh/RMserial/install/vision_msg/share/vision_msg/cmake/ament_cmake_export_targets-extras.cmake\n'}
[0.377470] (vision_msg) StdoutLine: {'line': b'-- Up-to-date: /home/hjh/RMserial/install/vision_msg/share/vision_msg/cmake/rosidl_cmake_export_typesupport_targets-extras.cmake\n'}
[0.377504] (vision_msg) StdoutLine: {'line': b'-- Up-to-date: /home/hjh/RMserial/install/vision_msg/share/vision_msg/cmake/rosidl_cmake_export_typesupport_libraries-extras.cmake\n'}
[0.377534] (vision_msg) StdoutLine: {'line': b'-- Up-to-date: /home/hjh/RMserial/install/vision_msg/share/vision_msg/cmake/vision_msgConfig.cmake\n'}
[0.377568] (vision_msg) StdoutLine: {'line': b'-- Up-to-date: /home/hjh/RMserial/install/vision_msg/share/vision_msg/cmake/vision_msgConfig-version.cmake\n'}
[0.377598] (vision_msg) StdoutLine: {'line': b'-- Up-to-date: /home/hjh/RMserial/install/vision_msg/share/vision_msg/package.xml\n'}
[0.391572] (def_msg) JobEnded: {'identifier': 'def_msg', 'rc': 0}
[0.392251] (vision_msg) CommandEnded: {'returncode': 0}
[0.400185] (-) TimerEvent: {}
[0.401880] (vision_msg) JobEnded: {'identifier': 'vision_msg', 'rc': 0}
[0.402565] (serial_def_sdk) JobStarted: {'identifier': 'serial_def_sdk'}
[0.411524] (serial_def_sdk) JobProgress: {'identifier': 'serial_def_sdk', 'progress': 'cmake'}
[0.412203] (serial_def_sdk) JobProgress: {'identifier': 'serial_def_sdk', 'progress': 'build'}
[0.412478] (serial_def_sdk) Command: {'cmd': ['/usr/bin/cmake', '--build', '/home/hjh/RMserial/build/serial_def_sdk', '--', '-j16', '-l16'], 'cwd': '/home/hjh/RMserial/build/serial_def_sdk', 'env': OrderedDict([('LESSOPEN', '| /usr/bin/lesspipe %s'), ('HTTPS_PROXY', 'http://127.0.0.1:7890/'), ('no_proxy', 'localhost,127.0.0.1,::1'), ('LANGUAGE', 'zh_CN:en'), ('USER', 'hjh'), ('LC_TIME', 'zh_CN.UTF-8'), ('all_proxy', 'socks://127.0.0.1:7890/'), ('XDG_SESSION_TYPE', 'wayland'), ('SHLVL', '1'), ('LD_LIBRARY_PATH', '/home/hjh/RMserial/install/vision_msg/lib:/home/hjh/RMserial/install/def_msg/lib:/opt/ros/humble/opt/openvdb_vendor/lib:/home/hjh/ros2_ws/install/lib:/home/hjh/ros2_ws/install/lib:/usr/lib/x86_64-linux-gnu/gazebo-11/plugins:/opt/ros/humble/opt/rviz_ogre_vendor/lib:/opt/ros/humble/lib/x86_64-linux-gnu:/opt/ros/humble/lib'), ('HOME', '/home/hjh'), ('CONDA_SHLVL', '0'), ('DESKTOP_SESSION', 'ubuntu'), ('NO_PROXY', 'localhost,127.0.0.1,::1'), ('ROS_PYTHON_VERSION', '3'), ('GNOME_SHELL_SESSION_MODE', 'ubuntu'), ('GTK_MODULES', 'gail:atk-bridge'), ('LC_MONETARY', 'zh_CN.UTF-8'), ('DBUS_STARTER_BUS_TYPE', 'session'), ('SYSTEMD_EXEC_PID', '1784'), ('DBUS_SESSION_BUS_ADDRESS', 'unix:path=/run/user/1000/bus,guid=23506245021c0007447155ba69c24332'), ('COLORTERM', 'truecolor'), ('_CE_M', ''), ('IM_CONFIG_PHASE', '1'), ('WAYLAND_DISPLAY', 'wayland-0'), ('https_proxy', 'http://127.0.0.1:7890/'), ('ROS_DISTRO', 'humble'), ('GTK_IM_MODULE', 'fcitx'), ('LOGNAME', 'hjh'), ('ALL_PROXY', 'socks://127.0.0.1:7890/'), ('http_proxy', 'http://127.0.0.1:7890/'), ('_', '/usr/bin/colcon'), ('ROS_VERSION', '2'), ('XDG_SESSION_CLASS', 'user'), ('USERNAME', 'hjh'), ('TERM', 'xterm-256color'), ('GNOME_DESKTOP_SESSION_ID', 'this-is-deprecated'), ('_CE_CONDA', ''), ('ROS_LOCALHOST_ONLY', '0'), ('PATH', '/home/hjh/miniconda3/condabin:/opt/ros/humble/bin:/home/hjh/.local/bin:/usr/local/sbin:/usr/local/bin:/usr/sbin:/usr/bin:/sbin:/bin:/usr/games:/usr/local/games:/snap/bin:/snap/bin'), ('SESSION_MANAGER', 'local/hjh-Lenovo-G5000-IRH8:@/tmp/.ICE-unix/1784,unix/hjh-Lenovo-G5000-IRH8:/tmp/.ICE-unix/1784'), ('PAPERSIZE', 'a4'), ('XDG_MENU_PREFIX', 'gnome-'), ('LC_ADDRESS', 'zh_CN.UTF-8'), ('GNOME_TERMINAL_SCREEN', '/org/gnome/Terminal/screen/e73f2372_e141_489a_a74e_9a18388fb53f'), ('GNOME_SETUP_DISPLAY', ':1'), ('XDG_RUNTIME_DIR', '/run/user/1000'), ('DISPLAY', ':0'), ('LANG', 'zh_CN.UTF-8'), ('XDG_CURRENT_DESKTOP', 'ubuntu:GNOME'), ('LC_TELEPHONE', 'zh_CN.UTF-8'), ('XMODIFIERS', '@im=fcitx'), ('XDG_SESSION_DESKTOP', 'ubuntu'), ('XAUTHORITY', '/run/user/1000/.mutter-Xwaylandauth.8265M3'), ('LS_COLORS', 'rs=0:di=01;34:ln=01;36:mh=00:pi=40;33:so=01;35:do=01;35:bd=40;33;01:cd=40;33;01:or=40;31;01:mi=00:su=37;41:sg=30;43:ca=30;41:tw=30;42:ow=34;42:st=37;44:ex=01;32:*.tar=01;31:*.tgz=01;31:*.arc=01;31:*.arj=01;31:*.taz=01;31:*.lha=01;31:*.lz4=01;31:*.lzh=01;31:*.lzma=01;31:*.tlz=01;31:*.txz=01;31:*.tzo=01;31:*.t7z=01;31:*.zip=01;31:*.z=01;31:*.dz=01;31:*.gz=01;31:*.lrz=01;31:*.lz=01;31:*.lzo=01;31:*.xz=01;31:*.zst=01;31:*.tzst=01;31:*.bz2=01;31:*.bz=01;31:*.tbz=01;31:*.tbz2=01;31:*.tz=01;31:*.deb=01;31:*.rpm=01;31:*.jar=01;31:*.war=01;31:*.ear=01;31:*.sar=01;31:*.rar=01;31:*.alz=01;31:*.ace=01;31:*.zoo=01;31:*.cpio=01;31:*.7z=01;31:*.rz=01;31:*.cab=01;31:*.wim=01;31:*.swm=01;31:*.dwm=01;31:*.esd=01;31:*.jpg=01;35:*.jpeg=01;35:*.mjpg=01;35:*.mjpeg=01;35:*.gif=01;35:*.bmp=01;35:*.pbm=01;35:*.pgm=01;35:*.ppm=01;35:*.tga=01;35:*.xbm=01;35:*.xpm=01;35:*.tif=01;35:*.tiff=01;35:*.png=01;35:*.svg=01;35:*.svgz=01;35:*.mng=01;35:*.pcx=01;35:*.mov=01;35:*.mpg=01;35:*.mpeg=01;35:*.m2v=01;35:*.mkv=01;35:*.webm=01;35:*.webp=01;35:*.ogm=01;35:*.mp4=01;35:*.m4v=01;35:*.mp4v=01;35:*.vob=01;35:*.qt=01;35:*.nuv=01;35:*.wmv=01;35:*.asf=01;35:*.rm=01;35:*.rmvb=01;35:*.flc=01;35:*.avi=01;35:*.fli=01;35:*.flv=01;35:*.gl=01;35:*.dl=01;35:*.xcf=01;35:*.xwd=01;35:*.yuv=01;35:*.cgm=01;35:*.emf=01;35:*.ogv=01;35:*.ogx=01;35:*.aac=00;36:*.au=00;36:*.flac=00;36:*.m4a=00;36:*.mid=00;36:*.midi=00;36:*.mka=00;36:*.mp3=00;36:*.mpc=00;36:*.ogg=00;36:*.ra=00;36:*.wav=00;36:*.oga=00;36:*.opus=00;36:*.spx=00;36:*.xspf=00;36:'), ('GNOME_TERMINAL_SERVICE', ':1.392'), ('SSH_AGENT_LAUNCHER', 'gnome-keyring'), ('SSH_AUTH_SOCK', '/run/user/1000/keyring/ssh'), ('AMENT_PREFIX_PATH', '/home/hjh/RMserial/install/vision_msg:/home/hjh/RMserial/install/def_msg:/opt/ros/humble'), ('CONDA_PYTHON_EXE', '/home/hjh/miniconda3/bin/python'), ('SHELL', '/bin/bash'), ('LC_NAME', 'zh_CN.UTF-8'), ('QT_ACCESSIBILITY', '1'), ('GDMSESSION', 'ubuntu'), ('LESSCLOSE', '/usr/bin/lesspipe %s %s'), ('LC_MEASUREMENT', 'zh_CN.UTF-8'), ('LC_IDENTIFICATION', 'zh_CN.UTF-8'), ('QT_IM_MODULE', 'fcitx'), ('PWD', '/home/hjh/RMserial/build/serial_def_sdk'), ('XDG_CONFIG_DIRS', '/etc/xdg/xdg-ubuntu:/etc/xdg'), ('CONDA_EXE', '/home/hjh/miniconda3/bin/conda'), ('CLUTTER_IM_MODULE', 'fcitx'), ('DBUS_STARTER_ADDRESS', 'unix:path=/run/user/1000/bus,guid=23506245021c0007447155ba69c24332'), ('XDG_DATA_DIRS', '/usr/share/ubuntu:/usr/local/share/:/usr/share/:/var/lib/snapd/desktop'), ('PYTHONPATH', '/home/hjh/RMserial/install/vision_msg/local/lib/python3.10/dist-packages:/home/hjh/RMserial/install/def_msg/local/lib/python3.10/dist-packages:/opt/ros/humble/lib/python3.10/site-packages:/opt/ros/humble/local/lib/python3.10/dist-packages'), ('HTTP_PROXY', 'http://127.0.0.1:7890/'), ('LC_NUMERIC', 'en_US.UTF-8'), ('LC_PAPER', 'zh_CN.UTF-8'), ('COLCON', '1'), ('VTE_VERSION', '6800'), ('CMAKE_PREFIX_PATH', '/home/hjh/RMserial/install/vision_msg:/home/hjh/RMserial/install/def_msg:/opt/ros/humble')]), 'shell': False}
[0.467642] (serial_def_sdk) StdoutLine: {'line': b'[ 18%] Built target talker\n'}
[0.476721] (serial_def_sdk) StdoutLine: {'line': b'[ 27%] \x1b[32mBuilding CXX object CMakeFiles/uart.dir/src/base_controller.cpp.o\x1b[0m\n'}
[0.500366] (-) TimerEvent: {}
[0.600790] (-) TimerEvent: {}
[0.701129] (-) TimerEvent: {}
[0.801474] (-) TimerEvent: {}
[0.901783] (-) TimerEvent: {}
[1.002124] (-) TimerEvent: {}
[1.102466] (-) TimerEvent: {}
[1.202816] (-) TimerEvent: {}
[1.303163] (-) TimerEvent: {}
[1.403473] (-) TimerEvent: {}
[1.503818] (-) TimerEvent: {}
[1.604251] (-) TimerEvent: {}
[1.704649] (-) TimerEvent: {}
[1.804981] (-) TimerEvent: {}
[1.905335] (-) TimerEvent: {}
[2.005747] (-) TimerEvent: {}
[2.106142] (-) TimerEvent: {}
[2.173910] (serial_def_sdk) StderrLine: {'line': b'In file included from \x1b[01m\x1b[K/home/hjh/RMserial/serial/serial_def_sdk/./include/serial/base_controller.h:24\x1b[m\x1b[K,\n'}
[2.174073] (serial_def_sdk) StderrLine: {'line': b'                 from \x1b[01m\x1b[K/home/hjh/RMserial/serial/serial_def_sdk/src/base_controller.cpp:1\x1b[m\x1b[K:\n'}
[2.174124] (serial_def_sdk) StderrLine: {'line': b'\x1b[01m\x1b[K/home/hjh/RMserial/serial/serial_def_sdk/./uart/uart_hd.h:\x1b[m\x1b[K In constructor \xe2\x80\x98\x1b[01m\x1b[KUartLinux::UartLinux(std::string, int, char, int, int)\x1b[m\x1b[K\xe2\x80\x99:\n'}
[2.174170] (serial_def_sdk) StderrLine: {'line': b'\x1b[01m\x1b[K/home/hjh/RMserial/serial/serial_def_sdk/./uart/uart_hd.h:17:22:\x1b[m\x1b[K \x1b[01;35m\x1b[Kwarning: \x1b[m\x1b[Kunused parameter \xe2\x80\x98\x1b[01m\x1b[Kuart_name\x1b[m\x1b[K\xe2\x80\x99 [\x1b[01;35m\x1b[K\x1b]8;;https://gcc.gnu.org/onlinedocs/gcc/Warning-Options.html#index-Wunused-parameter\x07-Wunused-parameter\x1b]8;;\x07\x1b[m\x1b[K]\n'}
[2.174206] (serial_def_sdk) StderrLine: {'line': b'   17 |     UartLinux(\x1b[01;35m\x1b[Kstring uart_name = "/dev/ttyUSB0"\x1b[m\x1b[K, int nSpeed = 115200, char nEvent = \'N\', int nBits = 8, int nStop = 1) {}\n'}
[2.174241] (serial_def_sdk) StderrLine: {'line': b'      |               \x1b[01;35m\x1b[K~~~~~~~^~~~~~~~~~~~~~~~~~~~~~~~~~\x1b[m\x1b[K\n'}
[2.174272] (serial_def_sdk) StderrLine: {'line': b'\x1b[01m\x1b[K/home/hjh/RMserial/serial/serial_def_sdk/./uart/uart_hd.h:17:54:\x1b[m\x1b[K \x1b[01;35m\x1b[Kwarning: \x1b[m\x1b[Kunused parameter \xe2\x80\x98\x1b[01m\x1b[KnSpeed\x1b[m\x1b[K\xe2\x80\x99 [\x1b[01;35m\x1b[K\x1b]8;;https://gcc.gnu.org/onlinedocs/gcc/Warning-Options.html#index-Wunused-parameter\x07-Wunused-parameter\x1b]8;;\x07\x1b[m\x1b[K]\n'}
[2.174304] (serial_def_sdk) StderrLine: {'line': b'   17 |     UartLinux(string uart_name = "/dev/ttyUSB0", \x1b[01;35m\x1b[Kint nSpeed = 115200\x1b[m\x1b[K, char nEvent = \'N\', int nBits = 8, int nStop = 1) {}\n'}
[2.174335] (serial_def_sdk) StderrLine: {'line': b'      |                                                  \x1b[01;35m\x1b[K~~~~^~~~~~~~~~~~~~~\x1b[m\x1b[K\n'}
[2.174365] (serial_def_sdk) StderrLine: {'line': b'\x1b[01m\x1b[K/home/hjh/RMserial/serial/serial_def_sdk/./uart/uart_hd.h:17:76:\x1b[m\x1b[K \x1b[01;35m\x1b[Kwarning: \x1b[m\x1b[Kunused parameter \xe2\x80\x98\x1b[01m\x1b[KnEvent\x1b[m\x1b[K\xe2\x80\x99 [\x1b[01;35m\x1b[K\x1b]8;;https://gcc.gnu.org/onlinedocs/gcc/Warning-Options.html#index-Wunused-parameter\x07-Wunused-parameter\x1b]8;;\x07\x1b[m\x1b[K]\n'}
[2.174396] (serial_def_sdk) StderrLine: {'line': b'   17 | tring uart_name = "/dev/ttyUSB0", int nSpeed = 115200, \x1b[01;35m\x1b[Kchar nEvent = \'N\'\x1b[m\x1b[K, int nBits = 8, int nStop = 1) {}\n'}
[2.174428] (serial_def_sdk) StderrLine: {'line': b'      |                                                        \x1b[01;35m\x1b[K~~~~~^~~~~~~~~~~~\x1b[m\x1b[K\n'}
[2.174457] (serial_def_sdk) StderrLine: {'line': b'\n'}
[2.174485] (serial_def_sdk) StderrLine: {'line': b'\x1b[01m\x1b[K/home/hjh/RMserial/serial/serial_def_sdk/./uart/uart_hd.h:17:94:\x1b[m\x1b[K \x1b[01;35m\x1b[Kwarning: \x1b[m\x1b[Kunused parameter \xe2\x80\x98\x1b[01m\x1b[KnBits\x1b[m\x1b[K\xe2\x80\x99 [\x1b[01;35m\x1b[K\x1b]8;;https://gcc.gnu.org/onlinedocs/gcc/Warning-Options.html#index-Wunused-parameter\x07-Wunused-parameter\x1b]8;;\x07\x1b[m\x1b[K]\n'}
[2.174516] (serial_def_sdk) StderrLine: {'line': b'   17 | "/dev/ttyUSB0", int nSpeed = 115200, char nEvent = \'N\', \x1b[01;35m\x1b[Kint nBits = 8\x1b[m\x1b[K, int nStop = 1) {}\n'}
[2.174552] (serial_def_sdk) StderrLine: {'line': b'      |                                                         \x1b[01;35m\x1b[K~~~~^~~~~~~~~\x1b[m\x1b[K\n'}
[2.174581] (serial_def_sdk) StderrLine: {'line': b'\n'}
[2.174610] (serial_def_sdk) StderrLine: {'line': b'\x1b[01m\x1b[K/home/hjh/RMserial/serial/serial_def_sdk/./uart/uart_hd.h:17:109:\x1b[m\x1b[K \x1b[01;35m\x1b[Kwarning: \x1b[m\x1b[Kunused parameter \xe2\x80\x98\x1b[01m\x1b[KnStop\x1b[m\x1b[K\xe2\x80\x99 [\x1b[01;35m\x1b[K\x1b]8;;https://gcc.gnu.org/onlinedocs/gcc/Warning-Options.html#index-Wunused-parameter\x07-Wunused-parameter\x1b]8;;\x07\x1b[m\x1b[K]\n'}
[2.174641] (serial_def_sdk) StderrLine: {'line': b"   17 |  int nSpeed = 115200, char nEvent = 'N', int nBits = 8, \x1b[01;35m\x1b[Kint nStop = 1\x1b[m\x1b[K) {}\n"}
[2.174672] (serial_def_sdk) StderrLine: {'line': b'      |                                                         \x1b[01;35m\x1b[K~~~~^~~~~~~~~\x1b[m\x1b[K\n'}
[2.174701] (serial_def_sdk) StderrLine: {'line': b'\n'}
[2.206207] (-) TimerEvent: {}
[2.306462] (-) TimerEvent: {}
[2.406735] (-) TimerEvent: {}
[2.506996] (-) TimerEvent: {}
[2.607214] (-) TimerEvent: {}
[2.707492] (-) TimerEvent: {}
[2.807766] (-) TimerEvent: {}
[2.908032] (-) TimerEvent: {}
[3.008507] (-) TimerEvent: {}
[3.108761] (-) TimerEvent: {}
[3.209008] (-) TimerEvent: {}
[3.309295] (-) TimerEvent: {}
[3.409536] (-) TimerEvent: {}
[3.509919] (-) TimerEvent: {}
[3.610122] (-) TimerEvent: {}
[3.710396] (-) TimerEvent: {}
[3.810755] (-) TimerEvent: {}
[3.911054] (-) TimerEvent: {}
[4.011408] (-) TimerEvent: {}
[4.111747] (-) TimerEvent: {}
[4.212103] (-) TimerEvent: {}
[4.312329] (-) TimerEvent: {}
[4.412604] (-) TimerEvent: {}
[4.512973] (-) TimerEvent: {}
[4.613234] (-) TimerEvent: {}
[4.713636] (-) TimerEvent: {}
[4.813995] (-) TimerEvent: {}
[4.914335] (-) TimerEvent: {}
[5.014676] (-) TimerEvent: {}
[5.115045] (-) TimerEvent: {}
[5.215407] (-) TimerEvent: {}
[5.315754] (-) TimerEvent: {}
[5.416112] (-) TimerEvent: {}
[5.516463] (-) TimerEvent: {}
[5.616823] (-) TimerEvent: {}
[5.717241] (-) TimerEvent: {}
[5.817555] (-) TimerEvent: {}
[5.917970] (-) TimerEvent: {}
[6.018283] (-) TimerEvent: {}
[6.118628] (-) TimerEvent: {}
[6.219052] (-) TimerEvent: {}
[6.319362] (-) TimerEvent: {}
[6.419691] (-) TimerEvent: {}
[6.520093] (-) TimerEvent: {}
[6.620520] (-) TimerEvent: {}
[6.720869] (-) TimerEvent: {}
[6.821264] (-) TimerEvent: {}
[6.921592] (-) TimerEvent: {}
[7.022019] (-) TimerEvent: {}
[7.122338] (-) TimerEvent: {}
[7.222673] (-) TimerEvent: {}
[7.323098] (-) TimerEvent: {}
[7.423448] (-) TimerEvent: {}
[7.523852] (-) TimerEvent: {}
[7.624306] (-) TimerEvent: {}
[7.724650] (-) TimerEvent: {}
[7.825113] (-) TimerEvent: {}
[7.925452] (-) TimerEvent: {}
[8.025889] (-) TimerEvent: {}
[8.126204] (-) TimerEvent: {}
[8.226508] (-) TimerEvent: {}
[8.326838] (-) TimerEvent: {}
[8.427179] (-) TimerEvent: {}
[8.527483] (-) TimerEvent: {}
[8.627773] (-) TimerEvent: {}
[8.728120] (-) TimerEvent: {}
[8.828422] (-) TimerEvent: {}
[8.928738] (-) TimerEvent: {}
[9.029143] (-) TimerEvent: {}
[9.129438] (-) TimerEvent: {}
[9.229876] (-) TimerEvent: {}
[9.330247] (-) TimerEvent: {}
[9.430597] (-) TimerEvent: {}
[9.531025] (-) TimerEvent: {}
[9.631413] (-) TimerEvent: {}
[9.731705] (-) TimerEvent: {}
[9.832024] (-) TimerEvent: {}
[9.932354] (-) TimerEvent: {}
[10.032708] (-) TimerEvent: {}
[10.133135] (-) TimerEvent: {}
[10.233484] (-) TimerEvent: {}
[10.333821] (-) TimerEvent: {}
[10.434230] (-) TimerEvent: {}
[10.534638] (-) TimerEvent: {}
[10.635051] (-) TimerEvent: {}
[10.735352] (-) TimerEvent: {}
[10.835674] (-) TimerEvent: {}
[10.936099] (-) TimerEvent: {}
[11.036394] (-) TimerEvent: {}
[11.136717] (-) TimerEvent: {}
[11.237126] (-) TimerEvent: {}
[11.337536] (-) TimerEvent: {}
[11.437818] (-) TimerEvent: {}
[11.538158] (-) TimerEvent: {}
[11.638574] (-) TimerEvent: {}
[11.738980] (-) TimerEvent: {}
[11.839340] (-) TimerEvent: {}
[11.939759] (-) TimerEvent: {}
[12.040095] (-) TimerEvent: {}
[12.140377] (-) TimerEvent: {}
[12.240792] (-) TimerEvent: {}
[12.341224] (-) TimerEvent: {}
[12.441633] (-) TimerEvent: {}
[12.541983] (-) TimerEvent: {}
[12.642336] (-) TimerEvent: {}
[12.742714] (-) TimerEvent: {}
[12.784506] (serial_def_sdk) StdoutLine: {'line': b'[ 36%] \x1b[1m\x1b[32mLinking CXX executable uart\x1b[0m\n'}
[12.842845] (-) TimerEvent: {}
[12.943175] (-) TimerEvent: {}
[13.043469] (-) TimerEvent: {}
[13.143774] (-) TimerEvent: {}
[13.244167] (-) TimerEvent: {}
[13.344527] (-) TimerEvent: {}
[13.444849] (-) TimerEvent: {}
[13.545176] (-) TimerEvent: {}
[13.601658] (serial_def_sdk) StdoutLine: {'line': b'[100%] Built target uart\n'}
[13.608282] (serial_def_sdk) CommandEnded: {'returncode': 0}
[13.609078] (serial_def_sdk) JobProgress: {'identifier': 'serial_def_sdk', 'progress': 'install'}
[13.609942] (serial_def_sdk) Command: {'cmd': ['/usr/bin/cmake', '--install', '/home/hjh/RMserial/build/serial_def_sdk'], 'cwd': '/home/hjh/RMserial/build/serial_def_sdk', 'env': OrderedDict([('LESSOPEN', '| /usr/bin/lesspipe %s'), ('HTTPS_PROXY', 'http://127.0.0.1:7890/'), ('no_proxy', 'localhost,127.0.0.1,::1'), ('LANGUAGE', 'zh_CN:en'), ('USER', 'hjh'), ('LC_TIME', 'zh_CN.UTF-8'), ('all_proxy', 'socks://127.0.0.1:7890/'), ('XDG_SESSION_TYPE', 'wayland'), ('SHLVL', '1'), ('LD_LIBRARY_PATH', '/home/hjh/RMserial/install/vision_msg/lib:/home/hjh/RMserial/install/def_msg/lib:/opt/ros/humble/opt/openvdb_vendor/lib:/home/hjh/ros2_ws/install/lib:/home/hjh/ros2_ws/install/lib:/usr/lib/x86_64-linux-gnu/gazebo-11/plugins:/opt/ros/humble/opt/rviz_ogre_vendor/lib:/opt/ros/humble/lib/x86_64-linux-gnu:/opt/ros/humble/lib'), ('HOME', '/home/hjh'), ('CONDA_SHLVL', '0'), ('DESKTOP_SESSION', 'ubuntu'), ('NO_PROXY', 'localhost,127.0.0.1,::1'), ('ROS_PYTHON_VERSION', '3'), ('GNOME_SHELL_SESSION_MODE', 'ubuntu'), ('GTK_MODULES', 'gail:atk-bridge'), ('LC_MONETARY', 'zh_CN.UTF-8'), ('DBUS_STARTER_BUS_TYPE', 'session'), ('SYSTEMD_EXEC_PID', '1784'), ('DBUS_SESSION_BUS_ADDRESS', 'unix:path=/run/user/1000/bus,guid=23506245021c0007447155ba69c24332'), ('COLORTERM', 'truecolor'), ('_CE_M', ''), ('IM_CONFIG_PHASE', '1'), ('WAYLAND_DISPLAY', 'wayland-0'), ('https_proxy', 'http://127.0.0.1:7890/'), ('ROS_DISTRO', 'humble'), ('GTK_IM_MODULE', 'fcitx'), ('LOGNAME', 'hjh'), ('ALL_PROXY', 'socks://127.0.0.1:7890/'), ('http_proxy', 'http://127.0.0.1:7890/'), ('_', '/usr/bin/colcon'), ('ROS_VERSION', '2'), ('XDG_SESSION_CLASS', 'user'), ('USERNAME', 'hjh'), ('TERM', 'xterm-256color'), ('GNOME_DESKTOP_SESSION_ID', 'this-is-deprecated'), ('_CE_CONDA', ''), ('ROS_LOCALHOST_ONLY', '0'), ('PATH', '/home/hjh/miniconda3/condabin:/opt/ros/humble/bin:/home/hjh/.local/bin:/usr/local/sbin:/usr/local/bin:/usr/sbin:/usr/bin:/sbin:/bin:/usr/games:/usr/local/games:/snap/bin:/snap/bin'), ('SESSION_MANAGER', 'local/hjh-Lenovo-G5000-IRH8:@/tmp/.ICE-unix/1784,unix/hjh-Lenovo-G5000-IRH8:/tmp/.ICE-unix/1784'), ('PAPERSIZE', 'a4'), ('XDG_MENU_PREFIX', 'gnome-'), ('LC_ADDRESS', 'zh_CN.UTF-8'), ('GNOME_TERMINAL_SCREEN', '/org/gnome/Terminal/screen/e73f2372_e141_489a_a74e_9a18388fb53f'), ('GNOME_SETUP_DISPLAY', ':1'), ('XDG_RUNTIME_DIR', '/run/user/1000'), ('DISPLAY', ':0'), ('LANG', 'zh_CN.UTF-8'), ('XDG_CURRENT_DESKTOP', 'ubuntu:GNOME'), ('LC_TELEPHONE', 'zh_CN.UTF-8'), ('XMODIFIERS', '@im=fcitx'), ('XDG_SESSION_DESKTOP', 'ubuntu'), ('XAUTHORITY', '/run/user/1000/.mutter-Xwaylandauth.8265M3'), ('LS_COLORS', 'rs=0:di=01;34:ln=01;36:mh=00:pi=40;33:so=01;35:do=01;35:bd=40;33;01:cd=40;33;01:or=40;31;01:mi=00:su=37;41:sg=30;43:ca=30;41:tw=30;42:ow=34;42:st=37;44:ex=01;32:*.tar=01;31:*.tgz=01;31:*.arc=01;31:*.arj=01;31:*.taz=01;31:*.lha=01;31:*.lz4=01;31:*.lzh=01;31:*.lzma=01;31:*.tlz=01;31:*.txz=01;31:*.tzo=01;31:*.t7z=01;31:*.zip=01;31:*.z=01;31:*.dz=01;31:*.gz=01;31:*.lrz=01;31:*.lz=01;31:*.lzo=01;31:*.xz=01;31:*.zst=01;31:*.tzst=01;31:*.bz2=01;31:*.bz=01;31:*.tbz=01;31:*.tbz2=01;31:*.tz=01;31:*.deb=01;31:*.rpm=01;31:*.jar=01;31:*.war=01;31:*.ear=01;31:*.sar=01;31:*.rar=01;31:*.alz=01;31:*.ace=01;31:*.zoo=01;31:*.cpio=01;31:*.7z=01;31:*.rz=01;31:*.cab=01;31:*.wim=01;31:*.swm=01;31:*.dwm=01;31:*.esd=01;31:*.jpg=01;35:*.jpeg=01;35:*.mjpg=01;35:*.mjpeg=01;35:*.gif=01;35:*.bmp=01;35:*.pbm=01;35:*.pgm=01;35:*.ppm=01;35:*.tga=01;35:*.xbm=01;35:*.xpm=01;35:*.tif=01;35:*.tiff=01;35:*.png=01;35:*.svg=01;35:*.svgz=01;35:*.mng=01;35:*.pcx=01;35:*.mov=01;35:*.mpg=01;35:*.mpeg=01;35:*.m2v=01;35:*.mkv=01;35:*.webm=01;35:*.webp=01;35:*.ogm=01;35:*.mp4=01;35:*.m4v=01;35:*.mp4v=01;35:*.vob=01;35:*.qt=01;35:*.nuv=01;35:*.wmv=01;35:*.asf=01;35:*.rm=01;35:*.rmvb=01;35:*.flc=01;35:*.avi=01;35:*.fli=01;35:*.flv=01;35:*.gl=01;35:*.dl=01;35:*.xcf=01;35:*.xwd=01;35:*.yuv=01;35:*.cgm=01;35:*.emf=01;35:*.ogv=01;35:*.ogx=01;35:*.aac=00;36:*.au=00;36:*.flac=00;36:*.m4a=00;36:*.mid=00;36:*.midi=00;36:*.mka=00;36:*.mp3=00;36:*.mpc=00;36:*.ogg=00;36:*.ra=00;36:*.wav=00;36:*.oga=00;36:*.opus=00;36:*.spx=00;36:*.xspf=00;36:'), ('GNOME_TERMINAL_SERVICE', ':1.392'), ('SSH_AGENT_LAUNCHER', 'gnome-keyring'), ('SSH_AUTH_SOCK', '/run/user/1000/keyring/ssh'), ('AMENT_PREFIX_PATH', '/home/hjh/RMserial/install/vision_msg:/home/hjh/RMserial/install/def_msg:/opt/ros/humble'), ('CONDA_PYTHON_EXE', '/home/hjh/miniconda3/bin/python'), ('SHELL', '/bin/bash'), ('LC_NAME', 'zh_CN.UTF-8'), ('QT_ACCESSIBILITY', '1'), ('GDMSESSION', 'ubuntu'), ('LESSCLOSE', '/usr/bin/lesspipe %s %s'), ('LC_MEASUREMENT', 'zh_CN.UTF-8'), ('LC_IDENTIFICATION', 'zh_CN.UTF-8'), ('QT_IM_MODULE', 'fcitx'), ('PWD', '/home/hjh/RMserial/build/serial_def_sdk'), ('XDG_CONFIG_DIRS', '/etc/xdg/xdg-ubuntu:/etc/xdg'), ('CONDA_EXE', '/home/hjh/miniconda3/bin/conda'), ('CLUTTER_IM_MODULE', 'fcitx'), ('DBUS_STARTER_ADDRESS', 'unix:path=/run/user/1000/bus,guid=23506245021c0007447155ba69c24332'), ('XDG_DATA_DIRS', '/usr/share/ubuntu:/usr/local/share/:/usr/share/:/var/lib/snapd/desktop'), ('PYTHONPATH', '/home/hjh/RMserial/install/vision_msg/local/lib/python3.10/dist-packages:/home/hjh/RMserial/install/def_msg/local/lib/python3.10/dist-packages:/opt/ros/humble/lib/python3.10/site-packages:/opt/ros/humble/local/lib/python3.10/dist-packages'), ('HTTP_PROXY', 'http://127.0.0.1:7890/'), ('LC_NUMERIC', 'en_US.UTF-8'), ('LC_PAPER', 'zh_CN.UTF-8'), ('COLCON', '1'), ('VTE_VERSION', '6800'), ('CMAKE_PREFIX_PATH', '/home/hjh/RMserial/install/vision_msg:/home/hjh/RMserial/install/def_msg:/opt/ros/humble')]), 'shell': False}
[13.613980] (serial_def_sdk) StdoutLine: {'line': b'-- Install configuration: ""\n'}
[13.614302] (serial_def_sdk) StdoutLine: {'line': b'-- Installing: /home/hjh/RMserial/install/serial_def_sdk/lib/serial_def_sdk/uart\n'}
[13.620592] (serial_def_sdk) StdoutLine: {'line': b'-- Set non-toolchain portion of runtime path of "/home/hjh/RMserial/install/serial_def_sdk/lib/serial_def_sdk/uart" to ""\n'}
[13.620852] (serial_def_sdk) StdoutLine: {'line': b'-- Up-to-date: /home/hjh/RMserial/install/serial_def_sdk/lib/serial_def_sdk/talker\n'}
[13.620980] (serial_def_sdk) StdoutLine: {'line': b'-- Up-to-date: /home/hjh/RMserial/install/serial_def_sdk/share/serial_def_sdk/launch\n'}
[13.621077] (serial_def_sdk) StdoutLine: {'line': b'-- Up-to-date: /home/hjh/RMserial/install/serial_def_sdk/share/serial_def_sdk/launch/serial.launch.py\n'}
[13.621258] (serial_def_sdk) StdoutLine: {'line': b'-- Up-to-date: /home/hjh/RMserial/install/serial_def_sdk/share/ament_index/resource_index/package_run_dependencies/serial_def_sdk\n'}
[13.621308] (serial_def_sdk) StdoutLine: {'line': b'-- Up-to-date: /home/hjh/RMserial/install/serial_def_sdk/share/ament_index/resource_index/parent_prefix_path/serial_def_sdk\n'}
[13.621348] (serial_def_sdk) StdoutLine: {'line': b'-- Up-to-date: /home/hjh/RMserial/install/serial_def_sdk/share/serial_def_sdk/environment/ament_prefix_path.sh\n'}
[13.621384] (serial_def_sdk) StdoutLine: {'line': b'-- Up-to-date: /home/hjh/RMserial/install/serial_def_sdk/share/serial_def_sdk/environment/ament_prefix_path.dsv\n'}
[13.621459] (serial_def_sdk) StdoutLine: {'line': b'-- Up-to-date: /home/hjh/RMserial/install/serial_def_sdk/share/serial_def_sdk/environment/path.sh\n'}
[13.621620] (serial_def_sdk) StdoutLine: {'line': b'-- Up-to-date: /home/hjh/RMserial/install/serial_def_sdk/share/serial_def_sdk/environment/path.dsv\n'}
[13.621657] (serial_def_sdk) StdoutLine: {'line': b'-- Up-to-date: /home/hjh/RMserial/install/serial_def_sdk/share/serial_def_sdk/local_setup.bash\n'}
[13.621708] (serial_def_sdk) StdoutLine: {'line': b'-- Up-to-date: /home/hjh/RMserial/install/serial_def_sdk/share/serial_def_sdk/local_setup.sh\n'}
[13.621749] (serial_def_sdk) StdoutLine: {'line': b'-- Up-to-date: /home/hjh/RMserial/install/serial_def_sdk/share/serial_def_sdk/local_setup.zsh\n'}
[13.621787] (serial_def_sdk) StdoutLine: {'line': b'-- Up-to-date: /home/hjh/RMserial/install/serial_def_sdk/share/serial_def_sdk/local_setup.dsv\n'}
[13.621824] (serial_def_sdk) StdoutLine: {'line': b'-- Installing: /home/hjh/RMserial/install/serial_def_sdk/share/serial_def_sdk/package.dsv\n'}
[13.621860] (serial_def_sdk) StdoutLine: {'line': b'-- Up-to-date: /home/hjh/RMserial/install/serial_def_sdk/share/ament_index/resource_index/packages/serial_def_sdk\n'}
[13.621897] (serial_def_sdk) StdoutLine: {'line': b'-- Up-to-date: /home/hjh/RMserial/install/serial_def_sdk/share/serial_def_sdk/cmake/serial_def_sdkConfig.cmake\n'}
[13.621933] (serial_def_sdk) StdoutLine: {'line': b'-- Up-to-date: /home/hjh/RMserial/install/serial_def_sdk/share/serial_def_sdk/cmake/serial_def_sdkConfig-version.cmake\n'}
[13.622115] (serial_def_sdk) StdoutLine: {'line': b'-- Up-to-date: /home/hjh/RMserial/install/serial_def_sdk/share/serial_def_sdk/package.xml\n'}
[13.622787] (serial_def_sdk) CommandEnded: {'returncode': 0}
[13.633004] (serial_def_sdk) JobEnded: {'identifier': 'serial_def_sdk', 'rc': 0}
[13.633769] (-) EventReactorShutdown: {}
