[0.000000] (-) TimerEvent: {}
[0.000465] (def_msg) JobQueued: {'identifier': 'def_msg', 'dependencies': OrderedDict()}
[0.000502] (pb_rm_interfaces) JobQueued: {'identifier': 'pb_rm_interfaces', 'dependencies': OrderedDict()}
[0.000528] (vision_msg) JobQueued: {'identifier': 'vision_msg', 'dependencies': OrderedDict()}
[0.000551] (serial_def_sdk) JobQueued: {'identifier': 'serial_def_sdk', 'dependencies': OrderedDict([('def_msg', '/home/hjh/RMserial/install/def_msg'), ('pb_rm_interfaces', '/home/hjh/RMserial/install/pb_rm_interfaces'), ('vision_msg', '/home/hjh/RMserial/install/vision_msg')])}
[0.000599] (def_msg) JobStarted: {'identifier': 'def_msg'}
[0.005763] (pb_rm_interfaces) JobStarted: {'identifier': 'pb_rm_interfaces'}
[0.007945] (vision_msg) JobStarted: {'identifier': 'vision_msg'}
[0.011271] (def_msg) JobProgress: {'identifier': 'def_msg', 'progress': 'cmake'}
[0.011622] (def_msg) Command: {'cmd': ['/usr/bin/cmake', '/home/hjh/RMserial/serial/def_msg', '-DCMAKE_INSTALL_PREFIX=/home/hjh/RMserial/install/def_msg'], 'cwd': '/home/hjh/RMserial/build/def_msg', 'env': OrderedDict([('LESSOPEN', '| /usr/bin/lesspipe %s'), ('HTTPS_PROXY', 'http://127.0.0.1:7890/'), ('no_proxy', 'localhost,127.0.0.1,::1'), ('LANGUAGE', 'zh_CN:en'), ('USER', 'hjh'), ('LC_TIME', 'zh_CN.UTF-8'), ('all_proxy', 'socks://127.0.0.1:7890/'), ('XDG_SESSION_TYPE', 'wayland'), ('SHLVL', '1'), ('LD_LIBRARY_PATH', '/opt/ros/humble/opt/openvdb_vendor/lib:/home/hjh/ros2_ws/install/lib:/home/hjh/ros2_ws/install/lib:/usr/lib/x86_64-linux-gnu/gazebo-11/plugins:/opt/ros/humble/opt/rviz_ogre_vendor/lib:/opt/ros/humble/lib/x86_64-linux-gnu:/opt/ros/humble/lib'), ('HOME', '/home/hjh'), ('CONDA_SHLVL', '0'), ('DESKTOP_SESSION', 'ubuntu'), ('NO_PROXY', 'localhost,127.0.0.1,::1'), ('ROS_PYTHON_VERSION', '3'), ('GNOME_SHELL_SESSION_MODE', 'ubuntu'), ('GTK_MODULES', 'gail:atk-bridge'), ('LC_MONETARY', 'zh_CN.UTF-8'), ('DBUS_STARTER_BUS_TYPE', 'session'), ('SYSTEMD_EXEC_PID', '1746'), ('DBUS_SESSION_BUS_ADDRESS', 'unix:path=/run/user/1000/bus,guid=da9e182f6a398809d3ec8f1069c578ca'), ('COLORTERM', 'truecolor'), ('_CE_M', ''), ('IM_CONFIG_PHASE', '1'), ('WAYLAND_DISPLAY', 'wayland-0'), ('https_proxy', 'http://127.0.0.1:7890/'), ('ROS_DISTRO', 'humble'), ('GTK_IM_MODULE', 'fcitx'), ('LOGNAME', 'hjh'), ('ALL_PROXY', 'socks://127.0.0.1:7890/'), ('http_proxy', 'http://127.0.0.1:7890/'), ('_', '/usr/bin/colcon'), ('ROS_VERSION', '2'), ('XDG_SESSION_CLASS', 'user'), ('USERNAME', 'hjh'), ('TERM', 'xterm-256color'), ('GNOME_DESKTOP_SESSION_ID', 'this-is-deprecated'), ('_CE_CONDA', ''), ('ROS_LOCALHOST_ONLY', '0'), ('PATH', '/home/hjh/miniconda3/condabin:/opt/ros/humble/bin:/home/hjh/.local/bin:/usr/local/sbin:/usr/local/bin:/usr/sbin:/usr/bin:/sbin:/bin:/usr/games:/usr/local/games:/snap/bin:/snap/bin'), ('SESSION_MANAGER', 'local/hjh-Lenovo-G5000-IRH8:@/tmp/.ICE-unix/1746,unix/hjh-Lenovo-G5000-IRH8:/tmp/.ICE-unix/1746'), ('PAPERSIZE', 'a4'), ('XDG_MENU_PREFIX', 'gnome-'), ('LC_ADDRESS', 'zh_CN.UTF-8'), ('GNOME_TERMINAL_SCREEN', '/org/gnome/Terminal/screen/d4c127c6_0c8e_45b3_8c66_2cd1158f5318'), ('GNOME_SETUP_DISPLAY', ':1'), ('XDG_RUNTIME_DIR', '/run/user/1000'), ('DISPLAY', ':0'), ('LANG', 'zh_CN.UTF-8'), ('XDG_CURRENT_DESKTOP', 'ubuntu:GNOME'), ('LC_TELEPHONE', 'zh_CN.UTF-8'), ('XMODIFIERS', '@im=fcitx'), ('XDG_SESSION_DESKTOP', 'ubuntu'), ('XAUTHORITY', '/run/user/1000/.mutter-Xwaylandauth.3AY2M3'), ('LS_COLORS', 'rs=0:di=01;34:ln=01;36:mh=00:pi=40;33:so=01;35:do=01;35:bd=40;33;01:cd=40;33;01:or=40;31;01:mi=00:su=37;41:sg=30;43:ca=30;41:tw=30;42:ow=34;42:st=37;44:ex=01;32:*.tar=01;31:*.tgz=01;31:*.arc=01;31:*.arj=01;31:*.taz=01;31:*.lha=01;31:*.lz4=01;31:*.lzh=01;31:*.lzma=01;31:*.tlz=01;31:*.txz=01;31:*.tzo=01;31:*.t7z=01;31:*.zip=01;31:*.z=01;31:*.dz=01;31:*.gz=01;31:*.lrz=01;31:*.lz=01;31:*.lzo=01;31:*.xz=01;31:*.zst=01;31:*.tzst=01;31:*.bz2=01;31:*.bz=01;31:*.tbz=01;31:*.tbz2=01;31:*.tz=01;31:*.deb=01;31:*.rpm=01;31:*.jar=01;31:*.war=01;31:*.ear=01;31:*.sar=01;31:*.rar=01;31:*.alz=01;31:*.ace=01;31:*.zoo=01;31:*.cpio=01;31:*.7z=01;31:*.rz=01;31:*.cab=01;31:*.wim=01;31:*.swm=01;31:*.dwm=01;31:*.esd=01;31:*.jpg=01;35:*.jpeg=01;35:*.mjpg=01;35:*.mjpeg=01;35:*.gif=01;35:*.bmp=01;35:*.pbm=01;35:*.pgm=01;35:*.ppm=01;35:*.tga=01;35:*.xbm=01;35:*.xpm=01;35:*.tif=01;35:*.tiff=01;35:*.png=01;35:*.svg=01;35:*.svgz=01;35:*.mng=01;35:*.pcx=01;35:*.mov=01;35:*.mpg=01;35:*.mpeg=01;35:*.m2v=01;35:*.mkv=01;35:*.webm=01;35:*.webp=01;35:*.ogm=01;35:*.mp4=01;35:*.m4v=01;35:*.mp4v=01;35:*.vob=01;35:*.qt=01;35:*.nuv=01;35:*.wmv=01;35:*.asf=01;35:*.rm=01;35:*.rmvb=01;35:*.flc=01;35:*.avi=01;35:*.fli=01;35:*.flv=01;35:*.gl=01;35:*.dl=01;35:*.xcf=01;35:*.xwd=01;35:*.yuv=01;35:*.cgm=01;35:*.emf=01;35:*.ogv=01;35:*.ogx=01;35:*.aac=00;36:*.au=00;36:*.flac=00;36:*.m4a=00;36:*.mid=00;36:*.midi=00;36:*.mka=00;36:*.mp3=00;36:*.mpc=00;36:*.ogg=00;36:*.ra=00;36:*.wav=00;36:*.oga=00;36:*.opus=00;36:*.spx=00;36:*.xspf=00;36:'), ('GNOME_TERMINAL_SERVICE', ':1.102'), ('SSH_AGENT_LAUNCHER', 'gnome-keyring'), ('SSH_AUTH_SOCK', '/run/user/1000/keyring/ssh'), ('AMENT_PREFIX_PATH', '/opt/ros/humble'), ('CONDA_PYTHON_EXE', '/home/hjh/miniconda3/bin/python'), ('SHELL', '/bin/bash'), ('LC_NAME', 'zh_CN.UTF-8'), ('QT_ACCESSIBILITY', '1'), ('GDMSESSION', 'ubuntu'), ('LESSCLOSE', '/usr/bin/lesspipe %s %s'), ('LC_MEASUREMENT', 'zh_CN.UTF-8'), ('LC_IDENTIFICATION', 'zh_CN.UTF-8'), ('QT_IM_MODULE', 'fcitx'), ('PWD', '/home/hjh/RMserial/build/def_msg'), ('XDG_CONFIG_DIRS', '/etc/xdg/xdg-ubuntu:/etc/xdg'), ('CONDA_EXE', '/home/hjh/miniconda3/bin/conda'), ('CLUTTER_IM_MODULE', 'fcitx'), ('DBUS_STARTER_ADDRESS', 'unix:path=/run/user/1000/bus,guid=da9e182f6a398809d3ec8f1069c578ca'), ('XDG_DATA_DIRS', '/usr/share/ubuntu:/usr/local/share/:/usr/share/:/var/lib/snapd/desktop'), ('PYTHONPATH', '/opt/ros/humble/lib/python3.10/site-packages:/opt/ros/humble/local/lib/python3.10/dist-packages'), ('HTTP_PROXY', 'http://127.0.0.1:7890/'), ('LC_NUMERIC', 'en_US.UTF-8'), ('LC_PAPER', 'zh_CN.UTF-8'), ('COLCON', '1'), ('VTE_VERSION', '6800'), ('CMAKE_PREFIX_PATH', '/opt/ros/humble')]), 'shell': False}
[0.013613] (pb_rm_interfaces) JobProgress: {'identifier': 'pb_rm_interfaces', 'progress': 'cmake'}
[0.013723] (pb_rm_interfaces) Command: {'cmd': ['/usr/bin/cmake', '/home/hjh/RMserial/serial/pb_rm_interfaces', '-DCMAKE_INSTALL_PREFIX=/home/hjh/RMserial/install/pb_rm_interfaces'], 'cwd': '/home/hjh/RMserial/build/pb_rm_interfaces', 'env': OrderedDict([('LESSOPEN', '| /usr/bin/lesspipe %s'), ('HTTPS_PROXY', 'http://127.0.0.1:7890/'), ('no_proxy', 'localhost,127.0.0.1,::1'), ('LANGUAGE', 'zh_CN:en'), ('USER', 'hjh'), ('LC_TIME', 'zh_CN.UTF-8'), ('all_proxy', 'socks://127.0.0.1:7890/'), ('XDG_SESSION_TYPE', 'wayland'), ('SHLVL', '1'), ('LD_LIBRARY_PATH', '/opt/ros/humble/opt/openvdb_vendor/lib:/home/hjh/ros2_ws/install/lib:/home/hjh/ros2_ws/install/lib:/usr/lib/x86_64-linux-gnu/gazebo-11/plugins:/opt/ros/humble/opt/rviz_ogre_vendor/lib:/opt/ros/humble/lib/x86_64-linux-gnu:/opt/ros/humble/lib'), ('HOME', '/home/hjh'), ('CONDA_SHLVL', '0'), ('DESKTOP_SESSION', 'ubuntu'), ('NO_PROXY', 'localhost,127.0.0.1,::1'), ('ROS_PYTHON_VERSION', '3'), ('GNOME_SHELL_SESSION_MODE', 'ubuntu'), ('GTK_MODULES', 'gail:atk-bridge'), ('LC_MONETARY', 'zh_CN.UTF-8'), ('DBUS_STARTER_BUS_TYPE', 'session'), ('SYSTEMD_EXEC_PID', '1746'), ('DBUS_SESSION_BUS_ADDRESS', 'unix:path=/run/user/1000/bus,guid=da9e182f6a398809d3ec8f1069c578ca'), ('COLORTERM', 'truecolor'), ('_CE_M', ''), ('IM_CONFIG_PHASE', '1'), ('WAYLAND_DISPLAY', 'wayland-0'), ('https_proxy', 'http://127.0.0.1:7890/'), ('ROS_DISTRO', 'humble'), ('GTK_IM_MODULE', 'fcitx'), ('LOGNAME', 'hjh'), ('ALL_PROXY', 'socks://127.0.0.1:7890/'), ('http_proxy', 'http://127.0.0.1:7890/'), ('_', '/usr/bin/colcon'), ('ROS_VERSION', '2'), ('XDG_SESSION_CLASS', 'user'), ('USERNAME', 'hjh'), ('TERM', 'xterm-256color'), ('GNOME_DESKTOP_SESSION_ID', 'this-is-deprecated'), ('_CE_CONDA', ''), ('ROS_LOCALHOST_ONLY', '0'), ('PATH', '/home/hjh/miniconda3/condabin:/opt/ros/humble/bin:/home/hjh/.local/bin:/usr/local/sbin:/usr/local/bin:/usr/sbin:/usr/bin:/sbin:/bin:/usr/games:/usr/local/games:/snap/bin:/snap/bin'), ('SESSION_MANAGER', 'local/hjh-Lenovo-G5000-IRH8:@/tmp/.ICE-unix/1746,unix/hjh-Lenovo-G5000-IRH8:/tmp/.ICE-unix/1746'), ('PAPERSIZE', 'a4'), ('XDG_MENU_PREFIX', 'gnome-'), ('LC_ADDRESS', 'zh_CN.UTF-8'), ('GNOME_TERMINAL_SCREEN', '/org/gnome/Terminal/screen/d4c127c6_0c8e_45b3_8c66_2cd1158f5318'), ('GNOME_SETUP_DISPLAY', ':1'), ('XDG_RUNTIME_DIR', '/run/user/1000'), ('DISPLAY', ':0'), ('LANG', 'zh_CN.UTF-8'), ('XDG_CURRENT_DESKTOP', 'ubuntu:GNOME'), ('LC_TELEPHONE', 'zh_CN.UTF-8'), ('XMODIFIERS', '@im=fcitx'), ('XDG_SESSION_DESKTOP', 'ubuntu'), ('XAUTHORITY', '/run/user/1000/.mutter-Xwaylandauth.3AY2M3'), ('LS_COLORS', 'rs=0:di=01;34:ln=01;36:mh=00:pi=40;33:so=01;35:do=01;35:bd=40;33;01:cd=40;33;01:or=40;31;01:mi=00:su=37;41:sg=30;43:ca=30;41:tw=30;42:ow=34;42:st=37;44:ex=01;32:*.tar=01;31:*.tgz=01;31:*.arc=01;31:*.arj=01;31:*.taz=01;31:*.lha=01;31:*.lz4=01;31:*.lzh=01;31:*.lzma=01;31:*.tlz=01;31:*.txz=01;31:*.tzo=01;31:*.t7z=01;31:*.zip=01;31:*.z=01;31:*.dz=01;31:*.gz=01;31:*.lrz=01;31:*.lz=01;31:*.lzo=01;31:*.xz=01;31:*.zst=01;31:*.tzst=01;31:*.bz2=01;31:*.bz=01;31:*.tbz=01;31:*.tbz2=01;31:*.tz=01;31:*.deb=01;31:*.rpm=01;31:*.jar=01;31:*.war=01;31:*.ear=01;31:*.sar=01;31:*.rar=01;31:*.alz=01;31:*.ace=01;31:*.zoo=01;31:*.cpio=01;31:*.7z=01;31:*.rz=01;31:*.cab=01;31:*.wim=01;31:*.swm=01;31:*.dwm=01;31:*.esd=01;31:*.jpg=01;35:*.jpeg=01;35:*.mjpg=01;35:*.mjpeg=01;35:*.gif=01;35:*.bmp=01;35:*.pbm=01;35:*.pgm=01;35:*.ppm=01;35:*.tga=01;35:*.xbm=01;35:*.xpm=01;35:*.tif=01;35:*.tiff=01;35:*.png=01;35:*.svg=01;35:*.svgz=01;35:*.mng=01;35:*.pcx=01;35:*.mov=01;35:*.mpg=01;35:*.mpeg=01;35:*.m2v=01;35:*.mkv=01;35:*.webm=01;35:*.webp=01;35:*.ogm=01;35:*.mp4=01;35:*.m4v=01;35:*.mp4v=01;35:*.vob=01;35:*.qt=01;35:*.nuv=01;35:*.wmv=01;35:*.asf=01;35:*.rm=01;35:*.rmvb=01;35:*.flc=01;35:*.avi=01;35:*.fli=01;35:*.flv=01;35:*.gl=01;35:*.dl=01;35:*.xcf=01;35:*.xwd=01;35:*.yuv=01;35:*.cgm=01;35:*.emf=01;35:*.ogv=01;35:*.ogx=01;35:*.aac=00;36:*.au=00;36:*.flac=00;36:*.m4a=00;36:*.mid=00;36:*.midi=00;36:*.mka=00;36:*.mp3=00;36:*.mpc=00;36:*.ogg=00;36:*.ra=00;36:*.wav=00;36:*.oga=00;36:*.opus=00;36:*.spx=00;36:*.xspf=00;36:'), ('GNOME_TERMINAL_SERVICE', ':1.102'), ('SSH_AGENT_LAUNCHER', 'gnome-keyring'), ('SSH_AUTH_SOCK', '/run/user/1000/keyring/ssh'), ('AMENT_PREFIX_PATH', '/opt/ros/humble'), ('CONDA_PYTHON_EXE', '/home/hjh/miniconda3/bin/python'), ('SHELL', '/bin/bash'), ('LC_NAME', 'zh_CN.UTF-8'), ('QT_ACCESSIBILITY', '1'), ('GDMSESSION', 'ubuntu'), ('LESSCLOSE', '/usr/bin/lesspipe %s %s'), ('LC_MEASUREMENT', 'zh_CN.UTF-8'), ('LC_IDENTIFICATION', 'zh_CN.UTF-8'), ('QT_IM_MODULE', 'fcitx'), ('PWD', '/home/hjh/RMserial/build/pb_rm_interfaces'), ('XDG_CONFIG_DIRS', '/etc/xdg/xdg-ubuntu:/etc/xdg'), ('CONDA_EXE', '/home/hjh/miniconda3/bin/conda'), ('CLUTTER_IM_MODULE', 'fcitx'), ('DBUS_STARTER_ADDRESS', 'unix:path=/run/user/1000/bus,guid=da9e182f6a398809d3ec8f1069c578ca'), ('XDG_DATA_DIRS', '/usr/share/ubuntu:/usr/local/share/:/usr/share/:/var/lib/snapd/desktop'), ('PYTHONPATH', '/opt/ros/humble/lib/python3.10/site-packages:/opt/ros/humble/local/lib/python3.10/dist-packages'), ('HTTP_PROXY', 'http://127.0.0.1:7890/'), ('LC_NUMERIC', 'en_US.UTF-8'), ('LC_PAPER', 'zh_CN.UTF-8'), ('COLCON', '1'), ('VTE_VERSION', '6800'), ('CMAKE_PREFIX_PATH', '/opt/ros/humble')]), 'shell': False}
[0.016137] (vision_msg) JobProgress: {'identifier': 'vision_msg', 'progress': 'cmake'}
[0.016432] (vision_msg) Command: {'cmd': ['/usr/bin/cmake', '/home/hjh/RMserial/serial/vision_msg', '-DCMAKE_INSTALL_PREFIX=/home/hjh/RMserial/install/vision_msg'], 'cwd': '/home/hjh/RMserial/build/vision_msg', 'env': OrderedDict([('LESSOPEN', '| /usr/bin/lesspipe %s'), ('HTTPS_PROXY', 'http://127.0.0.1:7890/'), ('no_proxy', 'localhost,127.0.0.1,::1'), ('LANGUAGE', 'zh_CN:en'), ('USER', 'hjh'), ('LC_TIME', 'zh_CN.UTF-8'), ('all_proxy', 'socks://127.0.0.1:7890/'), ('XDG_SESSION_TYPE', 'wayland'), ('SHLVL', '1'), ('LD_LIBRARY_PATH', '/opt/ros/humble/opt/openvdb_vendor/lib:/home/hjh/ros2_ws/install/lib:/home/hjh/ros2_ws/install/lib:/usr/lib/x86_64-linux-gnu/gazebo-11/plugins:/opt/ros/humble/opt/rviz_ogre_vendor/lib:/opt/ros/humble/lib/x86_64-linux-gnu:/opt/ros/humble/lib'), ('HOME', '/home/hjh'), ('CONDA_SHLVL', '0'), ('DESKTOP_SESSION', 'ubuntu'), ('NO_PROXY', 'localhost,127.0.0.1,::1'), ('ROS_PYTHON_VERSION', '3'), ('GNOME_SHELL_SESSION_MODE', 'ubuntu'), ('GTK_MODULES', 'gail:atk-bridge'), ('LC_MONETARY', 'zh_CN.UTF-8'), ('DBUS_STARTER_BUS_TYPE', 'session'), ('SYSTEMD_EXEC_PID', '1746'), ('DBUS_SESSION_BUS_ADDRESS', 'unix:path=/run/user/1000/bus,guid=da9e182f6a398809d3ec8f1069c578ca'), ('COLORTERM', 'truecolor'), ('_CE_M', ''), ('IM_CONFIG_PHASE', '1'), ('WAYLAND_DISPLAY', 'wayland-0'), ('https_proxy', 'http://127.0.0.1:7890/'), ('ROS_DISTRO', 'humble'), ('GTK_IM_MODULE', 'fcitx'), ('LOGNAME', 'hjh'), ('ALL_PROXY', 'socks://127.0.0.1:7890/'), ('http_proxy', 'http://127.0.0.1:7890/'), ('_', '/usr/bin/colcon'), ('ROS_VERSION', '2'), ('XDG_SESSION_CLASS', 'user'), ('USERNAME', 'hjh'), ('TERM', 'xterm-256color'), ('GNOME_DESKTOP_SESSION_ID', 'this-is-deprecated'), ('_CE_CONDA', ''), ('ROS_LOCALHOST_ONLY', '0'), ('PATH', '/home/hjh/miniconda3/condabin:/opt/ros/humble/bin:/home/hjh/.local/bin:/usr/local/sbin:/usr/local/bin:/usr/sbin:/usr/bin:/sbin:/bin:/usr/games:/usr/local/games:/snap/bin:/snap/bin'), ('SESSION_MANAGER', 'local/hjh-Lenovo-G5000-IRH8:@/tmp/.ICE-unix/1746,unix/hjh-Lenovo-G5000-IRH8:/tmp/.ICE-unix/1746'), ('PAPERSIZE', 'a4'), ('XDG_MENU_PREFIX', 'gnome-'), ('LC_ADDRESS', 'zh_CN.UTF-8'), ('GNOME_TERMINAL_SCREEN', '/org/gnome/Terminal/screen/d4c127c6_0c8e_45b3_8c66_2cd1158f5318'), ('GNOME_SETUP_DISPLAY', ':1'), ('XDG_RUNTIME_DIR', '/run/user/1000'), ('DISPLAY', ':0'), ('LANG', 'zh_CN.UTF-8'), ('XDG_CURRENT_DESKTOP', 'ubuntu:GNOME'), ('LC_TELEPHONE', 'zh_CN.UTF-8'), ('XMODIFIERS', '@im=fcitx'), ('XDG_SESSION_DESKTOP', 'ubuntu'), ('XAUTHORITY', '/run/user/1000/.mutter-Xwaylandauth.3AY2M3'), ('LS_COLORS', 'rs=0:di=01;34:ln=01;36:mh=00:pi=40;33:so=01;35:do=01;35:bd=40;33;01:cd=40;33;01:or=40;31;01:mi=00:su=37;41:sg=30;43:ca=30;41:tw=30;42:ow=34;42:st=37;44:ex=01;32:*.tar=01;31:*.tgz=01;31:*.arc=01;31:*.arj=01;31:*.taz=01;31:*.lha=01;31:*.lz4=01;31:*.lzh=01;31:*.lzma=01;31:*.tlz=01;31:*.txz=01;31:*.tzo=01;31:*.t7z=01;31:*.zip=01;31:*.z=01;31:*.dz=01;31:*.gz=01;31:*.lrz=01;31:*.lz=01;31:*.lzo=01;31:*.xz=01;31:*.zst=01;31:*.tzst=01;31:*.bz2=01;31:*.bz=01;31:*.tbz=01;31:*.tbz2=01;31:*.tz=01;31:*.deb=01;31:*.rpm=01;31:*.jar=01;31:*.war=01;31:*.ear=01;31:*.sar=01;31:*.rar=01;31:*.alz=01;31:*.ace=01;31:*.zoo=01;31:*.cpio=01;31:*.7z=01;31:*.rz=01;31:*.cab=01;31:*.wim=01;31:*.swm=01;31:*.dwm=01;31:*.esd=01;31:*.jpg=01;35:*.jpeg=01;35:*.mjpg=01;35:*.mjpeg=01;35:*.gif=01;35:*.bmp=01;35:*.pbm=01;35:*.pgm=01;35:*.ppm=01;35:*.tga=01;35:*.xbm=01;35:*.xpm=01;35:*.tif=01;35:*.tiff=01;35:*.png=01;35:*.svg=01;35:*.svgz=01;35:*.mng=01;35:*.pcx=01;35:*.mov=01;35:*.mpg=01;35:*.mpeg=01;35:*.m2v=01;35:*.mkv=01;35:*.webm=01;35:*.webp=01;35:*.ogm=01;35:*.mp4=01;35:*.m4v=01;35:*.mp4v=01;35:*.vob=01;35:*.qt=01;35:*.nuv=01;35:*.wmv=01;35:*.asf=01;35:*.rm=01;35:*.rmvb=01;35:*.flc=01;35:*.avi=01;35:*.fli=01;35:*.flv=01;35:*.gl=01;35:*.dl=01;35:*.xcf=01;35:*.xwd=01;35:*.yuv=01;35:*.cgm=01;35:*.emf=01;35:*.ogv=01;35:*.ogx=01;35:*.aac=00;36:*.au=00;36:*.flac=00;36:*.m4a=00;36:*.mid=00;36:*.midi=00;36:*.mka=00;36:*.mp3=00;36:*.mpc=00;36:*.ogg=00;36:*.ra=00;36:*.wav=00;36:*.oga=00;36:*.opus=00;36:*.spx=00;36:*.xspf=00;36:'), ('GNOME_TERMINAL_SERVICE', ':1.102'), ('SSH_AGENT_LAUNCHER', 'gnome-keyring'), ('SSH_AUTH_SOCK', '/run/user/1000/keyring/ssh'), ('AMENT_PREFIX_PATH', '/opt/ros/humble'), ('CONDA_PYTHON_EXE', '/home/hjh/miniconda3/bin/python'), ('SHELL', '/bin/bash'), ('LC_NAME', 'zh_CN.UTF-8'), ('QT_ACCESSIBILITY', '1'), ('GDMSESSION', 'ubuntu'), ('LESSCLOSE', '/usr/bin/lesspipe %s %s'), ('LC_MEASUREMENT', 'zh_CN.UTF-8'), ('LC_IDENTIFICATION', 'zh_CN.UTF-8'), ('QT_IM_MODULE', 'fcitx'), ('PWD', '/home/hjh/RMserial/build/vision_msg'), ('XDG_CONFIG_DIRS', '/etc/xdg/xdg-ubuntu:/etc/xdg'), ('CONDA_EXE', '/home/hjh/miniconda3/bin/conda'), ('CLUTTER_IM_MODULE', 'fcitx'), ('DBUS_STARTER_ADDRESS', 'unix:path=/run/user/1000/bus,guid=da9e182f6a398809d3ec8f1069c578ca'), ('XDG_DATA_DIRS', '/usr/share/ubuntu:/usr/local/share/:/usr/share/:/var/lib/snapd/desktop'), ('PYTHONPATH', '/opt/ros/humble/lib/python3.10/site-packages:/opt/ros/humble/local/lib/python3.10/dist-packages'), ('HTTP_PROXY', 'http://127.0.0.1:7890/'), ('LC_NUMERIC', 'en_US.UTF-8'), ('LC_PAPER', 'zh_CN.UTF-8'), ('COLCON', '1'), ('VTE_VERSION', '6800'), ('CMAKE_PREFIX_PATH', '/opt/ros/humble')]), 'shell': False}
[0.019458] (def_msg) StderrLine: {'line': b'\x1b[0mCMake Deprecation Warning at CMakeLists.txt:1 (cmake_minimum_required):\n'}
[0.019540] (def_msg) StderrLine: {'line': b'  Compatibility with CMake < 3.10 will be removed from a future version of\n'}
[0.019573] (def_msg) StderrLine: {'line': b'  CMake.\n'}
[0.019601] (def_msg) StderrLine: {'line': b'\n'}
[0.019629] (def_msg) StderrLine: {'line': b'  Update the VERSION argument <min> value.  Or, use the <min>...<max> syntax\n'}
[0.019657] (def_msg) StderrLine: {'line': b'  to tell CMake that the project requires at least <min> but has been updated\n'}
[0.019690] (def_msg) StderrLine: {'line': b'  to work with policies introduced by <max> or earlier.\n'}
[0.019718] (def_msg) StderrLine: {'line': b'\n'}
[0.019746] (def_msg) StderrLine: {'line': b'\x1b[0m\n'}
[0.020187] (pb_rm_interfaces) StderrLine: {'line': b'\x1b[0mCMake Deprecation Warning at CMakeLists.txt:1 (cmake_minimum_required):\n'}
[0.020228] (pb_rm_interfaces) StderrLine: {'line': b'  Compatibility with CMake < 3.10 will be removed from a future version of\n'}
[0.020258] (pb_rm_interfaces) StderrLine: {'line': b'  CMake.\n'}
[0.020285] (pb_rm_interfaces) StderrLine: {'line': b'\n'}
[0.020310] (pb_rm_interfaces) StderrLine: {'line': b'  Update the VERSION argument <min> value.  Or, use the <min>...<max> syntax\n'}
[0.020336] (pb_rm_interfaces) StderrLine: {'line': b'  to tell CMake that the project requires at least <min> but has been updated\n'}
[0.020362] (pb_rm_interfaces) StderrLine: {'line': b'  to work with policies introduced by <max> or earlier.\n'}
[0.020392] (pb_rm_interfaces) StderrLine: {'line': b'\n'}
[0.020419] (pb_rm_interfaces) StderrLine: {'line': b'\x1b[0m\n'}
[0.022830] (vision_msg) StderrLine: {'line': b'\x1b[0mCMake Deprecation Warning at CMakeLists.txt:1 (cmake_minimum_required):\n'}
[0.022944] (vision_msg) StderrLine: {'line': b'  Compatibility with CMake < 3.10 will be removed from a future version of\n'}
[0.022975] (vision_msg) StderrLine: {'line': b'  CMake.\n'}
[0.023002] (vision_msg) StderrLine: {'line': b'\n'}
[0.023029] (vision_msg) StderrLine: {'line': b'  Update the VERSION argument <min> value.  Or, use the <min>...<max> syntax\n'}
[0.023056] (vision_msg) StderrLine: {'line': b'  to tell CMake that the project requires at least <min> but has been updated\n'}
[0.023084] (vision_msg) StderrLine: {'line': b'  to work with policies introduced by <max> or earlier.\n'}
[0.023111] (vision_msg) StderrLine: {'line': b'\n'}
[0.023137] (vision_msg) StderrLine: {'line': b'\x1b[0m\n'}
[0.075402] (pb_rm_interfaces) StdoutLine: {'line': b'-- The C compiler identification is GNU 11.4.0\n'}
[0.077800] (vision_msg) StdoutLine: {'line': b'-- The C compiler identification is GNU 11.4.0\n'}
[0.078923] (def_msg) StdoutLine: {'line': b'-- The C compiler identification is GNU 11.4.0\n'}
[0.099711] (-) TimerEvent: {}
[0.125481] (vision_msg) StdoutLine: {'line': b'-- The CXX compiler identification is GNU 11.4.0\n'}
[0.131480] (def_msg) StdoutLine: {'line': b'-- The CXX compiler identification is GNU 11.4.0\n'}
[0.132438] (pb_rm_interfaces) StdoutLine: {'line': b'-- The CXX compiler identification is GNU 11.4.0\n'}
[0.133754] (vision_msg) StdoutLine: {'line': b'-- Detecting C compiler ABI info\n'}
[0.137985] (def_msg) StdoutLine: {'line': b'-- Detecting C compiler ABI info\n'}
[0.138298] (pb_rm_interfaces) StdoutLine: {'line': b'-- Detecting C compiler ABI info\n'}
[0.189424] (vision_msg) StdoutLine: {'line': b'-- Detecting C compiler ABI info - done\n'}
[0.190237] (def_msg) StdoutLine: {'line': b'-- Detecting C compiler ABI info - done\n'}
[0.195747] (pb_rm_interfaces) StdoutLine: {'line': b'-- Detecting C compiler ABI info - done\n'}
[0.199782] (-) TimerEvent: {}
[0.200487] (vision_msg) StdoutLine: {'line': b'-- Check for working C compiler: /usr/bin/cc - skipped\n'}
[0.201129] (vision_msg) StdoutLine: {'line': b'-- Detecting C compile features\n'}
[0.201461] (vision_msg) StdoutLine: {'line': b'-- Detecting C compile features - done\n'}
[0.204015] (def_msg) StdoutLine: {'line': b'-- Check for working C compiler: /usr/bin/cc - skipped\n'}
[0.204226] (def_msg) StdoutLine: {'line': b'-- Detecting C compile features\n'}
[0.204529] (def_msg) StdoutLine: {'line': b'-- Detecting C compile features - done\n'}
[0.215233] (def_msg) StdoutLine: {'line': b'-- Detecting CXX compiler ABI info\n'}
[0.216279] (vision_msg) StdoutLine: {'line': b'-- Detecting CXX compiler ABI info\n'}
[0.217068] (pb_rm_interfaces) StdoutLine: {'line': b'-- Check for working C compiler: /usr/bin/cc - skipped\n'}
[0.217279] (pb_rm_interfaces) StdoutLine: {'line': b'-- Detecting C compile features\n'}
[0.217558] (pb_rm_interfaces) StdoutLine: {'line': b'-- Detecting C compile features - done\n'}
[0.227399] (pb_rm_interfaces) StdoutLine: {'line': b'-- Detecting CXX compiler ABI info\n'}
[0.280918] (def_msg) StdoutLine: {'line': b'-- Detecting CXX compiler ABI info - done\n'}
[0.289408] (pb_rm_interfaces) StdoutLine: {'line': b'-- Detecting CXX compiler ABI info - done\n'}
[0.293520] (def_msg) StdoutLine: {'line': b'-- Check for working CXX compiler: /usr/bin/c++ - skipped\n'}
[0.293748] (def_msg) StdoutLine: {'line': b'-- Detecting CXX compile features\n'}
[0.294252] (def_msg) StdoutLine: {'line': b'-- Detecting CXX compile features - done\n'}
[0.295221] (vision_msg) StdoutLine: {'line': b'-- Detecting CXX compiler ABI info - done\n'}
[0.299866] (-) TimerEvent: {}
[0.307267] (vision_msg) StdoutLine: {'line': b'-- Check for working CXX compiler: /usr/bin/c++ - skipped\n'}
[0.307495] (vision_msg) StdoutLine: {'line': b'-- Detecting CXX compile features\n'}
[0.308071] (vision_msg) StdoutLine: {'line': b'-- Detecting CXX compile features - done\n'}
[0.310495] (pb_rm_interfaces) StdoutLine: {'line': b'-- Check for working CXX compiler: /usr/bin/c++ - skipped\n'}
[0.310649] (pb_rm_interfaces) StdoutLine: {'line': b'-- Detecting CXX compile features\n'}
[0.311156] (pb_rm_interfaces) StdoutLine: {'line': b'-- Detecting CXX compile features - done\n'}
[0.312230] (def_msg) StdoutLine: {'line': b'-- Found ament_cmake: 1.3.11 (/opt/ros/humble/share/ament_cmake/cmake)\n'}
[0.314581] (vision_msg) StdoutLine: {'line': b'-- Found ament_cmake: 1.3.11 (/opt/ros/humble/share/ament_cmake/cmake)\n'}
[0.320317] (pb_rm_interfaces) StdoutLine: {'line': b'-- Found ament_cmake: 1.3.11 (/opt/ros/humble/share/ament_cmake/cmake)\n'}
[0.399953] (-) TimerEvent: {}
[0.420165] (def_msg) StdoutLine: {'line': b'-- Found Python3: /usr/bin/python3 (found version "3.10.12") found components: Interpreter\n'}
[0.422741] (vision_msg) StdoutLine: {'line': b'-- Found Python3: /usr/bin/python3 (found version "3.10.12") found components: Interpreter\n'}
[0.430593] (pb_rm_interfaces) StdoutLine: {'line': b'-- Found Python3: /usr/bin/python3 (found version "3.10.12") found components: Interpreter\n'}
[0.500052] (-) TimerEvent: {}
[0.508086] (vision_msg) StdoutLine: {'line': b'-- Found rosidl_default_generators: 1.2.0 (/opt/ros/humble/share/rosidl_default_generators/cmake)\n'}
[0.509767] (pb_rm_interfaces) StdoutLine: {'line': b'-- Found rosidl_default_generators: 1.2.0 (/opt/ros/humble/share/rosidl_default_generators/cmake)\n'}
[0.509875] (def_msg) StdoutLine: {'line': b'-- Found std_msgs: 4.2.4 (/opt/ros/humble/share/std_msgs/cmake)\n'}
[0.513537] (vision_msg) StdoutLine: {'line': b'-- Using all available rosidl_typesupport_c: rosidl_typesupport_fastrtps_c;rosidl_typesupport_introspection_c\n'}
[0.514224] (pb_rm_interfaces) StdoutLine: {'line': b'-- Using all available rosidl_typesupport_c: rosidl_typesupport_fastrtps_c;rosidl_typesupport_introspection_c\n'}
[0.522222] (pb_rm_interfaces) StdoutLine: {'line': b'-- Found rosidl_adapter: 3.1.6 (/opt/ros/humble/share/rosidl_adapter/cmake)\n'}
[0.522444] (vision_msg) StdoutLine: {'line': b'-- Found rosidl_adapter: 3.1.6 (/opt/ros/humble/share/rosidl_adapter/cmake)\n'}
[0.556618] (def_msg) StdoutLine: {'line': b'-- Found rosidl_generator_c: 3.1.6 (/opt/ros/humble/share/rosidl_generator_c/cmake)\n'}
[0.560808] (def_msg) StdoutLine: {'line': b'-- Found rosidl_adapter: 3.1.6 (/opt/ros/humble/share/rosidl_adapter/cmake)\n'}
[0.568788] (def_msg) StdoutLine: {'line': b'-- Found rosidl_generator_cpp: 3.1.6 (/opt/ros/humble/share/rosidl_generator_cpp/cmake)\n'}
[0.569487] (pb_rm_interfaces) StdoutLine: {'line': b'-- Using all available rosidl_typesupport_cpp: rosidl_typesupport_fastrtps_cpp;rosidl_typesupport_introspection_cpp\n'}
[0.570910] (vision_msg) StdoutLine: {'line': b'-- Using all available rosidl_typesupport_cpp: rosidl_typesupport_fastrtps_cpp;rosidl_typesupport_introspection_cpp\n'}
[0.582991] (def_msg) StdoutLine: {'line': b'-- Using all available rosidl_typesupport_c: rosidl_typesupport_fastrtps_c;rosidl_typesupport_introspection_c\n'}
[0.596704] (def_msg) StdoutLine: {'line': b'-- Using all available rosidl_typesupport_cpp: rosidl_typesupport_fastrtps_cpp;rosidl_typesupport_introspection_cpp\n'}
[0.600145] (-) TimerEvent: {}
[0.603246] (vision_msg) StdoutLine: {'line': b'-- Found std_msgs: 4.2.4 (/opt/ros/humble/share/std_msgs/cmake)\n'}
[0.607588] (pb_rm_interfaces) StdoutLine: {'line': b'-- Found geometry_msgs: 4.8.0 (/opt/ros/humble/share/geometry_msgs/cmake)\n'}
[0.622889] (def_msg) StdoutLine: {'line': b'-- Found rosidl_default_generators: 1.2.0 (/opt/ros/humble/share/rosidl_default_generators/cmake)\n'}
[0.627887] (vision_msg) StdoutLine: {'line': b'-- Found ament_lint_auto: 0.12.11 (/opt/ros/humble/share/ament_lint_auto/cmake)\n'}
[0.630454] (def_msg) StdoutLine: {'line': b'-- Found ament_lint_auto: 0.12.11 (/opt/ros/humble/share/ament_lint_auto/cmake)\n'}
[0.700254] (-) TimerEvent: {}
[0.800553] (-) TimerEvent: {}
[0.900858] (-) TimerEvent: {}
[0.986784] (vision_msg) StdoutLine: {'line': b'-- Found ament_cmake_ros: 0.10.0 (/opt/ros/humble/share/ament_cmake_ros/cmake)\n'}
[1.000959] (-) TimerEvent: {}
[1.008417] (pb_rm_interfaces) StdoutLine: {'line': b'-- Found ament_cmake_ros: 0.10.0 (/opt/ros/humble/share/ament_cmake_ros/cmake)\n'}
[1.043670] (def_msg) StdoutLine: {'line': b'-- Found ament_cmake_ros: 0.10.0 (/opt/ros/humble/share/ament_cmake_ros/cmake)\n'}
[1.101089] (-) TimerEvent: {}
[1.201377] (-) TimerEvent: {}
[1.301704] (-) TimerEvent: {}
[1.384983] (pb_rm_interfaces) StdoutLine: {'line': b'-- Using all available rosidl_typesupport_c: rosidl_typesupport_fastrtps_c;rosidl_typesupport_introspection_c\n'}
[1.392607] (vision_msg) StdoutLine: {'line': b'-- Using all available rosidl_typesupport_c: rosidl_typesupport_fastrtps_c;rosidl_typesupport_introspection_c\n'}
[1.401804] (-) TimerEvent: {}
[1.502133] (-) TimerEvent: {}
[1.602421] (-) TimerEvent: {}
[1.676191] (def_msg) StdoutLine: {'line': b'-- Using all available rosidl_typesupport_c: rosidl_typesupport_fastrtps_c;rosidl_typesupport_introspection_c\n'}
[1.702526] (-) TimerEvent: {}
[1.802830] (-) TimerEvent: {}
[1.881960] (vision_msg) StdoutLine: {'line': b'-- Using all available rosidl_typesupport_cpp: rosidl_typesupport_fastrtps_cpp;rosidl_typesupport_introspection_cpp\n'}
[1.887459] (vision_msg) StderrLine: {'line': b'\x1b[33mCMake Warning (dev) at /opt/ros/humble/share/rosidl_generator_py/cmake/rosidl_generator_py_generate_interfaces.cmake:20 (find_package):\n'}
[1.887605] (vision_msg) StderrLine: {'line': b'  Policy CMP0148 is not set: The FindPythonInterp and FindPythonLibs modules\n'}
[1.887709] (vision_msg) StderrLine: {'line': b'  are removed.  Run "cmake --help-policy CMP0148" for policy details.  Use\n'}
[1.887803] (vision_msg) StderrLine: {'line': b'  the cmake_policy command to set the policy and suppress this warning.\n'}
[1.887888] (vision_msg) StderrLine: {'line': b'\n'}
[1.887971] (vision_msg) StderrLine: {'line': b'Call Stack (most recent call first):\n'}
[1.888056] (vision_msg) StderrLine: {'line': b'  /opt/ros/humble/share/ament_cmake_core/cmake/core/ament_execute_extensions.cmake:48 (include)\n'}
[1.888142] (vision_msg) StderrLine: {'line': b'  /opt/ros/humble/share/rosidl_cmake/cmake/rosidl_generate_interfaces.cmake:286 (ament_execute_extensions)\n'}
[1.888243] (vision_msg) StderrLine: {'line': b'  CMakeLists.txt:37 (rosidl_generate_interfaces)\n'}
[1.888332] (vision_msg) StderrLine: {'line': b'This warning is for project developers.  Use -Wno-dev to suppress it.\n'}
[1.888417] (vision_msg) StderrLine: {'line': b'\x1b[0m\n'}
[1.889317] (pb_rm_interfaces) StdoutLine: {'line': b'-- Using all available rosidl_typesupport_cpp: rosidl_typesupport_fastrtps_cpp;rosidl_typesupport_introspection_cpp\n'}
[1.890803] (pb_rm_interfaces) StderrLine: {'line': b'\x1b[33mCMake Warning (dev) at /opt/ros/humble/share/rosidl_generator_py/cmake/rosidl_generator_py_generate_interfaces.cmake:20 (find_package):\n'}
[1.890976] (pb_rm_interfaces) StderrLine: {'line': b'  Policy CMP0148 is not set: The FindPythonInterp and FindPythonLibs modules\n'}
[1.891066] (pb_rm_interfaces) StderrLine: {'line': b'  are removed.  Run "cmake --help-policy CMP0148" for policy details.  Use\n'}
[1.891147] (pb_rm_interfaces) StderrLine: {'line': b'  the cmake_policy command to set the policy and suppress this warning.\n'}
[1.891225] (pb_rm_interfaces) StderrLine: {'line': b'\n'}
[1.891300] (pb_rm_interfaces) StderrLine: {'line': b'Call Stack (most recent call first):\n'}
[1.891374] (pb_rm_interfaces) StderrLine: {'line': b'  /opt/ros/humble/share/ament_cmake_core/cmake/core/ament_execute_extensions.cmake:48 (include)\n'}
[1.891448] (pb_rm_interfaces) StderrLine: {'line': b'  /opt/ros/humble/share/rosidl_cmake/cmake/rosidl_generate_interfaces.cmake:286 (ament_execute_extensions)\n'}
[1.891522] (pb_rm_interfaces) StderrLine: {'line': b'  CMakeLists.txt:20 (rosidl_generate_interfaces)\n'}
[1.891595] (pb_rm_interfaces) StderrLine: {'line': b'This warning is for project developers.  Use -Wno-dev to suppress it.\n'}
[1.891668] (pb_rm_interfaces) StderrLine: {'line': b'\x1b[0m\n'}
[1.902450] (vision_msg) StdoutLine: {'line': b'-- Found PythonInterp: /usr/bin/python3 (found suitable version "3.10.12", minimum required is "3.6")\n'}
[1.902890] (-) TimerEvent: {}
[1.904224] (vision_msg) StdoutLine: {'line': b'-- Found python_cmake_module: 0.10.0 (/opt/ros/humble/share/python_cmake_module/cmake)\n'}
[1.905317] (vision_msg) StderrLine: {'line': b'\x1b[33mCMake Warning (dev) at /opt/ros/humble/share/python_cmake_module/cmake/Modules/FindPythonExtra.cmake:52 (find_package):\n'}
[1.905453] (vision_msg) StderrLine: {'line': b'  Policy CMP0148 is not set: The FindPythonInterp and FindPythonLibs modules\n'}
[1.905551] (vision_msg) StderrLine: {'line': b'  are removed.  Run "cmake --help-policy CMP0148" for policy details.  Use\n'}
[1.905641] (vision_msg) StderrLine: {'line': b'  the cmake_policy command to set the policy and suppress this warning.\n'}
[1.905745] (vision_msg) StderrLine: {'line': b'\n'}
[1.905845] (vision_msg) StderrLine: {'line': b'Call Stack (most recent call first):\n'}
[1.905935] (vision_msg) StderrLine: {'line': b'  /opt/ros/humble/share/rosidl_generator_py/cmake/rosidl_generator_py_generate_interfaces.cmake:23 (find_package)\n'}
[1.906025] (vision_msg) StderrLine: {'line': b'  /opt/ros/humble/share/ament_cmake_core/cmake/core/ament_execute_extensions.cmake:48 (include)\n'}
[1.906127] (vision_msg) StderrLine: {'line': b'  /opt/ros/humble/share/rosidl_cmake/cmake/rosidl_generate_interfaces.cmake:286 (ament_execute_extensions)\n'}
[1.906216] (vision_msg) StderrLine: {'line': b'  CMakeLists.txt:37 (rosidl_generate_interfaces)\n'}
[1.906302] (vision_msg) StderrLine: {'line': b'This warning is for project developers.  Use -Wno-dev to suppress it.\n'}
[1.906386] (vision_msg) StderrLine: {'line': b'\x1b[0m\n'}
[1.908308] (pb_rm_interfaces) StdoutLine: {'line': b'-- Found PythonInterp: /usr/bin/python3 (found suitable version "3.10.12", minimum required is "3.6")\n'}
[1.911429] (pb_rm_interfaces) StdoutLine: {'line': b'-- Found python_cmake_module: 0.10.0 (/opt/ros/humble/share/python_cmake_module/cmake)\n'}
[1.912206] (pb_rm_interfaces) StderrLine: {'line': b'\x1b[33mCMake Warning (dev) at /opt/ros/humble/share/python_cmake_module/cmake/Modules/FindPythonExtra.cmake:52 (find_package):\n'}
[1.912368] (pb_rm_interfaces) StderrLine: {'line': b'  Policy CMP0148 is not set: The FindPythonInterp and FindPythonLibs modules\n'}
[1.912461] (pb_rm_interfaces) StderrLine: {'line': b'  are removed.  Run "cmake --help-policy CMP0148" for policy details.  Use\n'}
[1.912544] (pb_rm_interfaces) StderrLine: {'line': b'  the cmake_policy command to set the policy and suppress this warning.\n'}
[1.912621] (pb_rm_interfaces) StderrLine: {'line': b'\n'}
[1.912709] (pb_rm_interfaces) StderrLine: {'line': b'Call Stack (most recent call first):\n'}
[1.912795] (pb_rm_interfaces) StderrLine: {'line': b'  /opt/ros/humble/share/rosidl_generator_py/cmake/rosidl_generator_py_generate_interfaces.cmake:23 (find_package)\n'}
[1.912874] (pb_rm_interfaces) StderrLine: {'line': b'  /opt/ros/humble/share/ament_cmake_core/cmake/core/ament_execute_extensions.cmake:48 (include)\n'}
[1.912953] (pb_rm_interfaces) StderrLine: {'line': b'  /opt/ros/humble/share/rosidl_cmake/cmake/rosidl_generate_interfaces.cmake:286 (ament_execute_extensions)\n'}
[1.913040] (pb_rm_interfaces) StderrLine: {'line': b'  CMakeLists.txt:20 (rosidl_generate_interfaces)\n'}
[1.913121] (pb_rm_interfaces) StderrLine: {'line': b'This warning is for project developers.  Use -Wno-dev to suppress it.\n'}
[1.913198] (pb_rm_interfaces) StderrLine: {'line': b'\x1b[0m\n'}
[1.914595] (def_msg) StdoutLine: {'line': b'-- Using all available rosidl_typesupport_cpp: rosidl_typesupport_fastrtps_cpp;rosidl_typesupport_introspection_cpp\n'}
[1.916201] (def_msg) StderrLine: {'line': b'\x1b[33mCMake Warning (dev) at /opt/ros/humble/share/rosidl_generator_py/cmake/rosidl_generator_py_generate_interfaces.cmake:20 (find_package):\n'}
[1.916294] (def_msg) StderrLine: {'line': b'  Policy CMP0148 is not set: The FindPythonInterp and FindPythonLibs modules\n'}
[1.916369] (def_msg) StderrLine: {'line': b'  are removed.  Run "cmake --help-policy CMP0148" for policy details.  Use\n'}
[1.916442] (def_msg) StderrLine: {'line': b'  the cmake_policy command to set the policy and suppress this warning.\n'}
[1.916515] (def_msg) StderrLine: {'line': b'\n'}
[1.916587] (def_msg) StderrLine: {'line': b'Call Stack (most recent call first):\n'}
[1.916659] (def_msg) StderrLine: {'line': b'  /opt/ros/humble/share/ament_cmake_core/cmake/core/ament_execute_extensions.cmake:48 (include)\n'}
[1.916742] (def_msg) StderrLine: {'line': b'  /opt/ros/humble/share/rosidl_cmake/cmake/rosidl_generate_interfaces.cmake:286 (ament_execute_extensions)\n'}
[1.916817] (def_msg) StderrLine: {'line': b'  CMakeLists.txt:28 (rosidl_generate_interfaces)\n'}
[1.916889] (def_msg) StderrLine: {'line': b'This warning is for project developers.  Use -Wno-dev to suppress it.\n'}
[1.916964] (def_msg) StderrLine: {'line': b'\x1b[0m\n'}
[1.919812] (vision_msg) StderrLine: {'line': b'\x1b[33mCMake Warning (dev) at /opt/ros/humble/share/python_cmake_module/cmake/Modules/FindPythonExtra.cmake:140 (find_package):\n'}
[1.919933] (vision_msg) StderrLine: {'line': b'  Policy CMP0148 is not set: The FindPythonInterp and FindPythonLibs modules\n'}
[1.920010] (vision_msg) StderrLine: {'line': b'  are removed.  Run "cmake --help-policy CMP0148" for policy details.  Use\n'}
[1.920085] (vision_msg) StderrLine: {'line': b'  the cmake_policy command to set the policy and suppress this warning.\n'}
[1.920158] (vision_msg) StderrLine: {'line': b'\n'}
[1.920230] (vision_msg) StderrLine: {'line': b'Call Stack (most recent call first):\n'}
[1.920302] (vision_msg) StderrLine: {'line': b'  /opt/ros/humble/share/rosidl_generator_py/cmake/rosidl_generator_py_generate_interfaces.cmake:23 (find_package)\n'}
[1.920388] (vision_msg) StderrLine: {'line': b'  /opt/ros/humble/share/ament_cmake_core/cmake/core/ament_execute_extensions.cmake:48 (include)\n'}
[1.920462] (vision_msg) StderrLine: {'line': b'  /opt/ros/humble/share/rosidl_cmake/cmake/rosidl_generate_interfaces.cmake:286 (ament_execute_extensions)\n'}
[1.920534] (vision_msg) StderrLine: {'line': b'  CMakeLists.txt:37 (rosidl_generate_interfaces)\n'}
[1.920618] (vision_msg) StderrLine: {'line': b'This warning is for project developers.  Use -Wno-dev to suppress it.\n'}
[1.920699] (vision_msg) StderrLine: {'line': b'\x1b[0m\n'}
[1.926794] (vision_msg) StdoutLine: {'line': b'-- Found PythonLibs: /usr/lib/x86_64-linux-gnu/libpython3.10.so (found suitable version "3.10.12", minimum required is "3.5")\n'}
[1.926952] (vision_msg) StdoutLine: {'line': b'-- Using PYTHON_EXECUTABLE: /usr/bin/python3\n'}
[1.927028] (vision_msg) StdoutLine: {'line': b'-- Using PYTHON_INCLUDE_DIRS: /usr/include/python3.10\n'}
[1.927102] (vision_msg) StdoutLine: {'line': b'-- Using PYTHON_LIBRARIES: /usr/lib/x86_64-linux-gnu/libpython3.10.so\n'}
[1.931238] (pb_rm_interfaces) StderrLine: {'line': b'\x1b[33mCMake Warning (dev) at /opt/ros/humble/share/python_cmake_module/cmake/Modules/FindPythonExtra.cmake:140 (find_package):\n'}
[1.931423] (pb_rm_interfaces) StderrLine: {'line': b'  Policy CMP0148 is not set: The FindPythonInterp and FindPythonLibs modules\n'}
[1.931510] (pb_rm_interfaces) StderrLine: {'line': b'  are removed.  Run "cmake --help-policy CMP0148" for policy details.  Use\n'}
[1.931587] (pb_rm_interfaces) StderrLine: {'line': b'  the cmake_policy command to set the policy and suppress this warning.\n'}
[1.931660] (pb_rm_interfaces) StderrLine: {'line': b'\n'}
[1.931742] (pb_rm_interfaces) StderrLine: {'line': b'Call Stack (most recent call first):\n'}
[1.931830] (pb_rm_interfaces) StderrLine: {'line': b'  /opt/ros/humble/share/rosidl_generator_py/cmake/rosidl_generator_py_generate_interfaces.cmake:23 (find_package)\n'}
[1.931906] (pb_rm_interfaces) StderrLine: {'line': b'  /opt/ros/humble/share/ament_cmake_core/cmake/core/ament_execute_extensions.cmake:48 (include)\n'}
[1.931996] (pb_rm_interfaces) StderrLine: {'line': b'  /opt/ros/humble/share/rosidl_cmake/cmake/rosidl_generate_interfaces.cmake:286 (ament_execute_extensions)\n'}
[1.932073] (pb_rm_interfaces) StderrLine: {'line': b'  CMakeLists.txt:20 (rosidl_generate_interfaces)\n'}
[1.932148] (pb_rm_interfaces) StderrLine: {'line': b'This warning is for project developers.  Use -Wno-dev to suppress it.\n'}
[1.932222] (pb_rm_interfaces) StderrLine: {'line': b'\x1b[0m\n'}
[1.934181] (def_msg) StdoutLine: {'line': b'-- Found PythonInterp: /usr/bin/python3 (found suitable version "3.10.12", minimum required is "3.6")\n'}
[1.935686] (def_msg) StdoutLine: {'line': b'-- Found python_cmake_module: 0.10.0 (/opt/ros/humble/share/python_cmake_module/cmake)\n'}
[1.936107] (def_msg) StderrLine: {'line': b'\x1b[33mCMake Warning (dev) at /opt/ros/humble/share/python_cmake_module/cmake/Modules/FindPythonExtra.cmake:52 (find_package):\n'}
[1.936247] (def_msg) StderrLine: {'line': b'  Policy CMP0148 is not set: The FindPythonInterp and FindPythonLibs modules\n'}
[1.936334] (def_msg) StderrLine: {'line': b'  are removed.  Run "cmake --help-policy CMP0148" for policy details.  Use\n'}
[1.936413] (def_msg) StderrLine: {'line': b'  the cmake_policy command to set the policy and suppress this warning.\n'}
[1.936487] (def_msg) StderrLine: {'line': b'\n'}
[1.936560] (def_msg) StderrLine: {'line': b'Call Stack (most recent call first):\n'}
[1.936632] (def_msg) StderrLine: {'line': b'  /opt/ros/humble/share/rosidl_generator_py/cmake/rosidl_generator_py_generate_interfaces.cmake:23 (find_package)\n'}
[1.936729] (def_msg) StderrLine: {'line': b'  /opt/ros/humble/share/ament_cmake_core/cmake/core/ament_execute_extensions.cmake:48 (include)\n'}
[1.936811] (def_msg) StderrLine: {'line': b'  /opt/ros/humble/share/rosidl_cmake/cmake/rosidl_generate_interfaces.cmake:286 (ament_execute_extensions)\n'}
[1.936884] (def_msg) StderrLine: {'line': b'  CMakeLists.txt:28 (rosidl_generate_interfaces)\n'}
[1.936957] (def_msg) StderrLine: {'line': b'This warning is for project developers.  Use -Wno-dev to suppress it.\n'}
[1.937030] (def_msg) StderrLine: {'line': b'\x1b[0m\n'}
[1.937603] (pb_rm_interfaces) StdoutLine: {'line': b'-- Found PythonLibs: /usr/lib/x86_64-linux-gnu/libpython3.10.so (found suitable version "3.10.12", minimum required is "3.5")\n'}
[1.937766] (pb_rm_interfaces) StdoutLine: {'line': b'-- Using PYTHON_EXECUTABLE: /usr/bin/python3\n'}
[1.937874] (pb_rm_interfaces) StdoutLine: {'line': b'-- Using PYTHON_INCLUDE_DIRS: /usr/include/python3.10\n'}
[1.937948] (pb_rm_interfaces) StdoutLine: {'line': b'-- Using PYTHON_LIBRARIES: /usr/lib/x86_64-linux-gnu/libpython3.10.so\n'}
[1.947897] (vision_msg) StdoutLine: {'line': b'-- Found PythonExtra: .so\n'}
[1.951359] (def_msg) StderrLine: {'line': b'\x1b[33mCMake Warning (dev) at /opt/ros/humble/share/python_cmake_module/cmake/Modules/FindPythonExtra.cmake:140 (find_package):\n'}
[1.951473] (def_msg) StderrLine: {'line': b'  Policy CMP0148 is not set: The FindPythonInterp and FindPythonLibs modules\n'}
[1.951546] (def_msg) StderrLine: {'line': b'  are removed.  Run "cmake --help-policy CMP0148" for policy details.  Use\n'}
[1.951616] (def_msg) StderrLine: {'line': b'  the cmake_policy command to set the policy and suppress this warning.\n'}
[1.951710] (def_msg) StderrLine: {'line': b'\n'}
[1.951786] (def_msg) StderrLine: {'line': b'Call Stack (most recent call first):\n'}
[1.951854] (def_msg) StderrLine: {'line': b'  /opt/ros/humble/share/rosidl_generator_py/cmake/rosidl_generator_py_generate_interfaces.cmake:23 (find_package)\n'}
[1.951924] (def_msg) StderrLine: {'line': b'  /opt/ros/humble/share/ament_cmake_core/cmake/core/ament_execute_extensions.cmake:48 (include)\n'}
[1.951993] (def_msg) StderrLine: {'line': b'  /opt/ros/humble/share/rosidl_cmake/cmake/rosidl_generate_interfaces.cmake:286 (ament_execute_extensions)\n'}
[1.952062] (def_msg) StderrLine: {'line': b'  CMakeLists.txt:28 (rosidl_generate_interfaces)\n'}
[1.952131] (def_msg) StderrLine: {'line': b'This warning is for project developers.  Use -Wno-dev to suppress it.\n'}
[1.952200] (def_msg) StderrLine: {'line': b'\x1b[0m\n'}
[1.958522] (pb_rm_interfaces) StdoutLine: {'line': b'-- Found PythonExtra: .so\n'}
[1.959131] (def_msg) StdoutLine: {'line': b'-- Found PythonLibs: /usr/lib/x86_64-linux-gnu/libpython3.10.so (found suitable version "3.10.12", minimum required is "3.5")\n'}
[1.959213] (def_msg) StdoutLine: {'line': b'-- Using PYTHON_EXECUTABLE: /usr/bin/python3\n'}
[1.959248] (def_msg) StdoutLine: {'line': b'-- Using PYTHON_INCLUDE_DIRS: /usr/include/python3.10\n'}
[1.959277] (def_msg) StdoutLine: {'line': b'-- Using PYTHON_LIBRARIES: /usr/lib/x86_64-linux-gnu/libpython3.10.so\n'}
[1.977470] (def_msg) StdoutLine: {'line': b'-- Found PythonExtra: .so\n'}
[1.986218] (vision_msg) StdoutLine: {'line': b"-- Added test 'copyright' to check source files copyright and LICENSE\n"}
[1.987793] (vision_msg) StdoutLine: {'line': b"-- Added test 'lint_cmake' to check CMake code style\n"}
[1.988786] (vision_msg) StdoutLine: {'line': b"-- Added test 'xmllint' to check XML markup files\n"}
[1.996871] (vision_msg) StdoutLine: {'line': b'-- Configuring done (2.0s)\n'}
[2.002966] (-) TimerEvent: {}
[2.011905] (pb_rm_interfaces) StdoutLine: {'line': b'-- Configuring done (2.0s)\n'}
[2.018334] (def_msg) StdoutLine: {'line': b"-- Added test 'lint_cmake' to check CMake code style\n"}
[2.019096] (def_msg) StdoutLine: {'line': b"-- Added test 'xmllint' to check XML markup files\n"}
[2.021431] (def_msg) StdoutLine: {'line': b'-- Configuring done (2.0s)\n'}
[2.024745] (vision_msg) StdoutLine: {'line': b'-- Generating done (0.0s)\n'}
[2.035318] (vision_msg) StdoutLine: {'line': b'-- Build files have been written to: /home/hjh/RMserial/build/vision_msg\n'}
[2.037751] (pb_rm_interfaces) StdoutLine: {'line': b'-- Generating done (0.0s)\n'}
[2.042117] (vision_msg) CommandEnded: {'returncode': 0}
[2.042792] (vision_msg) JobProgress: {'identifier': 'vision_msg', 'progress': 'build'}
[2.043660] (vision_msg) Command: {'cmd': ['/usr/bin/cmake', '--build', '/home/hjh/RMserial/build/vision_msg', '--', '-j16', '-l16'], 'cwd': '/home/hjh/RMserial/build/vision_msg', 'env': OrderedDict([('LESSOPEN', '| /usr/bin/lesspipe %s'), ('HTTPS_PROXY', 'http://127.0.0.1:7890/'), ('no_proxy', 'localhost,127.0.0.1,::1'), ('LANGUAGE', 'zh_CN:en'), ('USER', 'hjh'), ('LC_TIME', 'zh_CN.UTF-8'), ('all_proxy', 'socks://127.0.0.1:7890/'), ('XDG_SESSION_TYPE', 'wayland'), ('SHLVL', '1'), ('LD_LIBRARY_PATH', '/opt/ros/humble/opt/openvdb_vendor/lib:/home/hjh/ros2_ws/install/lib:/home/hjh/ros2_ws/install/lib:/usr/lib/x86_64-linux-gnu/gazebo-11/plugins:/opt/ros/humble/opt/rviz_ogre_vendor/lib:/opt/ros/humble/lib/x86_64-linux-gnu:/opt/ros/humble/lib'), ('HOME', '/home/hjh'), ('CONDA_SHLVL', '0'), ('DESKTOP_SESSION', 'ubuntu'), ('NO_PROXY', 'localhost,127.0.0.1,::1'), ('ROS_PYTHON_VERSION', '3'), ('GNOME_SHELL_SESSION_MODE', 'ubuntu'), ('GTK_MODULES', 'gail:atk-bridge'), ('LC_MONETARY', 'zh_CN.UTF-8'), ('DBUS_STARTER_BUS_TYPE', 'session'), ('SYSTEMD_EXEC_PID', '1746'), ('DBUS_SESSION_BUS_ADDRESS', 'unix:path=/run/user/1000/bus,guid=da9e182f6a398809d3ec8f1069c578ca'), ('COLORTERM', 'truecolor'), ('_CE_M', ''), ('IM_CONFIG_PHASE', '1'), ('WAYLAND_DISPLAY', 'wayland-0'), ('https_proxy', 'http://127.0.0.1:7890/'), ('ROS_DISTRO', 'humble'), ('GTK_IM_MODULE', 'fcitx'), ('LOGNAME', 'hjh'), ('ALL_PROXY', 'socks://127.0.0.1:7890/'), ('http_proxy', 'http://127.0.0.1:7890/'), ('_', '/usr/bin/colcon'), ('ROS_VERSION', '2'), ('XDG_SESSION_CLASS', 'user'), ('USERNAME', 'hjh'), ('TERM', 'xterm-256color'), ('GNOME_DESKTOP_SESSION_ID', 'this-is-deprecated'), ('_CE_CONDA', ''), ('ROS_LOCALHOST_ONLY', '0'), ('PATH', '/home/hjh/miniconda3/condabin:/opt/ros/humble/bin:/home/hjh/.local/bin:/usr/local/sbin:/usr/local/bin:/usr/sbin:/usr/bin:/sbin:/bin:/usr/games:/usr/local/games:/snap/bin:/snap/bin'), ('SESSION_MANAGER', 'local/hjh-Lenovo-G5000-IRH8:@/tmp/.ICE-unix/1746,unix/hjh-Lenovo-G5000-IRH8:/tmp/.ICE-unix/1746'), ('PAPERSIZE', 'a4'), ('XDG_MENU_PREFIX', 'gnome-'), ('LC_ADDRESS', 'zh_CN.UTF-8'), ('GNOME_TERMINAL_SCREEN', '/org/gnome/Terminal/screen/d4c127c6_0c8e_45b3_8c66_2cd1158f5318'), ('GNOME_SETUP_DISPLAY', ':1'), ('XDG_RUNTIME_DIR', '/run/user/1000'), ('DISPLAY', ':0'), ('LANG', 'zh_CN.UTF-8'), ('XDG_CURRENT_DESKTOP', 'ubuntu:GNOME'), ('LC_TELEPHONE', 'zh_CN.UTF-8'), ('XMODIFIERS', '@im=fcitx'), ('XDG_SESSION_DESKTOP', 'ubuntu'), ('XAUTHORITY', '/run/user/1000/.mutter-Xwaylandauth.3AY2M3'), ('LS_COLORS', 'rs=0:di=01;34:ln=01;36:mh=00:pi=40;33:so=01;35:do=01;35:bd=40;33;01:cd=40;33;01:or=40;31;01:mi=00:su=37;41:sg=30;43:ca=30;41:tw=30;42:ow=34;42:st=37;44:ex=01;32:*.tar=01;31:*.tgz=01;31:*.arc=01;31:*.arj=01;31:*.taz=01;31:*.lha=01;31:*.lz4=01;31:*.lzh=01;31:*.lzma=01;31:*.tlz=01;31:*.txz=01;31:*.tzo=01;31:*.t7z=01;31:*.zip=01;31:*.z=01;31:*.dz=01;31:*.gz=01;31:*.lrz=01;31:*.lz=01;31:*.lzo=01;31:*.xz=01;31:*.zst=01;31:*.tzst=01;31:*.bz2=01;31:*.bz=01;31:*.tbz=01;31:*.tbz2=01;31:*.tz=01;31:*.deb=01;31:*.rpm=01;31:*.jar=01;31:*.war=01;31:*.ear=01;31:*.sar=01;31:*.rar=01;31:*.alz=01;31:*.ace=01;31:*.zoo=01;31:*.cpio=01;31:*.7z=01;31:*.rz=01;31:*.cab=01;31:*.wim=01;31:*.swm=01;31:*.dwm=01;31:*.esd=01;31:*.jpg=01;35:*.jpeg=01;35:*.mjpg=01;35:*.mjpeg=01;35:*.gif=01;35:*.bmp=01;35:*.pbm=01;35:*.pgm=01;35:*.ppm=01;35:*.tga=01;35:*.xbm=01;35:*.xpm=01;35:*.tif=01;35:*.tiff=01;35:*.png=01;35:*.svg=01;35:*.svgz=01;35:*.mng=01;35:*.pcx=01;35:*.mov=01;35:*.mpg=01;35:*.mpeg=01;35:*.m2v=01;35:*.mkv=01;35:*.webm=01;35:*.webp=01;35:*.ogm=01;35:*.mp4=01;35:*.m4v=01;35:*.mp4v=01;35:*.vob=01;35:*.qt=01;35:*.nuv=01;35:*.wmv=01;35:*.asf=01;35:*.rm=01;35:*.rmvb=01;35:*.flc=01;35:*.avi=01;35:*.fli=01;35:*.flv=01;35:*.gl=01;35:*.dl=01;35:*.xcf=01;35:*.xwd=01;35:*.yuv=01;35:*.cgm=01;35:*.emf=01;35:*.ogv=01;35:*.ogx=01;35:*.aac=00;36:*.au=00;36:*.flac=00;36:*.m4a=00;36:*.mid=00;36:*.midi=00;36:*.mka=00;36:*.mp3=00;36:*.mpc=00;36:*.ogg=00;36:*.ra=00;36:*.wav=00;36:*.oga=00;36:*.opus=00;36:*.spx=00;36:*.xspf=00;36:'), ('GNOME_TERMINAL_SERVICE', ':1.102'), ('SSH_AGENT_LAUNCHER', 'gnome-keyring'), ('SSH_AUTH_SOCK', '/run/user/1000/keyring/ssh'), ('AMENT_PREFIX_PATH', '/opt/ros/humble'), ('CONDA_PYTHON_EXE', '/home/hjh/miniconda3/bin/python'), ('SHELL', '/bin/bash'), ('LC_NAME', 'zh_CN.UTF-8'), ('QT_ACCESSIBILITY', '1'), ('GDMSESSION', 'ubuntu'), ('LESSCLOSE', '/usr/bin/lesspipe %s %s'), ('LC_MEASUREMENT', 'zh_CN.UTF-8'), ('LC_IDENTIFICATION', 'zh_CN.UTF-8'), ('QT_IM_MODULE', 'fcitx'), ('PWD', '/home/hjh/RMserial/build/vision_msg'), ('XDG_CONFIG_DIRS', '/etc/xdg/xdg-ubuntu:/etc/xdg'), ('CONDA_EXE', '/home/hjh/miniconda3/bin/conda'), ('CLUTTER_IM_MODULE', 'fcitx'), ('DBUS_STARTER_ADDRESS', 'unix:path=/run/user/1000/bus,guid=da9e182f6a398809d3ec8f1069c578ca'), ('XDG_DATA_DIRS', '/usr/share/ubuntu:/usr/local/share/:/usr/share/:/var/lib/snapd/desktop'), ('PYTHONPATH', '/opt/ros/humble/lib/python3.10/site-packages:/opt/ros/humble/local/lib/python3.10/dist-packages'), ('HTTP_PROXY', 'http://127.0.0.1:7890/'), ('LC_NUMERIC', 'en_US.UTF-8'), ('LC_PAPER', 'zh_CN.UTF-8'), ('COLCON', '1'), ('VTE_VERSION', '6800'), ('CMAKE_PREFIX_PATH', '/opt/ros/humble')]), 'shell': False}
[2.050150] (pb_rm_interfaces) StdoutLine: {'line': b'-- Build files have been written to: /home/hjh/RMserial/build/pb_rm_interfaces\n'}
[2.056431] (pb_rm_interfaces) CommandEnded: {'returncode': 0}
[2.057113] (pb_rm_interfaces) JobProgress: {'identifier': 'pb_rm_interfaces', 'progress': 'build'}
[2.057233] (def_msg) StdoutLine: {'line': b'-- Generating done (0.0s)\n'}
[2.057785] (pb_rm_interfaces) Command: {'cmd': ['/usr/bin/cmake', '--build', '/home/hjh/RMserial/build/pb_rm_interfaces', '--', '-j16', '-l16'], 'cwd': '/home/hjh/RMserial/build/pb_rm_interfaces', 'env': OrderedDict([('LESSOPEN', '| /usr/bin/lesspipe %s'), ('HTTPS_PROXY', 'http://127.0.0.1:7890/'), ('no_proxy', 'localhost,127.0.0.1,::1'), ('LANGUAGE', 'zh_CN:en'), ('USER', 'hjh'), ('LC_TIME', 'zh_CN.UTF-8'), ('all_proxy', 'socks://127.0.0.1:7890/'), ('XDG_SESSION_TYPE', 'wayland'), ('SHLVL', '1'), ('LD_LIBRARY_PATH', '/opt/ros/humble/opt/openvdb_vendor/lib:/home/hjh/ros2_ws/install/lib:/home/hjh/ros2_ws/install/lib:/usr/lib/x86_64-linux-gnu/gazebo-11/plugins:/opt/ros/humble/opt/rviz_ogre_vendor/lib:/opt/ros/humble/lib/x86_64-linux-gnu:/opt/ros/humble/lib'), ('HOME', '/home/hjh'), ('CONDA_SHLVL', '0'), ('DESKTOP_SESSION', 'ubuntu'), ('NO_PROXY', 'localhost,127.0.0.1,::1'), ('ROS_PYTHON_VERSION', '3'), ('GNOME_SHELL_SESSION_MODE', 'ubuntu'), ('GTK_MODULES', 'gail:atk-bridge'), ('LC_MONETARY', 'zh_CN.UTF-8'), ('DBUS_STARTER_BUS_TYPE', 'session'), ('SYSTEMD_EXEC_PID', '1746'), ('DBUS_SESSION_BUS_ADDRESS', 'unix:path=/run/user/1000/bus,guid=da9e182f6a398809d3ec8f1069c578ca'), ('COLORTERM', 'truecolor'), ('_CE_M', ''), ('IM_CONFIG_PHASE', '1'), ('WAYLAND_DISPLAY', 'wayland-0'), ('https_proxy', 'http://127.0.0.1:7890/'), ('ROS_DISTRO', 'humble'), ('GTK_IM_MODULE', 'fcitx'), ('LOGNAME', 'hjh'), ('ALL_PROXY', 'socks://127.0.0.1:7890/'), ('http_proxy', 'http://127.0.0.1:7890/'), ('_', '/usr/bin/colcon'), ('ROS_VERSION', '2'), ('XDG_SESSION_CLASS', 'user'), ('USERNAME', 'hjh'), ('TERM', 'xterm-256color'), ('GNOME_DESKTOP_SESSION_ID', 'this-is-deprecated'), ('_CE_CONDA', ''), ('ROS_LOCALHOST_ONLY', '0'), ('PATH', '/home/hjh/miniconda3/condabin:/opt/ros/humble/bin:/home/hjh/.local/bin:/usr/local/sbin:/usr/local/bin:/usr/sbin:/usr/bin:/sbin:/bin:/usr/games:/usr/local/games:/snap/bin:/snap/bin'), ('SESSION_MANAGER', 'local/hjh-Lenovo-G5000-IRH8:@/tmp/.ICE-unix/1746,unix/hjh-Lenovo-G5000-IRH8:/tmp/.ICE-unix/1746'), ('PAPERSIZE', 'a4'), ('XDG_MENU_PREFIX', 'gnome-'), ('LC_ADDRESS', 'zh_CN.UTF-8'), ('GNOME_TERMINAL_SCREEN', '/org/gnome/Terminal/screen/d4c127c6_0c8e_45b3_8c66_2cd1158f5318'), ('GNOME_SETUP_DISPLAY', ':1'), ('XDG_RUNTIME_DIR', '/run/user/1000'), ('DISPLAY', ':0'), ('LANG', 'zh_CN.UTF-8'), ('XDG_CURRENT_DESKTOP', 'ubuntu:GNOME'), ('LC_TELEPHONE', 'zh_CN.UTF-8'), ('XMODIFIERS', '@im=fcitx'), ('XDG_SESSION_DESKTOP', 'ubuntu'), ('XAUTHORITY', '/run/user/1000/.mutter-Xwaylandauth.3AY2M3'), ('LS_COLORS', 'rs=0:di=01;34:ln=01;36:mh=00:pi=40;33:so=01;35:do=01;35:bd=40;33;01:cd=40;33;01:or=40;31;01:mi=00:su=37;41:sg=30;43:ca=30;41:tw=30;42:ow=34;42:st=37;44:ex=01;32:*.tar=01;31:*.tgz=01;31:*.arc=01;31:*.arj=01;31:*.taz=01;31:*.lha=01;31:*.lz4=01;31:*.lzh=01;31:*.lzma=01;31:*.tlz=01;31:*.txz=01;31:*.tzo=01;31:*.t7z=01;31:*.zip=01;31:*.z=01;31:*.dz=01;31:*.gz=01;31:*.lrz=01;31:*.lz=01;31:*.lzo=01;31:*.xz=01;31:*.zst=01;31:*.tzst=01;31:*.bz2=01;31:*.bz=01;31:*.tbz=01;31:*.tbz2=01;31:*.tz=01;31:*.deb=01;31:*.rpm=01;31:*.jar=01;31:*.war=01;31:*.ear=01;31:*.sar=01;31:*.rar=01;31:*.alz=01;31:*.ace=01;31:*.zoo=01;31:*.cpio=01;31:*.7z=01;31:*.rz=01;31:*.cab=01;31:*.wim=01;31:*.swm=01;31:*.dwm=01;31:*.esd=01;31:*.jpg=01;35:*.jpeg=01;35:*.mjpg=01;35:*.mjpeg=01;35:*.gif=01;35:*.bmp=01;35:*.pbm=01;35:*.pgm=01;35:*.ppm=01;35:*.tga=01;35:*.xbm=01;35:*.xpm=01;35:*.tif=01;35:*.tiff=01;35:*.png=01;35:*.svg=01;35:*.svgz=01;35:*.mng=01;35:*.pcx=01;35:*.mov=01;35:*.mpg=01;35:*.mpeg=01;35:*.m2v=01;35:*.mkv=01;35:*.webm=01;35:*.webp=01;35:*.ogm=01;35:*.mp4=01;35:*.m4v=01;35:*.mp4v=01;35:*.vob=01;35:*.qt=01;35:*.nuv=01;35:*.wmv=01;35:*.asf=01;35:*.rm=01;35:*.rmvb=01;35:*.flc=01;35:*.avi=01;35:*.fli=01;35:*.flv=01;35:*.gl=01;35:*.dl=01;35:*.xcf=01;35:*.xwd=01;35:*.yuv=01;35:*.cgm=01;35:*.emf=01;35:*.ogv=01;35:*.ogx=01;35:*.aac=00;36:*.au=00;36:*.flac=00;36:*.m4a=00;36:*.mid=00;36:*.midi=00;36:*.mka=00;36:*.mp3=00;36:*.mpc=00;36:*.ogg=00;36:*.ra=00;36:*.wav=00;36:*.oga=00;36:*.opus=00;36:*.spx=00;36:*.xspf=00;36:'), ('GNOME_TERMINAL_SERVICE', ':1.102'), ('SSH_AGENT_LAUNCHER', 'gnome-keyring'), ('SSH_AUTH_SOCK', '/run/user/1000/keyring/ssh'), ('AMENT_PREFIX_PATH', '/opt/ros/humble'), ('CONDA_PYTHON_EXE', '/home/hjh/miniconda3/bin/python'), ('SHELL', '/bin/bash'), ('LC_NAME', 'zh_CN.UTF-8'), ('QT_ACCESSIBILITY', '1'), ('GDMSESSION', 'ubuntu'), ('LESSCLOSE', '/usr/bin/lesspipe %s %s'), ('LC_MEASUREMENT', 'zh_CN.UTF-8'), ('LC_IDENTIFICATION', 'zh_CN.UTF-8'), ('QT_IM_MODULE', 'fcitx'), ('PWD', '/home/hjh/RMserial/build/pb_rm_interfaces'), ('XDG_CONFIG_DIRS', '/etc/xdg/xdg-ubuntu:/etc/xdg'), ('CONDA_EXE', '/home/hjh/miniconda3/bin/conda'), ('CLUTTER_IM_MODULE', 'fcitx'), ('DBUS_STARTER_ADDRESS', 'unix:path=/run/user/1000/bus,guid=da9e182f6a398809d3ec8f1069c578ca'), ('XDG_DATA_DIRS', '/usr/share/ubuntu:/usr/local/share/:/usr/share/:/var/lib/snapd/desktop'), ('PYTHONPATH', '/opt/ros/humble/lib/python3.10/site-packages:/opt/ros/humble/local/lib/python3.10/dist-packages'), ('HTTP_PROXY', 'http://127.0.0.1:7890/'), ('LC_NUMERIC', 'en_US.UTF-8'), ('LC_PAPER', 'zh_CN.UTF-8'), ('COLCON', '1'), ('VTE_VERSION', '6800'), ('CMAKE_PREFIX_PATH', '/opt/ros/humble')]), 'shell': False}
[2.064754] (vision_msg) StdoutLine: {'line': b'[  2%] \x1b[1m\x1b[34mGenerating C code for ROS interfaces\x1b[0m\n'}
[2.070473] (vision_msg) StdoutLine: {'line': b'[  4%] \x1b[1m\x1b[34mGenerating C++ code for ROS interfaces\x1b[0m\n'}
[2.071280] (vision_msg) StdoutLine: {'line': b'[  4%] Built target ament_cmake_python_copy_vision_msg\n'}
[2.075500] (pb_rm_interfaces) StdoutLine: {'line': b'[  2%] \x1b[1m\x1b[34mGenerating C code for ROS interfaces\x1b[0m\n'}
[2.076884] (def_msg) StdoutLine: {'line': b'-- Build files have been written to: /home/hjh/RMserial/build/def_msg\n'}
[2.079060] (pb_rm_interfaces) StdoutLine: {'line': b'[  5%] \x1b[1m\x1b[34mGenerating C++ code for ROS interfaces\x1b[0m\n'}
[2.084011] (pb_rm_interfaces) StdoutLine: {'line': b'[  5%] Built target ament_cmake_python_copy_pb_rm_interfaces\n'}
[2.088470] (def_msg) CommandEnded: {'returncode': 0}
[2.089165] (def_msg) JobProgress: {'identifier': 'def_msg', 'progress': 'build'}
[2.089459] (def_msg) Command: {'cmd': ['/usr/bin/cmake', '--build', '/home/hjh/RMserial/build/def_msg', '--', '-j16', '-l16'], 'cwd': '/home/hjh/RMserial/build/def_msg', 'env': OrderedDict([('LESSOPEN', '| /usr/bin/lesspipe %s'), ('HTTPS_PROXY', 'http://127.0.0.1:7890/'), ('no_proxy', 'localhost,127.0.0.1,::1'), ('LANGUAGE', 'zh_CN:en'), ('USER', 'hjh'), ('LC_TIME', 'zh_CN.UTF-8'), ('all_proxy', 'socks://127.0.0.1:7890/'), ('XDG_SESSION_TYPE', 'wayland'), ('SHLVL', '1'), ('LD_LIBRARY_PATH', '/opt/ros/humble/opt/openvdb_vendor/lib:/home/hjh/ros2_ws/install/lib:/home/hjh/ros2_ws/install/lib:/usr/lib/x86_64-linux-gnu/gazebo-11/plugins:/opt/ros/humble/opt/rviz_ogre_vendor/lib:/opt/ros/humble/lib/x86_64-linux-gnu:/opt/ros/humble/lib'), ('HOME', '/home/hjh'), ('CONDA_SHLVL', '0'), ('DESKTOP_SESSION', 'ubuntu'), ('NO_PROXY', 'localhost,127.0.0.1,::1'), ('ROS_PYTHON_VERSION', '3'), ('GNOME_SHELL_SESSION_MODE', 'ubuntu'), ('GTK_MODULES', 'gail:atk-bridge'), ('LC_MONETARY', 'zh_CN.UTF-8'), ('DBUS_STARTER_BUS_TYPE', 'session'), ('SYSTEMD_EXEC_PID', '1746'), ('DBUS_SESSION_BUS_ADDRESS', 'unix:path=/run/user/1000/bus,guid=da9e182f6a398809d3ec8f1069c578ca'), ('COLORTERM', 'truecolor'), ('_CE_M', ''), ('IM_CONFIG_PHASE', '1'), ('WAYLAND_DISPLAY', 'wayland-0'), ('https_proxy', 'http://127.0.0.1:7890/'), ('ROS_DISTRO', 'humble'), ('GTK_IM_MODULE', 'fcitx'), ('LOGNAME', 'hjh'), ('ALL_PROXY', 'socks://127.0.0.1:7890/'), ('http_proxy', 'http://127.0.0.1:7890/'), ('_', '/usr/bin/colcon'), ('ROS_VERSION', '2'), ('XDG_SESSION_CLASS', 'user'), ('USERNAME', 'hjh'), ('TERM', 'xterm-256color'), ('GNOME_DESKTOP_SESSION_ID', 'this-is-deprecated'), ('_CE_CONDA', ''), ('ROS_LOCALHOST_ONLY', '0'), ('PATH', '/home/hjh/miniconda3/condabin:/opt/ros/humble/bin:/home/hjh/.local/bin:/usr/local/sbin:/usr/local/bin:/usr/sbin:/usr/bin:/sbin:/bin:/usr/games:/usr/local/games:/snap/bin:/snap/bin'), ('SESSION_MANAGER', 'local/hjh-Lenovo-G5000-IRH8:@/tmp/.ICE-unix/1746,unix/hjh-Lenovo-G5000-IRH8:/tmp/.ICE-unix/1746'), ('PAPERSIZE', 'a4'), ('XDG_MENU_PREFIX', 'gnome-'), ('LC_ADDRESS', 'zh_CN.UTF-8'), ('GNOME_TERMINAL_SCREEN', '/org/gnome/Terminal/screen/d4c127c6_0c8e_45b3_8c66_2cd1158f5318'), ('GNOME_SETUP_DISPLAY', ':1'), ('XDG_RUNTIME_DIR', '/run/user/1000'), ('DISPLAY', ':0'), ('LANG', 'zh_CN.UTF-8'), ('XDG_CURRENT_DESKTOP', 'ubuntu:GNOME'), ('LC_TELEPHONE', 'zh_CN.UTF-8'), ('XMODIFIERS', '@im=fcitx'), ('XDG_SESSION_DESKTOP', 'ubuntu'), ('XAUTHORITY', '/run/user/1000/.mutter-Xwaylandauth.3AY2M3'), ('LS_COLORS', 'rs=0:di=01;34:ln=01;36:mh=00:pi=40;33:so=01;35:do=01;35:bd=40;33;01:cd=40;33;01:or=40;31;01:mi=00:su=37;41:sg=30;43:ca=30;41:tw=30;42:ow=34;42:st=37;44:ex=01;32:*.tar=01;31:*.tgz=01;31:*.arc=01;31:*.arj=01;31:*.taz=01;31:*.lha=01;31:*.lz4=01;31:*.lzh=01;31:*.lzma=01;31:*.tlz=01;31:*.txz=01;31:*.tzo=01;31:*.t7z=01;31:*.zip=01;31:*.z=01;31:*.dz=01;31:*.gz=01;31:*.lrz=01;31:*.lz=01;31:*.lzo=01;31:*.xz=01;31:*.zst=01;31:*.tzst=01;31:*.bz2=01;31:*.bz=01;31:*.tbz=01;31:*.tbz2=01;31:*.tz=01;31:*.deb=01;31:*.rpm=01;31:*.jar=01;31:*.war=01;31:*.ear=01;31:*.sar=01;31:*.rar=01;31:*.alz=01;31:*.ace=01;31:*.zoo=01;31:*.cpio=01;31:*.7z=01;31:*.rz=01;31:*.cab=01;31:*.wim=01;31:*.swm=01;31:*.dwm=01;31:*.esd=01;31:*.jpg=01;35:*.jpeg=01;35:*.mjpg=01;35:*.mjpeg=01;35:*.gif=01;35:*.bmp=01;35:*.pbm=01;35:*.pgm=01;35:*.ppm=01;35:*.tga=01;35:*.xbm=01;35:*.xpm=01;35:*.tif=01;35:*.tiff=01;35:*.png=01;35:*.svg=01;35:*.svgz=01;35:*.mng=01;35:*.pcx=01;35:*.mov=01;35:*.mpg=01;35:*.mpeg=01;35:*.m2v=01;35:*.mkv=01;35:*.webm=01;35:*.webp=01;35:*.ogm=01;35:*.mp4=01;35:*.m4v=01;35:*.mp4v=01;35:*.vob=01;35:*.qt=01;35:*.nuv=01;35:*.wmv=01;35:*.asf=01;35:*.rm=01;35:*.rmvb=01;35:*.flc=01;35:*.avi=01;35:*.fli=01;35:*.flv=01;35:*.gl=01;35:*.dl=01;35:*.xcf=01;35:*.xwd=01;35:*.yuv=01;35:*.cgm=01;35:*.emf=01;35:*.ogv=01;35:*.ogx=01;35:*.aac=00;36:*.au=00;36:*.flac=00;36:*.m4a=00;36:*.mid=00;36:*.midi=00;36:*.mka=00;36:*.mp3=00;36:*.mpc=00;36:*.ogg=00;36:*.ra=00;36:*.wav=00;36:*.oga=00;36:*.opus=00;36:*.spx=00;36:*.xspf=00;36:'), ('GNOME_TERMINAL_SERVICE', ':1.102'), ('SSH_AGENT_LAUNCHER', 'gnome-keyring'), ('SSH_AUTH_SOCK', '/run/user/1000/keyring/ssh'), ('AMENT_PREFIX_PATH', '/opt/ros/humble'), ('CONDA_PYTHON_EXE', '/home/hjh/miniconda3/bin/python'), ('SHELL', '/bin/bash'), ('LC_NAME', 'zh_CN.UTF-8'), ('QT_ACCESSIBILITY', '1'), ('GDMSESSION', 'ubuntu'), ('LESSCLOSE', '/usr/bin/lesspipe %s %s'), ('LC_MEASUREMENT', 'zh_CN.UTF-8'), ('LC_IDENTIFICATION', 'zh_CN.UTF-8'), ('QT_IM_MODULE', 'fcitx'), ('PWD', '/home/hjh/RMserial/build/def_msg'), ('XDG_CONFIG_DIRS', '/etc/xdg/xdg-ubuntu:/etc/xdg'), ('CONDA_EXE', '/home/hjh/miniconda3/bin/conda'), ('CLUTTER_IM_MODULE', 'fcitx'), ('DBUS_STARTER_ADDRESS', 'unix:path=/run/user/1000/bus,guid=da9e182f6a398809d3ec8f1069c578ca'), ('XDG_DATA_DIRS', '/usr/share/ubuntu:/usr/local/share/:/usr/share/:/var/lib/snapd/desktop'), ('PYTHONPATH', '/opt/ros/humble/lib/python3.10/site-packages:/opt/ros/humble/local/lib/python3.10/dist-packages'), ('HTTP_PROXY', 'http://127.0.0.1:7890/'), ('LC_NUMERIC', 'en_US.UTF-8'), ('LC_PAPER', 'zh_CN.UTF-8'), ('COLCON', '1'), ('VTE_VERSION', '6800'), ('CMAKE_PREFIX_PATH', '/opt/ros/humble')]), 'shell': False}
[2.103147] (-) TimerEvent: {}
[2.114717] (def_msg) StdoutLine: {'line': b'[  1%] \x1b[1m\x1b[34mGenerating C code for ROS interfaces\x1b[0m\n'}
[2.119477] (def_msg) StdoutLine: {'line': b'[  1%] Built target ament_cmake_python_copy_def_msg\n'}
[2.121208] (def_msg) StdoutLine: {'line': b'[  2%] \x1b[1m\x1b[34mGenerating C++ code for ROS interfaces\x1b[0m\n'}
[2.206527] (-) TimerEvent: {}
[2.265358] (vision_msg) StdoutLine: {'line': b'running egg_info\n'}
[2.266122] (vision_msg) StdoutLine: {'line': b'creating vision_msg.egg-info\n'}
[2.266373] (vision_msg) StdoutLine: {'line': b'writing vision_msg.egg-info/PKG-INFO\n'}
[2.266566] (vision_msg) StdoutLine: {'line': b'writing dependency_links to vision_msg.egg-info/dependency_links.txt\n'}
[2.266771] (vision_msg) StdoutLine: {'line': b'writing top-level names to vision_msg.egg-info/top_level.txt\n'}
[2.267066] (vision_msg) StdoutLine: {'line': b"writing manifest file 'vision_msg.egg-info/SOURCES.txt'\n"}
[2.269975] (vision_msg) StdoutLine: {'line': b"reading manifest file 'vision_msg.egg-info/SOURCES.txt'\n"}
[2.270553] (vision_msg) StdoutLine: {'line': b"writing manifest file 'vision_msg.egg-info/SOURCES.txt'\n"}
[2.290582] (vision_msg) StdoutLine: {'line': b'[  4%] Built target ament_cmake_python_build_vision_msg_egg\n'}
[2.306619] (-) TimerEvent: {}
[2.341265] (def_msg) StdoutLine: {'line': b'running egg_info\n'}
[2.341701] (def_msg) StdoutLine: {'line': b'creating def_msg.egg-info\n'}
[2.341854] (def_msg) StdoutLine: {'line': b'writing def_msg.egg-info/PKG-INFO\n'}
[2.341979] (def_msg) StdoutLine: {'line': b'writing dependency_links to def_msg.egg-info/dependency_links.txt\n'}
[2.342101] (def_msg) StdoutLine: {'line': b'writing top-level names to def_msg.egg-info/top_level.txt\n'}
[2.342220] (def_msg) StdoutLine: {'line': b"writing manifest file 'def_msg.egg-info/SOURCES.txt'\n"}
[2.343608] (def_msg) StdoutLine: {'line': b"reading manifest file 'def_msg.egg-info/SOURCES.txt'\n"}
[2.343912] (def_msg) StdoutLine: {'line': b"writing manifest file 'def_msg.egg-info/SOURCES.txt'\n"}
[2.361724] (def_msg) StdoutLine: {'line': b'[  2%] Built target ament_cmake_python_build_def_msg_egg\n'}
[2.406739] (-) TimerEvent: {}
[2.409150] (vision_msg) StdoutLine: {'line': b'[  6%] \x1b[32mBuilding C object CMakeFiles/vision_msg__rosidl_generator_c.dir/rosidl_generator_c/vision_msg/msg/detail/detected_id__functions.c.o\x1b[0m\n'}
[2.409395] (vision_msg) StdoutLine: {'line': b'[  8%] \x1b[32mBuilding C object CMakeFiles/vision_msg__rosidl_generator_c.dir/rosidl_generator_c/vision_msg/msg/detail/selected_id__functions.c.o\x1b[0m\n'}
[2.409470] (vision_msg) StdoutLine: {'line': b'[ 10%] \x1b[32mBuilding C object CMakeFiles/vision_msg__rosidl_generator_c.dir/rosidl_generator_c/vision_msg/msg/detail/gimble_position__functions.c.o\x1b[0m\n'}
[2.418177] (pb_rm_interfaces) StdoutLine: {'line': b'running egg_info\n'}
[2.418949] (pb_rm_interfaces) StdoutLine: {'line': b'creating pb_rm_interfaces.egg-info\n'}
[2.419193] (pb_rm_interfaces) StdoutLine: {'line': b'writing pb_rm_interfaces.egg-info/PKG-INFO\n'}
[2.419385] (pb_rm_interfaces) StdoutLine: {'line': b'writing dependency_links to pb_rm_interfaces.egg-info/dependency_links.txt\n'}
[2.419566] (pb_rm_interfaces) StdoutLine: {'line': b'writing top-level names to pb_rm_interfaces.egg-info/top_level.txt\n'}
[2.419827] (vision_msg) StdoutLine: {'line': b'[ 10%] Built target vision_msg__cpp\n'}
[2.419954] (pb_rm_interfaces) StdoutLine: {'line': b"writing manifest file 'pb_rm_interfaces.egg-info/SOURCES.txt'\n"}
[2.422511] (pb_rm_interfaces) StdoutLine: {'line': b"reading manifest file 'pb_rm_interfaces.egg-info/SOURCES.txt'\n"}
[2.423073] (pb_rm_interfaces) StdoutLine: {'line': b"writing manifest file 'pb_rm_interfaces.egg-info/SOURCES.txt'\n"}
[2.425117] (vision_msg) StdoutLine: {'line': b'[ 14%] \x1b[1m\x1b[34mGenerating C++ type support dispatch for ROS interfaces\x1b[0m\n'}
[2.425724] (vision_msg) StdoutLine: {'line': b'[ 14%] \x1b[1m\x1b[34mGenerating C++ type support for eProsima Fast-RTPS\x1b[0m\n'}
[2.425919] (vision_msg) StdoutLine: {'line': b'[ 17%] \x1b[1m\x1b[34mGenerating C++ introspection for ROS interfaces\x1b[0m\n'}
[2.454639] (pb_rm_interfaces) StdoutLine: {'line': b'[  5%] Built target ament_cmake_python_build_pb_rm_interfaces_egg\n'}
[2.458065] (vision_msg) StdoutLine: {'line': b'[ 19%] \x1b[1m\x1b[32mLinking C shared library libvision_msg__rosidl_generator_c.so\x1b[0m\n'}
[2.482464] (vision_msg) StdoutLine: {'line': b'[ 19%] Built target vision_msg__rosidl_generator_c\n'}
[2.486741] (vision_msg) StdoutLine: {'line': b'[ 21%] \x1b[1m\x1b[34mGenerating C introspection for ROS interfaces\x1b[0m\n'}
[2.488207] (vision_msg) StdoutLine: {'line': b'[ 25%] \x1b[1m\x1b[34mGenerating C type support for eProsima Fast-RTPS\x1b[0m\n'}
[2.488347] (vision_msg) StdoutLine: {'line': b'[ 25%] \x1b[1m\x1b[34mGenerating C type support dispatch for ROS interfaces\x1b[0m\n'}
[2.506826] (-) TimerEvent: {}
[2.607102] (-) TimerEvent: {}
[2.651355] (vision_msg) StdoutLine: {'line': b'[ 27%] \x1b[32mBuilding CXX object CMakeFiles/vision_msg__rosidl_typesupport_cpp.dir/rosidl_typesupport_cpp/vision_msg/msg/gimble_position__type_support.cpp.o\x1b[0m\n'}
[2.651632] (vision_msg) StdoutLine: {'line': b'[ 31%] \x1b[32mBuilding CXX object CMakeFiles/vision_msg__rosidl_typesupport_cpp.dir/rosidl_typesupport_cpp/vision_msg/msg/detected_id__type_support.cpp.o\x1b[0m\n'}
[2.651747] (vision_msg) StdoutLine: {'line': b'[ 31%] \x1b[32mBuilding CXX object CMakeFiles/vision_msg__rosidl_typesupport_cpp.dir/rosidl_typesupport_cpp/vision_msg/msg/selected_id__type_support.cpp.o\x1b[0m\n'}
[2.702399] (vision_msg) StdoutLine: {'line': b'[ 34%] \x1b[32mBuilding CXX object CMakeFiles/vision_msg__rosidl_typesupport_fastrtps_cpp.dir/rosidl_typesupport_fastrtps_cpp/vision_msg/msg/detail/dds_fastrtps/gimble_position__type_support.cpp.o\x1b[0m\n'}
[2.702551] (vision_msg) StdoutLine: {'line': b'[ 38%] \x1b[32mBuilding CXX object CMakeFiles/vision_msg__rosidl_typesupport_fastrtps_cpp.dir/rosidl_typesupport_fastrtps_cpp/vision_msg/msg/detail/dds_fastrtps/selected_id__type_support.cpp.o\x1b[0m\n'}
[2.702613] (vision_msg) StdoutLine: {'line': b'[ 38%] \x1b[32mBuilding CXX object CMakeFiles/vision_msg__rosidl_typesupport_fastrtps_cpp.dir/rosidl_typesupport_fastrtps_cpp/vision_msg/msg/detail/dds_fastrtps/detected_id__type_support.cpp.o\x1b[0m\n'}
[2.709762] (-) TimerEvent: {}
[2.723603] (vision_msg) StdoutLine: {'line': b'[ 40%] \x1b[32mBuilding CXX object CMakeFiles/vision_msg__rosidl_typesupport_c.dir/rosidl_typesupport_c/vision_msg/msg/gimble_position__type_support.cpp.o\x1b[0m\n'}
[2.723834] (vision_msg) StdoutLine: {'line': b'[ 42%] \x1b[32mBuilding CXX object CMakeFiles/vision_msg__rosidl_typesupport_c.dir/rosidl_typesupport_c/vision_msg/msg/detected_id__type_support.cpp.o\x1b[0m\n'}
[2.724470] (vision_msg) StdoutLine: {'line': b'[ 44%] \x1b[32mBuilding CXX object CMakeFiles/vision_msg__rosidl_typesupport_c.dir/rosidl_typesupport_c/vision_msg/msg/selected_id__type_support.cpp.o\x1b[0m\n'}
[2.752266] (vision_msg) StdoutLine: {'line': b'[ 46%] \x1b[1m\x1b[32mLinking CXX shared library libvision_msg__rosidl_typesupport_c.so\x1b[0m\n'}
[2.787732] (vision_msg) StdoutLine: {'line': b'[ 46%] Built target vision_msg__rosidl_typesupport_c\n'}
[2.809851] (-) TimerEvent: {}
[2.812477] (vision_msg) StdoutLine: {'line': b'[ 48%] \x1b[32mBuilding CXX object CMakeFiles/vision_msg__rosidl_typesupport_introspection_cpp.dir/rosidl_typesupport_introspection_cpp/vision_msg/msg/detail/gimble_position__type_support.cpp.o\x1b[0m\n'}
[2.813102] (vision_msg) StdoutLine: {'line': b'[ 51%] \x1b[32mBuilding CXX object CMakeFiles/vision_msg__rosidl_typesupport_introspection_cpp.dir/rosidl_typesupport_introspection_cpp/vision_msg/msg/detail/detected_id__type_support.cpp.o\x1b[0m\n'}
[2.815270] (vision_msg) StdoutLine: {'line': b'[ 53%] \x1b[32mBuilding CXX object CMakeFiles/vision_msg__rosidl_typesupport_introspection_cpp.dir/rosidl_typesupport_introspection_cpp/vision_msg/msg/detail/selected_id__type_support.cpp.o\x1b[0m\n'}
[2.820279] (pb_rm_interfaces) StdoutLine: {'line': b'[  7%] \x1b[32mBuilding C object CMakeFiles/pb_rm_interfaces__rosidl_generator_c.dir/rosidl_generator_c/pb_rm_interfaces/msg/detail/game_status__functions.c.o\x1b[0m\n'}
[2.820538] (pb_rm_interfaces) StdoutLine: {'line': b'[ 10%] \x1b[32mBuilding C object CMakeFiles/pb_rm_interfaces__rosidl_generator_c.dir/rosidl_generator_c/pb_rm_interfaces/msg/detail/robot_status__functions.c.o\x1b[0m\n'}
[2.823024] (pb_rm_interfaces) StdoutLine: {'line': b'[ 10%] Built target pb_rm_interfaces__cpp\n'}
[2.835776] (pb_rm_interfaces) StdoutLine: {'line': b'[ 12%] \x1b[1m\x1b[34mGenerating C++ type support dispatch for ROS interfaces\x1b[0m\n'}
[2.835943] (pb_rm_interfaces) StdoutLine: {'line': b'[ 15%] \x1b[1m\x1b[34mGenerating C++ type support for eProsima Fast-RTPS\x1b[0m\n'}
[2.845112] (pb_rm_interfaces) StdoutLine: {'line': b'[ 17%] \x1b[1m\x1b[34mGenerating C++ introspection for ROS interfaces\x1b[0m\n'}
[2.889619] (pb_rm_interfaces) StdoutLine: {'line': b'[ 20%] \x1b[1m\x1b[32mLinking C shared library libpb_rm_interfaces__rosidl_generator_c.so\x1b[0m\n'}
[2.910733] (-) TimerEvent: {}
[2.929760] (pb_rm_interfaces) StdoutLine: {'line': b'[ 20%] Built target pb_rm_interfaces__rosidl_generator_c\n'}
[2.937546] (pb_rm_interfaces) StdoutLine: {'line': b'[ 23%] \x1b[1m\x1b[34mGenerating C type support for eProsima Fast-RTPS\x1b[0m\n'}
[2.942925] (pb_rm_interfaces) StdoutLine: {'line': b'[ 25%] \x1b[1m\x1b[34mGenerating C introspection for ROS interfaces\x1b[0m\n'}
[2.947019] (pb_rm_interfaces) StdoutLine: {'line': b'[ 28%] \x1b[1m\x1b[34mGenerating C type support dispatch for ROS interfaces\x1b[0m\n'}
[2.994652] (vision_msg) StdoutLine: {'line': b'[ 55%] \x1b[32mBuilding C object CMakeFiles/vision_msg__rosidl_typesupport_introspection_c.dir/rosidl_typesupport_introspection_c/vision_msg/msg/detail/detected_id__type_support.c.o\x1b[0m\n'}
[2.994867] (vision_msg) StdoutLine: {'line': b'[ 57%] \x1b[32mBuilding C object CMakeFiles/vision_msg__rosidl_typesupport_introspection_c.dir/rosidl_typesupport_introspection_c/vision_msg/msg/detail/gimble_position__type_support.c.o\x1b[0m\n'}
[3.001132] (vision_msg) StdoutLine: {'line': b'[ 59%] \x1b[32mBuilding C object CMakeFiles/vision_msg__rosidl_typesupport_introspection_c.dir/rosidl_typesupport_introspection_c/vision_msg/msg/detail/selected_id__type_support.c.o\x1b[0m\n'}
[3.009308] (vision_msg) StdoutLine: {'line': b'[ 61%] \x1b[32mBuilding CXX object CMakeFiles/vision_msg__rosidl_typesupport_fastrtps_c.dir/rosidl_typesupport_fastrtps_c/vision_msg/msg/detail/detected_id__type_support_c.cpp.o\x1b[0m\n'}
[3.014536] (-) TimerEvent: {}
[3.015928] (vision_msg) StdoutLine: {'line': b'[ 63%] \x1b[32mBuilding CXX object CMakeFiles/vision_msg__rosidl_typesupport_fastrtps_c.dir/rosidl_typesupport_fastrtps_c/vision_msg/msg/detail/gimble_position__type_support_c.cpp.o\x1b[0m\n'}
[3.020956] (vision_msg) StdoutLine: {'line': b'[ 65%] \x1b[32mBuilding CXX object CMakeFiles/vision_msg__rosidl_typesupport_fastrtps_c.dir/rosidl_typesupport_fastrtps_c/vision_msg/msg/detail/selected_id__type_support_c.cpp.o\x1b[0m\n'}
[3.035744] (vision_msg) StdoutLine: {'line': b'[ 68%] \x1b[1m\x1b[32mLinking CXX shared library libvision_msg__rosidl_typesupport_cpp.so\x1b[0m\n'}
[3.054839] (def_msg) StdoutLine: {'line': b'[  2%] Built target def_msg__cpp\n'}
[3.067067] (def_msg) StdoutLine: {'line': b'[  3%] \x1b[1m\x1b[34mGenerating C++ introspection for ROS interfaces\x1b[0m\n'}
[3.067287] (def_msg) StdoutLine: {'line': b'[  4%] \x1b[1m\x1b[34mGenerating C++ type support for eProsima Fast-RTPS\x1b[0m\n'}
[3.072235] (def_msg) StdoutLine: {'line': b'[  5%] \x1b[1m\x1b[34mGenerating C++ type support dispatch for ROS interfaces\x1b[0m\n'}
[3.085740] (vision_msg) StdoutLine: {'line': b'[ 70%] \x1b[1m\x1b[32mLinking C shared library libvision_msg__rosidl_typesupport_introspection_c.so\x1b[0m\n'}
[3.114629] (-) TimerEvent: {}
[3.119454] (vision_msg) StdoutLine: {'line': b'[ 70%] Built target vision_msg__rosidl_typesupport_cpp\n'}
[3.143078] (vision_msg) StdoutLine: {'line': b'[ 70%] Built target vision_msg__rosidl_typesupport_introspection_c\n'}
[3.214741] (-) TimerEvent: {}
[3.283957] (vision_msg) StdoutLine: {'line': b'[ 72%] \x1b[1m\x1b[32mLinking CXX shared library libvision_msg__rosidl_typesupport_fastrtps_cpp.so\x1b[0m\n'}
[3.314831] (-) TimerEvent: {}
[3.415091] (-) TimerEvent: {}
[3.416658] (def_msg) StdoutLine: {'line': b'[  6%] \x1b[32mBuilding C object CMakeFiles/def_msg__rosidl_generator_c.dir/rosidl_generator_c/def_msg/msg/detail/gobal_information__functions.c.o\x1b[0m\n'}
[3.418001] (def_msg) StdoutLine: {'line': b'[  8%] \x1b[32mBuilding C object CMakeFiles/def_msg__rosidl_generator_c.dir/rosidl_generator_c/def_msg/msg/detail/gimble_control__functions.c.o\x1b[0m\n'}
[3.421426] (def_msg) StdoutLine: {'line': b'[  9%] \x1b[32mBuilding C object CMakeFiles/def_msg__rosidl_generator_c.dir/rosidl_generator_c/def_msg/msg/detail/common_control__functions.c.o\x1b[0m\n'}
[3.430775] (def_msg) StdoutLine: {'line': b'[ 10%] \x1b[32mBuilding C object CMakeFiles/def_msg__rosidl_generator_c.dir/rosidl_generator_c/def_msg/msg/detail/em_control__functions.c.o\x1b[0m\n'}
[3.430968] (def_msg) StdoutLine: {'line': b'[ 11%] \x1b[32mBuilding C object CMakeFiles/def_msg__rosidl_generator_c.dir/rosidl_generator_c/def_msg/msg/detail/gimble_position__functions.c.o\x1b[0m\n'}
[3.431047] (vision_msg) StdoutLine: {'line': b'[ 72%] Built target vision_msg__rosidl_typesupport_fastrtps_cpp\n'}
[3.441807] (def_msg) StdoutLine: {'line': b'[ 12%] \x1b[32mBuilding C object CMakeFiles/def_msg__rosidl_generator_c.dir/rosidl_generator_c/def_msg/srv/detail/heart_beat__functions.c.o\x1b[0m\n'}
[3.446769] (def_msg) StdoutLine: {'line': b'[ 13%] \x1b[32mBuilding C object CMakeFiles/def_msg__rosidl_generator_c.dir/rosidl_generator_c/def_msg/srv/detail/controller_mode_set__functions.c.o\x1b[0m\n'}
[3.449883] (def_msg) StdoutLine: {'line': b'[ 14%] \x1b[32mBuilding C object CMakeFiles/def_msg__rosidl_generator_c.dir/rosidl_generator_c/def_msg/action/detail/nav_pose__functions.c.o\x1b[0m\n'}
[3.515184] (-) TimerEvent: {}
[3.524779] (vision_msg) StdoutLine: {'line': b'[ 74%] \x1b[1m\x1b[32mLinking CXX shared library libvision_msg__rosidl_typesupport_fastrtps_c.so\x1b[0m\n'}
[3.562974] (pb_rm_interfaces) StdoutLine: {'line': b'[ 30%] \x1b[32mBuilding CXX object CMakeFiles/pb_rm_interfaces__rosidl_typesupport_cpp.dir/rosidl_typesupport_cpp/pb_rm_interfaces/msg/game_status__type_support.cpp.o\x1b[0m\n'}
[3.563137] (pb_rm_interfaces) StdoutLine: {'line': b'[ 33%] \x1b[32mBuilding CXX object CMakeFiles/pb_rm_interfaces__rosidl_typesupport_cpp.dir/rosidl_typesupport_cpp/pb_rm_interfaces/msg/robot_status__type_support.cpp.o\x1b[0m\n'}
[3.597978] (vision_msg) StdoutLine: {'line': b'[ 74%] Built target vision_msg__rosidl_typesupport_fastrtps_c\n'}
[3.600816] (vision_msg) StdoutLine: {'line': b'[ 76%] \x1b[1m\x1b[32mLinking CXX shared library libvision_msg__rosidl_typesupport_introspection_cpp.so\x1b[0m\n'}
[3.615272] (-) TimerEvent: {}
[3.617395] (def_msg) StdoutLine: {'line': b'[ 16%] \x1b[1m\x1b[32mLinking C shared library libdef_msg__rosidl_generator_c.so\x1b[0m\n'}
[3.620373] (pb_rm_interfaces) StdoutLine: {'line': b'[ 35%] \x1b[32mBuilding CXX object CMakeFiles/pb_rm_interfaces__rosidl_typesupport_introspection_cpp.dir/rosidl_typesupport_introspection_cpp/pb_rm_interfaces/msg/detail/robot_status__type_support.cpp.o\x1b[0m\n'}
[3.620540] (pb_rm_interfaces) StdoutLine: {'line': b'[ 38%] \x1b[32mBuilding CXX object CMakeFiles/pb_rm_interfaces__rosidl_typesupport_introspection_cpp.dir/rosidl_typesupport_introspection_cpp/pb_rm_interfaces/msg/detail/game_status__type_support.cpp.o\x1b[0m\n'}
[3.633776] (pb_rm_interfaces) StdoutLine: {'line': b'[ 43%] \x1b[32mBuilding CXX object CMakeFiles/pb_rm_interfaces__rosidl_typesupport_fastrtps_cpp.dir/rosidl_typesupport_fastrtps_cpp/pb_rm_interfaces/msg/detail/dds_fastrtps/robot_status__type_support.cpp.o\x1b[0m\n'}
[3.633941] (pb_rm_interfaces) StdoutLine: {'line': b'[ 43%] \x1b[32mBuilding CXX object CMakeFiles/pb_rm_interfaces__rosidl_typesupport_fastrtps_cpp.dir/rosidl_typesupport_fastrtps_cpp/pb_rm_interfaces/msg/detail/dds_fastrtps/game_status__type_support.cpp.o\x1b[0m\n'}
[3.653567] (def_msg) StdoutLine: {'line': b'[ 16%] Built target def_msg__rosidl_generator_c\n'}
[3.665058] (def_msg) StdoutLine: {'line': b'[ 17%] \x1b[1m\x1b[34mGenerating C type support dispatch for ROS interfaces\x1b[0m\n'}
[3.665285] (def_msg) StdoutLine: {'line': b'[ 18%] \x1b[1m\x1b[34mGenerating C type support for eProsima Fast-RTPS\x1b[0m\n'}
[3.665389] (def_msg) StdoutLine: {'line': b'[ 19%] \x1b[1m\x1b[34mGenerating C introspection for ROS interfaces\x1b[0m\n'}
[3.694732] (vision_msg) StdoutLine: {'line': b'[ 76%] Built target vision_msg__rosidl_typesupport_introspection_cpp\n'}
[3.703430] (vision_msg) StdoutLine: {'line': b'[ 76%] Built target vision_msg\n'}
[3.715396] (-) TimerEvent: {}
[3.718336] (vision_msg) StdoutLine: {'line': b'[ 78%] \x1b[1m\x1b[34mGenerating Python code for ROS interfaces\x1b[0m\n'}
[3.752811] (pb_rm_interfaces) StdoutLine: {'line': b'[ 46%] \x1b[32mBuilding C object CMakeFiles/pb_rm_interfaces__rosidl_typesupport_introspection_c.dir/rosidl_typesupport_introspection_c/pb_rm_interfaces/msg/detail/game_status__type_support.c.o\x1b[0m\n'}
[3.757400] (pb_rm_interfaces) StdoutLine: {'line': b'[ 48%] \x1b[32mBuilding CXX object CMakeFiles/pb_rm_interfaces__rosidl_typesupport_c.dir/rosidl_typesupport_c/pb_rm_interfaces/msg/game_status__type_support.cpp.o\x1b[0m\n'}
[3.759336] (pb_rm_interfaces) StdoutLine: {'line': b'[ 51%] \x1b[32mBuilding C object CMakeFiles/pb_rm_interfaces__rosidl_typesupport_introspection_c.dir/rosidl_typesupport_introspection_c/pb_rm_interfaces/msg/detail/robot_status__type_support.c.o\x1b[0m\n'}
[3.768401] (pb_rm_interfaces) StdoutLine: {'line': b'[ 53%] \x1b[32mBuilding CXX object CMakeFiles/pb_rm_interfaces__rosidl_typesupport_c.dir/rosidl_typesupport_c/pb_rm_interfaces/msg/robot_status__type_support.cpp.o\x1b[0m\n'}
[3.772275] (pb_rm_interfaces) StdoutLine: {'line': b'[ 56%] \x1b[32mBuilding CXX object CMakeFiles/pb_rm_interfaces__rosidl_typesupport_fastrtps_c.dir/rosidl_typesupport_fastrtps_c/pb_rm_interfaces/msg/detail/game_status__type_support_c.cpp.o\x1b[0m\n'}
[3.780640] (pb_rm_interfaces) StdoutLine: {'line': b'[ 58%] \x1b[32mBuilding CXX object CMakeFiles/pb_rm_interfaces__rosidl_typesupport_fastrtps_c.dir/rosidl_typesupport_fastrtps_c/pb_rm_interfaces/msg/detail/robot_status__type_support_c.cpp.o\x1b[0m\n'}
[3.815483] (-) TimerEvent: {}
[3.819037] (pb_rm_interfaces) StdoutLine: {'line': b'[ 61%] \x1b[1m\x1b[32mLinking C shared library libpb_rm_interfaces__rosidl_typesupport_introspection_c.so\x1b[0m\n'}
[3.826525] (pb_rm_interfaces) StdoutLine: {'line': b'[ 64%] \x1b[1m\x1b[32mLinking CXX shared library libpb_rm_interfaces__rosidl_typesupport_c.so\x1b[0m\n'}
[3.852348] (pb_rm_interfaces) StdoutLine: {'line': b'[ 64%] Built target pb_rm_interfaces__rosidl_typesupport_introspection_c\n'}
[3.895583] (pb_rm_interfaces) StdoutLine: {'line': b'[ 64%] Built target pb_rm_interfaces__rosidl_typesupport_c\n'}
[3.904758] (def_msg) StdoutLine: {'line': b'[ 20%] \x1b[32mBuilding CXX object CMakeFiles/def_msg__rosidl_typesupport_cpp.dir/rosidl_typesupport_cpp/def_msg/msg/gobal_information__type_support.cpp.o\x1b[0m\n'}
[3.907956] (def_msg) StdoutLine: {'line': b'[ 21%] \x1b[32mBuilding CXX object CMakeFiles/def_msg__rosidl_typesupport_cpp.dir/rosidl_typesupport_cpp/def_msg/msg/common_control__type_support.cpp.o\x1b[0m\n'}
[3.912525] (def_msg) StdoutLine: {'line': b'[ 24%] \x1b[32mBuilding CXX object CMakeFiles/def_msg__rosidl_typesupport_cpp.dir/rosidl_typesupport_cpp/def_msg/msg/gimble_control__type_support.cpp.o\x1b[0m\n'}
[3.915198] (def_msg) StdoutLine: {'line': b'[ 25%] \x1b[32mBuilding CXX object CMakeFiles/def_msg__rosidl_typesupport_cpp.dir/rosidl_typesupport_cpp/def_msg/msg/gimble_position__type_support.cpp.o\x1b[0m\n'}
[3.915556] (-) TimerEvent: {}
[3.916485] (def_msg) StdoutLine: {'line': b'[ 26%] \x1b[32mBuilding CXX object CMakeFiles/def_msg__rosidl_typesupport_cpp.dir/rosidl_typesupport_cpp/def_msg/srv/controller_mode_set__type_support.cpp.o\x1b[0m\n'}
[3.919050] (def_msg) StdoutLine: {'line': b'[ 26%] \x1b[32mBuilding CXX object CMakeFiles/def_msg__rosidl_typesupport_cpp.dir/rosidl_typesupport_cpp/def_msg/msg/em_control__type_support.cpp.o\x1b[0m\n'}
[3.935586] (def_msg) StdoutLine: {'line': b'[ 28%] \x1b[32mBuilding CXX object CMakeFiles/def_msg__rosidl_typesupport_cpp.dir/rosidl_typesupport_cpp/def_msg/action/nav_pose__type_support.cpp.o\x1b[0m\n'}
[3.941749] (def_msg) StdoutLine: {'line': b'[ 28%] \x1b[32mBuilding CXX object CMakeFiles/def_msg__rosidl_typesupport_cpp.dir/rosidl_typesupport_cpp/def_msg/srv/heart_beat__type_support.cpp.o\x1b[0m\n'}
[4.012509] (pb_rm_interfaces) StdoutLine: {'line': b'[ 66%] \x1b[1m\x1b[32mLinking CXX shared library libpb_rm_interfaces__rosidl_typesupport_cpp.so\x1b[0m\n'}
[4.015657] (-) TimerEvent: {}
[4.088148] (pb_rm_interfaces) StdoutLine: {'line': b'[ 66%] Built target pb_rm_interfaces__rosidl_typesupport_cpp\n'}
[4.115750] (-) TimerEvent: {}
[4.216149] (-) TimerEvent: {}
[4.216697] (def_msg) StdoutLine: {'line': b'[ 29%] \x1b[32mBuilding CXX object CMakeFiles/def_msg__rosidl_typesupport_introspection_cpp.dir/rosidl_typesupport_introspection_cpp/def_msg/msg/detail/gobal_information__type_support.cpp.o\x1b[0m\n'}
[4.220698] (def_msg) StdoutLine: {'line': b'[ 31%] \x1b[32mBuilding CXX object CMakeFiles/def_msg__rosidl_typesupport_introspection_cpp.dir/rosidl_typesupport_introspection_cpp/def_msg/msg/detail/em_control__type_support.cpp.o\x1b[0m\n'}
[4.224043] (def_msg) StdoutLine: {'line': b'[ 32%] \x1b[32mBuilding CXX object CMakeFiles/def_msg__rosidl_typesupport_introspection_cpp.dir/rosidl_typesupport_introspection_cpp/def_msg/msg/detail/common_control__type_support.cpp.o\x1b[0m\n'}
[4.225492] (pb_rm_interfaces) StdoutLine: {'line': b'[ 69%] \x1b[1m\x1b[32mLinking CXX shared library libpb_rm_interfaces__rosidl_typesupport_fastrtps_cpp.so\x1b[0m\n'}
[4.227640] (def_msg) StdoutLine: {'line': b'[ 33%] \x1b[32mBuilding CXX object CMakeFiles/def_msg__rosidl_typesupport_introspection_cpp.dir/rosidl_typesupport_introspection_cpp/def_msg/msg/detail/gimble_control__type_support.cpp.o\x1b[0m\n'}
[4.261984] (def_msg) StdoutLine: {'line': b'[ 34%] \x1b[32mBuilding CXX object CMakeFiles/def_msg__rosidl_typesupport_introspection_cpp.dir/rosidl_typesupport_introspection_cpp/def_msg/msg/detail/gimble_position__type_support.cpp.o\x1b[0m\n'}
[4.309134] (def_msg) StdoutLine: {'line': b'[ 35%] \x1b[32mBuilding CXX object CMakeFiles/def_msg__rosidl_typesupport_fastrtps_cpp.dir/rosidl_typesupport_fastrtps_cpp/def_msg/msg/detail/dds_fastrtps/gobal_information__type_support.cpp.o\x1b[0m\n'}
[4.311047] (def_msg) StdoutLine: {'line': b'[ 36%] \x1b[32mBuilding CXX object CMakeFiles/def_msg__rosidl_typesupport_introspection_cpp.dir/rosidl_typesupport_introspection_cpp/def_msg/srv/detail/controller_mode_set__type_support.cpp.o\x1b[0m\n'}
[4.312404] (def_msg) StdoutLine: {'line': b'[ 37%] \x1b[32mBuilding CXX object CMakeFiles/def_msg__rosidl_typesupport_introspection_cpp.dir/rosidl_typesupport_introspection_cpp/def_msg/srv/detail/heart_beat__type_support.cpp.o\x1b[0m\n'}
[4.316236] (-) TimerEvent: {}
[4.340782] (def_msg) StdoutLine: {'line': b'[ 39%] \x1b[32mBuilding CXX object CMakeFiles/def_msg__rosidl_typesupport_introspection_cpp.dir/rosidl_typesupport_introspection_cpp/def_msg/action/detail/nav_pose__type_support.cpp.o\x1b[0m\n'}
[4.360800] (pb_rm_interfaces) StdoutLine: {'line': b'[ 69%] Built target pb_rm_interfaces__rosidl_typesupport_fastrtps_cpp\n'}
[4.407898] (def_msg) StdoutLine: {'line': b'[ 40%] \x1b[32mBuilding CXX object CMakeFiles/def_msg__rosidl_typesupport_fastrtps_cpp.dir/rosidl_typesupport_fastrtps_cpp/def_msg/msg/detail/dds_fastrtps/gimble_control__type_support.cpp.o\x1b[0m\n'}
[4.416344] (-) TimerEvent: {}
[4.483520] (pb_rm_interfaces) StdoutLine: {'line': b'[ 71%] \x1b[1m\x1b[32mLinking CXX shared library libpb_rm_interfaces__rosidl_typesupport_introspection_cpp.so\x1b[0m\n'}
[4.485437] (def_msg) StdoutLine: {'line': b'[ 41%] \x1b[32mBuilding CXX object CMakeFiles/def_msg__rosidl_typesupport_fastrtps_cpp.dir/rosidl_typesupport_fastrtps_cpp/def_msg/msg/detail/dds_fastrtps/common_control__type_support.cpp.o\x1b[0m\n'}
[4.495155] (pb_rm_interfaces) StdoutLine: {'line': b'[ 74%] \x1b[1m\x1b[32mLinking CXX shared library libpb_rm_interfaces__rosidl_typesupport_fastrtps_c.so\x1b[0m\n'}
[4.516438] (-) TimerEvent: {}
[4.602061] (def_msg) StdoutLine: {'line': b'[ 42%] \x1b[32mBuilding CXX object CMakeFiles/def_msg__rosidl_typesupport_fastrtps_cpp.dir/rosidl_typesupport_fastrtps_cpp/def_msg/msg/detail/dds_fastrtps/em_control__type_support.cpp.o\x1b[0m\n'}
[4.616533] (-) TimerEvent: {}
[4.635353] (pb_rm_interfaces) StdoutLine: {'line': b'[ 74%] Built target pb_rm_interfaces__rosidl_typesupport_introspection_cpp\n'}
[4.651162] (pb_rm_interfaces) StdoutLine: {'line': b'[ 74%] Built target pb_rm_interfaces__rosidl_typesupport_fastrtps_c\n'}
[4.667553] (pb_rm_interfaces) StdoutLine: {'line': b'[ 74%] Built target pb_rm_interfaces\n'}
[4.699940] (pb_rm_interfaces) StdoutLine: {'line': b'[ 76%] \x1b[1m\x1b[34mGenerating Python code for ROS interfaces\x1b[0m\n'}
[4.716644] (-) TimerEvent: {}
[4.717335] (def_msg) StdoutLine: {'line': b'[ 43%] \x1b[32mBuilding CXX object CMakeFiles/def_msg__rosidl_typesupport_c.dir/rosidl_typesupport_c/def_msg/msg/gobal_information__type_support.cpp.o\x1b[0m\n'}
[4.743631] (def_msg) StdoutLine: {'line': b'[ 44%] \x1b[32mBuilding CXX object CMakeFiles/def_msg__rosidl_typesupport_c.dir/rosidl_typesupport_c/def_msg/msg/gimble_control__type_support.cpp.o\x1b[0m\n'}
[4.764021] (def_msg) StdoutLine: {'line': b'[ 45%] \x1b[32mBuilding CXX object CMakeFiles/def_msg__rosidl_typesupport_fastrtps_cpp.dir/rosidl_typesupport_fastrtps_cpp/def_msg/msg/detail/dds_fastrtps/gimble_position__type_support.cpp.o\x1b[0m\n'}
[4.767603] (def_msg) StdoutLine: {'line': b'[ 47%] \x1b[32mBuilding CXX object CMakeFiles/def_msg__rosidl_typesupport_c.dir/rosidl_typesupport_c/def_msg/msg/common_control__type_support.cpp.o\x1b[0m\n'}
[4.774876] (def_msg) StdoutLine: {'line': b'[ 48%] \x1b[32mBuilding CXX object CMakeFiles/def_msg__rosidl_typesupport_c.dir/rosidl_typesupport_c/def_msg/msg/em_control__type_support.cpp.o\x1b[0m\n'}
[4.790339] (def_msg) StdoutLine: {'line': b'[ 49%] \x1b[32mBuilding CXX object CMakeFiles/def_msg__rosidl_typesupport_c.dir/rosidl_typesupport_c/def_msg/msg/gimble_position__type_support.cpp.o\x1b[0m\n'}
[4.799032] (def_msg) StdoutLine: {'line': b'[ 50%] \x1b[32mBuilding CXX object CMakeFiles/def_msg__rosidl_typesupport_fastrtps_cpp.dir/rosidl_typesupport_fastrtps_cpp/def_msg/srv/detail/dds_fastrtps/controller_mode_set__type_support.cpp.o\x1b[0m\n'}
[4.800853] (def_msg) StdoutLine: {'line': b'[ 51%] \x1b[32mBuilding CXX object CMakeFiles/def_msg__rosidl_typesupport_c.dir/rosidl_typesupport_c/def_msg/srv/controller_mode_set__type_support.cpp.o\x1b[0m\n'}
[4.805270] (def_msg) StdoutLine: {'line': b'[ 54%] \x1b[32mBuilding CXX object CMakeFiles/def_msg__rosidl_typesupport_c.dir/rosidl_typesupport_c/def_msg/srv/heart_beat__type_support.cpp.o\x1b[0m\n'}
[4.805593] (def_msg) StdoutLine: {'line': b'[ 54%] \x1b[32mBuilding CXX object CMakeFiles/def_msg__rosidl_typesupport_fastrtps_cpp.dir/rosidl_typesupport_fastrtps_cpp/def_msg/srv/detail/dds_fastrtps/heart_beat__type_support.cpp.o\x1b[0m\n'}
[4.813543] (def_msg) StdoutLine: {'line': b'[ 55%] \x1b[32mBuilding CXX object CMakeFiles/def_msg__rosidl_typesupport_c.dir/rosidl_typesupport_c/def_msg/action/nav_pose__type_support.cpp.o\x1b[0m\n'}
[4.816749] (-) TimerEvent: {}
[4.817996] (def_msg) StdoutLine: {'line': b'[ 56%] \x1b[1m\x1b[32mLinking CXX shared library libdef_msg__rosidl_typesupport_cpp.so\x1b[0m\n'}
[4.838459] (def_msg) StdoutLine: {'line': b'[ 57%] \x1b[32mBuilding CXX object CMakeFiles/def_msg__rosidl_typesupport_fastrtps_cpp.dir/rosidl_typesupport_fastrtps_cpp/def_msg/action/detail/dds_fastrtps/nav_pose__type_support.cpp.o\x1b[0m\n'}
[4.847320] (vision_msg) StdoutLine: {'line': b'[ 78%] Built target vision_msg__py\n'}
[4.859662] (vision_msg) StdoutLine: {'line': b'[ 80%] \x1b[32mBuilding C object CMakeFiles/vision_msg__rosidl_generator_py.dir/rosidl_generator_py/vision_msg/msg/_gimble_position_s.c.o\x1b[0m\n'}
[4.865777] (def_msg) StdoutLine: {'line': b'[ 57%] Built target def_msg__rosidl_typesupport_cpp\n'}
[4.866283] (vision_msg) StdoutLine: {'line': b'[ 82%] \x1b[32mBuilding C object CMakeFiles/vision_msg__rosidl_generator_py.dir/rosidl_generator_py/vision_msg/msg/_detected_id_s.c.o\x1b[0m\n'}
[4.869909] (vision_msg) StdoutLine: {'line': b'[ 85%] \x1b[32mBuilding C object CMakeFiles/vision_msg__rosidl_generator_py.dir/rosidl_generator_py/vision_msg/msg/_selected_id_s.c.o\x1b[0m\n'}
[4.871072] (def_msg) StdoutLine: {'line': b'[ 58%] \x1b[1m\x1b[32mLinking CXX shared library libdef_msg__rosidl_typesupport_c.so\x1b[0m\n'}
[4.895980] (def_msg) StdoutLine: {'line': b'[ 59%] \x1b[32mBuilding CXX object CMakeFiles/def_msg__rosidl_typesupport_fastrtps_c.dir/rosidl_typesupport_fastrtps_c/def_msg/msg/detail/gobal_information__type_support_c.cpp.o\x1b[0m\n'}
[4.906288] (def_msg) StdoutLine: {'line': b'[ 62%] \x1b[32mBuilding CXX object CMakeFiles/def_msg__rosidl_typesupport_fastrtps_c.dir/rosidl_typesupport_fastrtps_c/def_msg/msg/detail/common_control__type_support_c.cpp.o\x1b[0m\n'}
[4.906588] (def_msg) StdoutLine: {'line': b'[ 62%] \x1b[32mBuilding CXX object CMakeFiles/def_msg__rosidl_typesupport_fastrtps_c.dir/rosidl_typesupport_fastrtps_c/def_msg/msg/detail/gimble_control__type_support_c.cpp.o\x1b[0m\n'}
[4.906708] (def_msg) StdoutLine: {'line': b'[ 63%] \x1b[32mBuilding CXX object CMakeFiles/def_msg__rosidl_typesupport_fastrtps_c.dir/rosidl_typesupport_fastrtps_c/def_msg/msg/detail/gimble_position__type_support_c.cpp.o\x1b[0m\n'}
[4.906814] (def_msg) StdoutLine: {'line': b'[ 64%] \x1b[32mBuilding CXX object CMakeFiles/def_msg__rosidl_typesupport_fastrtps_c.dir/rosidl_typesupport_fastrtps_c/def_msg/msg/detail/em_control__type_support_c.cpp.o\x1b[0m\n'}
[4.915431] (def_msg) StdoutLine: {'line': b'[ 65%] \x1b[32mBuilding CXX object CMakeFiles/def_msg__rosidl_typesupport_fastrtps_c.dir/rosidl_typesupport_fastrtps_c/def_msg/srv/detail/controller_mode_set__type_support_c.cpp.o\x1b[0m\n'}
[4.916865] (-) TimerEvent: {}
[4.920050] (def_msg) StdoutLine: {'line': b'[ 65%] Built target def_msg__rosidl_typesupport_c\n'}
[4.934469] (def_msg) StdoutLine: {'line': b'[ 66%] \x1b[32mBuilding CXX object CMakeFiles/def_msg__rosidl_typesupport_fastrtps_c.dir/rosidl_typesupport_fastrtps_c/def_msg/srv/detail/heart_beat__type_support_c.cpp.o\x1b[0m\n'}
[5.002773] (def_msg) StdoutLine: {'line': b'[ 67%] \x1b[32mBuilding CXX object CMakeFiles/def_msg__rosidl_typesupport_fastrtps_c.dir/rosidl_typesupport_fastrtps_c/def_msg/action/detail/nav_pose__type_support_c.cpp.o\x1b[0m\n'}
[5.018967] (-) TimerEvent: {}
[5.079649] (vision_msg) StdoutLine: {'line': b'[ 87%] \x1b[1m\x1b[32mLinking C shared library rosidl_generator_py/vision_msg/libvision_msg__rosidl_generator_py.so\x1b[0m\n'}
[5.119077] (-) TimerEvent: {}
[5.164363] (vision_msg) StdoutLine: {'line': b'[ 87%] Built target vision_msg__rosidl_generator_py\n'}
[5.181084] (def_msg) StdoutLine: {'line': b'[ 68%] \x1b[32mBuilding C object CMakeFiles/def_msg__rosidl_typesupport_introspection_c.dir/rosidl_typesupport_introspection_c/def_msg/msg/detail/gobal_information__type_support.c.o\x1b[0m\n'}
[5.184004] (def_msg) StdoutLine: {'line': b'[ 70%] \x1b[32mBuilding C object CMakeFiles/def_msg__rosidl_typesupport_introspection_c.dir/rosidl_typesupport_introspection_c/def_msg/msg/detail/gimble_control__type_support.c.o\x1b[0m\n'}
[5.185921] (vision_msg) StdoutLine: {'line': b'[ 89%] \x1b[32mBuilding C object CMakeFiles/vision_msg__rosidl_typesupport_fastrtps_c__pyext.dir/rosidl_generator_py/vision_msg/_vision_msg_s.ep.rosidl_typesupport_fastrtps_c.c.o\x1b[0m\n'}
[5.187803] (vision_msg) StdoutLine: {'line': b'[ 91%] \x1b[32mBuilding C object CMakeFiles/vision_msg__rosidl_typesupport_c__pyext.dir/rosidl_generator_py/vision_msg/_vision_msg_s.ep.rosidl_typesupport_c.c.o\x1b[0m\n'}
[5.189427] (def_msg) StdoutLine: {'line': b'[ 71%] \x1b[32mBuilding C object CMakeFiles/def_msg__rosidl_typesupport_introspection_c.dir/rosidl_typesupport_introspection_c/def_msg/msg/detail/common_control__type_support.c.o\x1b[0m\n'}
[5.196762] (vision_msg) StdoutLine: {'line': b'[ 93%] \x1b[32mBuilding C object CMakeFiles/vision_msg__rosidl_typesupport_introspection_c__pyext.dir/rosidl_generator_py/vision_msg/_vision_msg_s.ep.rosidl_typesupport_introspection_c.c.o\x1b[0m\n'}
[5.219199] (-) TimerEvent: {}
[5.249591] (def_msg) StdoutLine: {'line': b'[ 72%] \x1b[32mBuilding C object CMakeFiles/def_msg__rosidl_typesupport_introspection_c.dir/rosidl_typesupport_introspection_c/def_msg/msg/detail/em_control__type_support.c.o\x1b[0m\n'}
[5.280188] (def_msg) StdoutLine: {'line': b'[ 73%] \x1b[32mBuilding C object CMakeFiles/def_msg__rosidl_typesupport_introspection_c.dir/rosidl_typesupport_introspection_c/def_msg/msg/detail/gimble_position__type_support.c.o\x1b[0m\n'}
[5.283605] (def_msg) StdoutLine: {'line': b'[ 74%] \x1b[32mBuilding C object CMakeFiles/def_msg__rosidl_typesupport_introspection_c.dir/rosidl_typesupport_introspection_c/def_msg/srv/detail/controller_mode_set__type_support.c.o\x1b[0m\n'}
[5.286616] (def_msg) StdoutLine: {'line': b'[ 75%] \x1b[32mBuilding C object CMakeFiles/def_msg__rosidl_typesupport_introspection_c.dir/rosidl_typesupport_introspection_c/def_msg/srv/detail/heart_beat__type_support.c.o\x1b[0m\n'}
[5.298145] (def_msg) StdoutLine: {'line': b'[ 77%] \x1b[1m\x1b[32mLinking CXX shared library libdef_msg__rosidl_typesupport_introspection_cpp.so\x1b[0m\n'}
[5.307359] (def_msg) StdoutLine: {'line': b'[ 78%] \x1b[32mBuilding C object CMakeFiles/def_msg__rosidl_typesupport_introspection_c.dir/rosidl_typesupport_introspection_c/def_msg/action/detail/nav_pose__type_support.c.o\x1b[0m\n'}
[5.319313] (-) TimerEvent: {}
[5.355494] (vision_msg) StdoutLine: {'line': b'[ 95%] \x1b[1m\x1b[32mLinking C shared library rosidl_generator_py/vision_msg/vision_msg_s__rosidl_typesupport_c.cpython-310-x86_64-linux-gnu.so\x1b[0m\n'}
[5.360844] (vision_msg) StdoutLine: {'line': b'[ 97%] \x1b[1m\x1b[32mLinking C shared library rosidl_generator_py/vision_msg/vision_msg_s__rosidl_typesupport_introspection_c.cpython-310-x86_64-linux-gnu.so\x1b[0m\n'}
[5.384467] (vision_msg) StdoutLine: {'line': b'[100%] \x1b[1m\x1b[32mLinking C shared library rosidl_generator_py/vision_msg/vision_msg_s__rosidl_typesupport_fastrtps_c.cpython-310-x86_64-linux-gnu.so\x1b[0m\n'}
[5.386581] (vision_msg) StdoutLine: {'line': b'[100%] Built target vision_msg__rosidl_typesupport_c__pyext\n'}
[5.391355] (def_msg) StdoutLine: {'line': b'[ 79%] \x1b[1m\x1b[32mLinking C shared library libdef_msg__rosidl_typesupport_introspection_c.so\x1b[0m\n'}
[5.403043] (vision_msg) StdoutLine: {'line': b'[100%] Built target vision_msg__rosidl_typesupport_introspection_c__pyext\n'}
[5.418575] (def_msg) StdoutLine: {'line': b'[ 79%] Built target def_msg__rosidl_typesupport_introspection_cpp\n'}
[5.419395] (-) TimerEvent: {}
[5.420037] (def_msg) StdoutLine: {'line': b'[ 79%] Built target def_msg__rosidl_typesupport_introspection_c\n'}
[5.422623] (vision_msg) StdoutLine: {'line': b'[100%] Built target vision_msg__rosidl_typesupport_fastrtps_c__pyext\n'}
[5.427860] (vision_msg) CommandEnded: {'returncode': 0}
[5.429435] (vision_msg) JobProgress: {'identifier': 'vision_msg', 'progress': 'install'}
[5.432250] (vision_msg) Command: {'cmd': ['/usr/bin/cmake', '--install', '/home/hjh/RMserial/build/vision_msg'], 'cwd': '/home/hjh/RMserial/build/vision_msg', 'env': OrderedDict([('LESSOPEN', '| /usr/bin/lesspipe %s'), ('HTTPS_PROXY', 'http://127.0.0.1:7890/'), ('no_proxy', 'localhost,127.0.0.1,::1'), ('LANGUAGE', 'zh_CN:en'), ('USER', 'hjh'), ('LC_TIME', 'zh_CN.UTF-8'), ('all_proxy', 'socks://127.0.0.1:7890/'), ('XDG_SESSION_TYPE', 'wayland'), ('SHLVL', '1'), ('LD_LIBRARY_PATH', '/opt/ros/humble/opt/openvdb_vendor/lib:/home/hjh/ros2_ws/install/lib:/home/hjh/ros2_ws/install/lib:/usr/lib/x86_64-linux-gnu/gazebo-11/plugins:/opt/ros/humble/opt/rviz_ogre_vendor/lib:/opt/ros/humble/lib/x86_64-linux-gnu:/opt/ros/humble/lib'), ('HOME', '/home/hjh'), ('CONDA_SHLVL', '0'), ('DESKTOP_SESSION', 'ubuntu'), ('NO_PROXY', 'localhost,127.0.0.1,::1'), ('ROS_PYTHON_VERSION', '3'), ('GNOME_SHELL_SESSION_MODE', 'ubuntu'), ('GTK_MODULES', 'gail:atk-bridge'), ('LC_MONETARY', 'zh_CN.UTF-8'), ('DBUS_STARTER_BUS_TYPE', 'session'), ('SYSTEMD_EXEC_PID', '1746'), ('DBUS_SESSION_BUS_ADDRESS', 'unix:path=/run/user/1000/bus,guid=da9e182f6a398809d3ec8f1069c578ca'), ('COLORTERM', 'truecolor'), ('_CE_M', ''), ('IM_CONFIG_PHASE', '1'), ('WAYLAND_DISPLAY', 'wayland-0'), ('https_proxy', 'http://127.0.0.1:7890/'), ('ROS_DISTRO', 'humble'), ('GTK_IM_MODULE', 'fcitx'), ('LOGNAME', 'hjh'), ('ALL_PROXY', 'socks://127.0.0.1:7890/'), ('http_proxy', 'http://127.0.0.1:7890/'), ('_', '/usr/bin/colcon'), ('ROS_VERSION', '2'), ('XDG_SESSION_CLASS', 'user'), ('USERNAME', 'hjh'), ('TERM', 'xterm-256color'), ('GNOME_DESKTOP_SESSION_ID', 'this-is-deprecated'), ('_CE_CONDA', ''), ('ROS_LOCALHOST_ONLY', '0'), ('PATH', '/home/hjh/miniconda3/condabin:/opt/ros/humble/bin:/home/hjh/.local/bin:/usr/local/sbin:/usr/local/bin:/usr/sbin:/usr/bin:/sbin:/bin:/usr/games:/usr/local/games:/snap/bin:/snap/bin'), ('SESSION_MANAGER', 'local/hjh-Lenovo-G5000-IRH8:@/tmp/.ICE-unix/1746,unix/hjh-Lenovo-G5000-IRH8:/tmp/.ICE-unix/1746'), ('PAPERSIZE', 'a4'), ('XDG_MENU_PREFIX', 'gnome-'), ('LC_ADDRESS', 'zh_CN.UTF-8'), ('GNOME_TERMINAL_SCREEN', '/org/gnome/Terminal/screen/d4c127c6_0c8e_45b3_8c66_2cd1158f5318'), ('GNOME_SETUP_DISPLAY', ':1'), ('XDG_RUNTIME_DIR', '/run/user/1000'), ('DISPLAY', ':0'), ('LANG', 'zh_CN.UTF-8'), ('XDG_CURRENT_DESKTOP', 'ubuntu:GNOME'), ('LC_TELEPHONE', 'zh_CN.UTF-8'), ('XMODIFIERS', '@im=fcitx'), ('XDG_SESSION_DESKTOP', 'ubuntu'), ('XAUTHORITY', '/run/user/1000/.mutter-Xwaylandauth.3AY2M3'), ('LS_COLORS', 'rs=0:di=01;34:ln=01;36:mh=00:pi=40;33:so=01;35:do=01;35:bd=40;33;01:cd=40;33;01:or=40;31;01:mi=00:su=37;41:sg=30;43:ca=30;41:tw=30;42:ow=34;42:st=37;44:ex=01;32:*.tar=01;31:*.tgz=01;31:*.arc=01;31:*.arj=01;31:*.taz=01;31:*.lha=01;31:*.lz4=01;31:*.lzh=01;31:*.lzma=01;31:*.tlz=01;31:*.txz=01;31:*.tzo=01;31:*.t7z=01;31:*.zip=01;31:*.z=01;31:*.dz=01;31:*.gz=01;31:*.lrz=01;31:*.lz=01;31:*.lzo=01;31:*.xz=01;31:*.zst=01;31:*.tzst=01;31:*.bz2=01;31:*.bz=01;31:*.tbz=01;31:*.tbz2=01;31:*.tz=01;31:*.deb=01;31:*.rpm=01;31:*.jar=01;31:*.war=01;31:*.ear=01;31:*.sar=01;31:*.rar=01;31:*.alz=01;31:*.ace=01;31:*.zoo=01;31:*.cpio=01;31:*.7z=01;31:*.rz=01;31:*.cab=01;31:*.wim=01;31:*.swm=01;31:*.dwm=01;31:*.esd=01;31:*.jpg=01;35:*.jpeg=01;35:*.mjpg=01;35:*.mjpeg=01;35:*.gif=01;35:*.bmp=01;35:*.pbm=01;35:*.pgm=01;35:*.ppm=01;35:*.tga=01;35:*.xbm=01;35:*.xpm=01;35:*.tif=01;35:*.tiff=01;35:*.png=01;35:*.svg=01;35:*.svgz=01;35:*.mng=01;35:*.pcx=01;35:*.mov=01;35:*.mpg=01;35:*.mpeg=01;35:*.m2v=01;35:*.mkv=01;35:*.webm=01;35:*.webp=01;35:*.ogm=01;35:*.mp4=01;35:*.m4v=01;35:*.mp4v=01;35:*.vob=01;35:*.qt=01;35:*.nuv=01;35:*.wmv=01;35:*.asf=01;35:*.rm=01;35:*.rmvb=01;35:*.flc=01;35:*.avi=01;35:*.fli=01;35:*.flv=01;35:*.gl=01;35:*.dl=01;35:*.xcf=01;35:*.xwd=01;35:*.yuv=01;35:*.cgm=01;35:*.emf=01;35:*.ogv=01;35:*.ogx=01;35:*.aac=00;36:*.au=00;36:*.flac=00;36:*.m4a=00;36:*.mid=00;36:*.midi=00;36:*.mka=00;36:*.mp3=00;36:*.mpc=00;36:*.ogg=00;36:*.ra=00;36:*.wav=00;36:*.oga=00;36:*.opus=00;36:*.spx=00;36:*.xspf=00;36:'), ('GNOME_TERMINAL_SERVICE', ':1.102'), ('SSH_AGENT_LAUNCHER', 'gnome-keyring'), ('SSH_AUTH_SOCK', '/run/user/1000/keyring/ssh'), ('AMENT_PREFIX_PATH', '/opt/ros/humble'), ('CONDA_PYTHON_EXE', '/home/hjh/miniconda3/bin/python'), ('SHELL', '/bin/bash'), ('LC_NAME', 'zh_CN.UTF-8'), ('QT_ACCESSIBILITY', '1'), ('GDMSESSION', 'ubuntu'), ('LESSCLOSE', '/usr/bin/lesspipe %s %s'), ('LC_MEASUREMENT', 'zh_CN.UTF-8'), ('LC_IDENTIFICATION', 'zh_CN.UTF-8'), ('QT_IM_MODULE', 'fcitx'), ('PWD', '/home/hjh/RMserial/build/vision_msg'), ('XDG_CONFIG_DIRS', '/etc/xdg/xdg-ubuntu:/etc/xdg'), ('CONDA_EXE', '/home/hjh/miniconda3/bin/conda'), ('CLUTTER_IM_MODULE', 'fcitx'), ('DBUS_STARTER_ADDRESS', 'unix:path=/run/user/1000/bus,guid=da9e182f6a398809d3ec8f1069c578ca'), ('XDG_DATA_DIRS', '/usr/share/ubuntu:/usr/local/share/:/usr/share/:/var/lib/snapd/desktop'), ('PYTHONPATH', '/opt/ros/humble/lib/python3.10/site-packages:/opt/ros/humble/local/lib/python3.10/dist-packages'), ('HTTP_PROXY', 'http://127.0.0.1:7890/'), ('LC_NUMERIC', 'en_US.UTF-8'), ('LC_PAPER', 'zh_CN.UTF-8'), ('COLCON', '1'), ('VTE_VERSION', '6800'), ('CMAKE_PREFIX_PATH', '/opt/ros/humble')]), 'shell': False}
[5.435451] (vision_msg) StdoutLine: {'line': b'-- Install configuration: ""\n'}
[5.435621] (vision_msg) StdoutLine: {'line': b'-- Installing: /home/hjh/RMserial/install/vision_msg/share/ament_index/resource_index/rosidl_interfaces/vision_msg\n'}
[5.435727] (vision_msg) StdoutLine: {'line': b'-- Installing: /home/hjh/RMserial/install/vision_msg/include/vision_msg/vision_msg\n'}
[5.435861] (vision_msg) StdoutLine: {'line': b'-- Installing: /home/hjh/RMserial/install/vision_msg/include/vision_msg/vision_msg/msg\n'}
[5.435998] (vision_msg) StdoutLine: {'line': b'-- Installing: /home/hjh/RMserial/install/vision_msg/include/vision_msg/vision_msg/msg/rosidl_generator_c__visibility_control.h\n'}
[5.436088] (vision_msg) StdoutLine: {'line': b'-- Installing: /home/hjh/RMserial/install/vision_msg/include/vision_msg/vision_msg/msg/detail\n'}
[5.436171] (vision_msg) StdoutLine: {'line': b'-- Installing: /home/hjh/RMserial/install/vision_msg/include/vision_msg/vision_msg/msg/detail/selected_id__functions.h\n'}
[5.436253] (vision_msg) StdoutLine: {'line': b'-- Installing: /home/hjh/RMserial/install/vision_msg/include/vision_msg/vision_msg/msg/detail/gimble_position__struct.h\n'}
[5.436335] (vision_msg) StdoutLine: {'line': b'-- Installing: /home/hjh/RMserial/install/vision_msg/include/vision_msg/vision_msg/msg/detail/gimble_position__functions.h\n'}
[5.436455] (vision_msg) StdoutLine: {'line': b'-- Installing: /home/hjh/RMserial/install/vision_msg/include/vision_msg/vision_msg/msg/detail/selected_id__type_support.h\n'}
[5.436545] (vision_msg) StdoutLine: {'line': b'-- Installing: /home/hjh/RMserial/install/vision_msg/include/vision_msg/vision_msg/msg/detail/detected_id__functions.h\n'}
[5.436627] (vision_msg) StdoutLine: {'line': b'-- Installing: /home/hjh/RMserial/install/vision_msg/include/vision_msg/vision_msg/msg/detail/gimble_position__type_support.h\n'}
[5.436879] (vision_msg) StdoutLine: {'line': b'-- Installing: /home/hjh/RMserial/install/vision_msg/include/vision_msg/vision_msg/msg/detail/detected_id__struct.h\n'}
[5.436972] (vision_msg) StdoutLine: {'line': b'-- Installing: /home/hjh/RMserial/install/vision_msg/include/vision_msg/vision_msg/msg/detail/detected_id__type_support.h\n'}
[5.437054] (vision_msg) StdoutLine: {'line': b'-- Installing: /home/hjh/RMserial/install/vision_msg/include/vision_msg/vision_msg/msg/detail/detected_id__functions.c\n'}
[5.437135] (vision_msg) StdoutLine: {'line': b'-- Installing: /home/hjh/RMserial/install/vision_msg/include/vision_msg/vision_msg/msg/detail/selected_id__functions.c\n'}
[5.437216] (vision_msg) StdoutLine: {'line': b'-- Installing: /home/hjh/RMserial/install/vision_msg/include/vision_msg/vision_msg/msg/detail/selected_id__struct.h\n'}
[5.437298] (vision_msg) StdoutLine: {'line': b'-- Installing: /home/hjh/RMserial/install/vision_msg/include/vision_msg/vision_msg/msg/detail/gimble_position__functions.c\n'}
[5.437378] (vision_msg) StdoutLine: {'line': b'-- Installing: /home/hjh/RMserial/install/vision_msg/include/vision_msg/vision_msg/msg/detected_id.h\n'}
[5.437460] (vision_msg) StdoutLine: {'line': b'-- Installing: /home/hjh/RMserial/install/vision_msg/include/vision_msg/vision_msg/msg/selected_id.h\n'}
[5.437542] (vision_msg) StdoutLine: {'line': b'-- Installing: /home/hjh/RMserial/install/vision_msg/include/vision_msg/vision_msg/msg/gimble_position.h\n'}
[5.437623] (vision_msg) StdoutLine: {'line': b'-- Installing: /home/hjh/RMserial/install/vision_msg/share/vision_msg/environment/library_path.sh\n'}
[5.437819] (vision_msg) StdoutLine: {'line': b'-- Installing: /home/hjh/RMserial/install/vision_msg/share/vision_msg/environment/library_path.dsv\n'}
[5.437937] (vision_msg) StdoutLine: {'line': b'-- Installing: /home/hjh/RMserial/install/vision_msg/lib/libvision_msg__rosidl_generator_c.so\n'}
[5.438019] (vision_msg) StdoutLine: {'line': b'-- Set non-toolchain portion of runtime path of "/home/hjh/RMserial/install/vision_msg/lib/libvision_msg__rosidl_generator_c.so" to ""\n'}
[5.438142] (vision_msg) StdoutLine: {'line': b'-- Up-to-date: /home/hjh/RMserial/install/vision_msg/include/vision_msg/vision_msg\n'}
[5.438223] (vision_msg) StdoutLine: {'line': b'-- Up-to-date: /home/hjh/RMserial/install/vision_msg/include/vision_msg/vision_msg/msg\n'}
[5.438304] (vision_msg) StdoutLine: {'line': b'-- Up-to-date: /home/hjh/RMserial/install/vision_msg/include/vision_msg/vision_msg/msg/detail\n'}
[5.438384] (vision_msg) StdoutLine: {'line': b'-- Installing: /home/hjh/RMserial/install/vision_msg/include/vision_msg/vision_msg/msg/detail/selected_id__rosidl_typesupport_fastrtps_c.h\n'}
[5.438465] (vision_msg) StdoutLine: {'line': b'-- Installing: /home/hjh/RMserial/install/vision_msg/include/vision_msg/vision_msg/msg/detail/gimble_position__rosidl_typesupport_fastrtps_c.h\n'}
[5.438545] (vision_msg) StdoutLine: {'line': b'-- Installing: /home/hjh/RMserial/install/vision_msg/include/vision_msg/vision_msg/msg/detail/detected_id__rosidl_typesupport_fastrtps_c.h\n'}
[5.438626] (vision_msg) StdoutLine: {'line': b'-- Installing: /home/hjh/RMserial/install/vision_msg/include/vision_msg/vision_msg/msg/rosidl_typesupport_fastrtps_c__visibility_control.h\n'}
[5.438798] (vision_msg) StdoutLine: {'line': b'-- Installing: /home/hjh/RMserial/install/vision_msg/lib/libvision_msg__rosidl_typesupport_fastrtps_c.so\n'}
[5.438890] (vision_msg) StdoutLine: {'line': b'-- Set non-toolchain portion of runtime path of "/home/hjh/RMserial/install/vision_msg/lib/libvision_msg__rosidl_typesupport_fastrtps_c.so" to ""\n'}
[5.438972] (vision_msg) StdoutLine: {'line': b'-- Up-to-date: /home/hjh/RMserial/install/vision_msg/include/vision_msg/vision_msg\n'}
[5.439057] (vision_msg) StdoutLine: {'line': b'-- Up-to-date: /home/hjh/RMserial/install/vision_msg/include/vision_msg/vision_msg/msg\n'}
[5.439139] (vision_msg) StdoutLine: {'line': b'-- Up-to-date: /home/hjh/RMserial/install/vision_msg/include/vision_msg/vision_msg/msg/detail\n'}
[5.439220] (vision_msg) StdoutLine: {'line': b'-- Installing: /home/hjh/RMserial/install/vision_msg/include/vision_msg/vision_msg/msg/detail/selected_id__rosidl_typesupport_introspection_c.h\n'}
[5.439303] (vision_msg) StdoutLine: {'line': b'-- Installing: /home/hjh/RMserial/install/vision_msg/include/vision_msg/vision_msg/msg/detail/selected_id__type_support.c\n'}
[5.439384] (vision_msg) StdoutLine: {'line': b'-- Installing: /home/hjh/RMserial/install/vision_msg/include/vision_msg/vision_msg/msg/detail/detected_id__rosidl_typesupport_introspection_c.h\n'}
[5.439465] (vision_msg) StdoutLine: {'line': b'-- Installing: /home/hjh/RMserial/install/vision_msg/include/vision_msg/vision_msg/msg/detail/detected_id__type_support.c\n'}
[5.439546] (vision_msg) StdoutLine: {'line': b'-- Installing: /home/hjh/RMserial/install/vision_msg/include/vision_msg/vision_msg/msg/detail/gimble_position__rosidl_typesupport_introspection_c.h\n'}
[5.439628] (vision_msg) StdoutLine: {'line': b'-- Installing: /home/hjh/RMserial/install/vision_msg/include/vision_msg/vision_msg/msg/detail/gimble_position__type_support.c\n'}
[5.439802] (vision_msg) StdoutLine: {'line': b'-- Installing: /home/hjh/RMserial/install/vision_msg/include/vision_msg/vision_msg/msg/rosidl_typesupport_introspection_c__visibility_control.h\n'}
[5.439908] (vision_msg) StdoutLine: {'line': b'-- Installing: /home/hjh/RMserial/install/vision_msg/lib/libvision_msg__rosidl_typesupport_introspection_c.so\n'}
[5.440049] (vision_msg) StdoutLine: {'line': b'-- Set non-toolchain portion of runtime path of "/home/hjh/RMserial/install/vision_msg/lib/libvision_msg__rosidl_typesupport_introspection_c.so" to ""\n'}
[5.440137] (vision_msg) StdoutLine: {'line': b'-- Installing: /home/hjh/RMserial/install/vision_msg/lib/libvision_msg__rosidl_typesupport_c.so\n'}
[5.440217] (vision_msg) StdoutLine: {'line': b'-- Set non-toolchain portion of runtime path of "/home/hjh/RMserial/install/vision_msg/lib/libvision_msg__rosidl_typesupport_c.so" to ""\n'}
[5.440297] (vision_msg) StdoutLine: {'line': b'-- Up-to-date: /home/hjh/RMserial/install/vision_msg/include/vision_msg/vision_msg\n'}
[5.440447] (vision_msg) StdoutLine: {'line': b'-- Up-to-date: /home/hjh/RMserial/install/vision_msg/include/vision_msg/vision_msg/msg\n'}
[5.440528] (vision_msg) StdoutLine: {'line': b'-- Installing: /home/hjh/RMserial/install/vision_msg/include/vision_msg/vision_msg/msg/selected_id.hpp\n'}
[5.440606] (vision_msg) StdoutLine: {'line': b'-- Installing: /home/hjh/RMserial/install/vision_msg/include/vision_msg/vision_msg/msg/gimble_position.hpp\n'}
[5.440690] (vision_msg) StdoutLine: {'line': b'-- Installing: /home/hjh/RMserial/install/vision_msg/include/vision_msg/vision_msg/msg/detected_id.hpp\n'}
[5.440837] (vision_msg) StdoutLine: {'line': b'-- Up-to-date: /home/hjh/RMserial/install/vision_msg/include/vision_msg/vision_msg/msg/detail\n'}
[5.440916] (vision_msg) StdoutLine: {'line': b'-- Installing: /home/hjh/RMserial/install/vision_msg/include/vision_msg/vision_msg/msg/detail/selected_id__type_support.hpp\n'}
[5.440990] (vision_msg) StdoutLine: {'line': b'-- Installing: /home/hjh/RMserial/install/vision_msg/include/vision_msg/vision_msg/msg/detail/gimble_position__struct.hpp\n'}
[5.441065] (vision_msg) StdoutLine: {'line': b'-- Installing: /home/hjh/RMserial/install/vision_msg/include/vision_msg/vision_msg/msg/detail/gimble_position__type_support.hpp\n'}
[5.441148] (vision_msg) StdoutLine: {'line': b'-- Installing: /home/hjh/RMserial/install/vision_msg/include/vision_msg/vision_msg/msg/detail/detected_id__traits.hpp\n'}
[5.441222] (vision_msg) StdoutLine: {'line': b'-- Installing: /home/hjh/RMserial/install/vision_msg/include/vision_msg/vision_msg/msg/detail/selected_id__builder.hpp\n'}
[5.441295] (vision_msg) StdoutLine: {'line': b'-- Installing: /home/hjh/RMserial/install/vision_msg/include/vision_msg/vision_msg/msg/detail/detected_id__type_support.hpp\n'}
[5.441368] (vision_msg) StdoutLine: {'line': b'-- Installing: /home/hjh/RMserial/install/vision_msg/include/vision_msg/vision_msg/msg/detail/gimble_position__traits.hpp\n'}
[5.441442] (vision_msg) StdoutLine: {'line': b'-- Installing: /home/hjh/RMserial/install/vision_msg/include/vision_msg/vision_msg/msg/detail/gimble_position__builder.hpp\n'}
[5.441516] (vision_msg) StdoutLine: {'line': b'-- Installing: /home/hjh/RMserial/install/vision_msg/include/vision_msg/vision_msg/msg/detail/selected_id__struct.hpp\n'}
[5.441588] (vision_msg) StdoutLine: {'line': b'-- Installing: /home/hjh/RMserial/install/vision_msg/include/vision_msg/vision_msg/msg/detail/detected_id__builder.hpp\n'}
[5.441662] (vision_msg) StdoutLine: {'line': b'-- Installing: /home/hjh/RMserial/install/vision_msg/include/vision_msg/vision_msg/msg/detail/detected_id__struct.hpp\n'}
[5.441750] (vision_msg) StdoutLine: {'line': b'-- Installing: /home/hjh/RMserial/install/vision_msg/include/vision_msg/vision_msg/msg/detail/selected_id__traits.hpp\n'}
[5.441828] (vision_msg) StdoutLine: {'line': b'-- Installing: /home/hjh/RMserial/install/vision_msg/include/vision_msg/vision_msg/msg/rosidl_generator_cpp__visibility_control.hpp\n'}
[5.441903] (vision_msg) StdoutLine: {'line': b'-- Up-to-date: /home/hjh/RMserial/install/vision_msg/include/vision_msg/vision_msg\n'}
[5.441985] (vision_msg) StdoutLine: {'line': b'-- Up-to-date: /home/hjh/RMserial/install/vision_msg/include/vision_msg/vision_msg/msg\n'}
[5.442062] (vision_msg) StdoutLine: {'line': b'-- Up-to-date: /home/hjh/RMserial/install/vision_msg/include/vision_msg/vision_msg/msg/detail\n'}
[5.442137] (vision_msg) StdoutLine: {'line': b'-- Installing: /home/hjh/RMserial/install/vision_msg/include/vision_msg/vision_msg/msg/detail/detected_id__rosidl_typesupport_fastrtps_cpp.hpp\n'}
[5.442213] (vision_msg) StdoutLine: {'line': b'-- Installing: /home/hjh/RMserial/install/vision_msg/include/vision_msg/vision_msg/msg/detail/dds_fastrtps\n'}
[5.442288] (vision_msg) StdoutLine: {'line': b'-- Installing: /home/hjh/RMserial/install/vision_msg/include/vision_msg/vision_msg/msg/detail/selected_id__rosidl_typesupport_fastrtps_cpp.hpp\n'}
[5.442362] (vision_msg) StdoutLine: {'line': b'-- Installing: /home/hjh/RMserial/install/vision_msg/include/vision_msg/vision_msg/msg/detail/gimble_position__rosidl_typesupport_fastrtps_cpp.hpp\n'}
[5.442443] (vision_msg) StdoutLine: {'line': b'-- Installing: /home/hjh/RMserial/install/vision_msg/include/vision_msg/vision_msg/msg/rosidl_typesupport_fastrtps_cpp__visibility_control.h\n'}
[5.442515] (vision_msg) StdoutLine: {'line': b'-- Installing: /home/hjh/RMserial/install/vision_msg/lib/libvision_msg__rosidl_typesupport_fastrtps_cpp.so\n'}
[5.442586] (vision_msg) StdoutLine: {'line': b'-- Set non-toolchain portion of runtime path of "/home/hjh/RMserial/install/vision_msg/lib/libvision_msg__rosidl_typesupport_fastrtps_cpp.so" to ""\n'}
[5.442663] (vision_msg) StdoutLine: {'line': b'-- Up-to-date: /home/hjh/RMserial/install/vision_msg/include/vision_msg/vision_msg\n'}
[5.442791] (vision_msg) StdoutLine: {'line': b'-- Up-to-date: /home/hjh/RMserial/install/vision_msg/include/vision_msg/vision_msg/msg\n'}
[5.442866] (vision_msg) StdoutLine: {'line': b'-- Up-to-date: /home/hjh/RMserial/install/vision_msg/include/vision_msg/vision_msg/msg/detail\n'}
[5.442938] (vision_msg) StdoutLine: {'line': b'-- Installing: /home/hjh/RMserial/install/vision_msg/include/vision_msg/vision_msg/msg/detail/detected_id__type_support.cpp\n'}
[5.443009] (vision_msg) StdoutLine: {'line': b'-- Installing: /home/hjh/RMserial/install/vision_msg/include/vision_msg/vision_msg/msg/detail/gimble_position__type_support.cpp\n'}
[5.443081] (vision_msg) StdoutLine: {'line': b'-- Installing: /home/hjh/RMserial/install/vision_msg/include/vision_msg/vision_msg/msg/detail/detected_id__rosidl_typesupport_introspection_cpp.hpp\n'}
[5.443152] (vision_msg) StdoutLine: {'line': b'-- Installing: /home/hjh/RMserial/install/vision_msg/include/vision_msg/vision_msg/msg/detail/gimble_position__rosidl_typesupport_introspection_cpp.hpp\n'}
[5.443223] (vision_msg) StdoutLine: {'line': b'-- Installing: /home/hjh/RMserial/install/vision_msg/include/vision_msg/vision_msg/msg/detail/selected_id__type_support.cpp\n'}
[5.443293] (vision_msg) StdoutLine: {'line': b'-- Installing: /home/hjh/RMserial/install/vision_msg/include/vision_msg/vision_msg/msg/detail/selected_id__rosidl_typesupport_introspection_cpp.hpp\n'}
[5.443364] (vision_msg) StdoutLine: {'line': b'-- Installing: /home/hjh/RMserial/install/vision_msg/lib/libvision_msg__rosidl_typesupport_introspection_cpp.so\n'}
[5.443434] (vision_msg) StdoutLine: {'line': b'-- Set non-toolchain portion of runtime path of "/home/hjh/RMserial/install/vision_msg/lib/libvision_msg__rosidl_typesupport_introspection_cpp.so" to ""\n'}
[5.443506] (vision_msg) StdoutLine: {'line': b'-- Installing: /home/hjh/RMserial/install/vision_msg/lib/libvision_msg__rosidl_typesupport_cpp.so\n'}
[5.443577] (vision_msg) StdoutLine: {'line': b'-- Set non-toolchain portion of runtime path of "/home/hjh/RMserial/install/vision_msg/lib/libvision_msg__rosidl_typesupport_cpp.so" to ""\n'}
[5.443647] (vision_msg) StdoutLine: {'line': b'-- Installing: /home/hjh/RMserial/install/vision_msg/share/vision_msg/environment/pythonpath.sh\n'}
[5.443738] (vision_msg) StdoutLine: {'line': b'-- Installing: /home/hjh/RMserial/install/vision_msg/share/vision_msg/environment/pythonpath.dsv\n'}
[5.443811] (vision_msg) StdoutLine: {'line': b'-- Installing: /home/hjh/RMserial/install/vision_msg/local/lib/python3.10/dist-packages/vision_msg-0.0.0-py3.10.egg-info\n'}
[5.443882] (vision_msg) StdoutLine: {'line': b'-- Installing: /home/hjh/RMserial/install/vision_msg/local/lib/python3.10/dist-packages/vision_msg-0.0.0-py3.10.egg-info/dependency_links.txt\n'}
[5.443954] (vision_msg) StdoutLine: {'line': b'-- Installing: /home/hjh/RMserial/install/vision_msg/local/lib/python3.10/dist-packages/vision_msg-0.0.0-py3.10.egg-info/PKG-INFO\n'}
[5.444026] (vision_msg) StdoutLine: {'line': b'-- Installing: /home/hjh/RMserial/install/vision_msg/local/lib/python3.10/dist-packages/vision_msg-0.0.0-py3.10.egg-info/SOURCES.txt\n'}
[5.444098] (vision_msg) StdoutLine: {'line': b'-- Installing: /home/hjh/RMserial/install/vision_msg/local/lib/python3.10/dist-packages/vision_msg-0.0.0-py3.10.egg-info/top_level.txt\n'}
[5.444174] (vision_msg) StdoutLine: {'line': b'-- Installing: /home/hjh/RMserial/install/vision_msg/local/lib/python3.10/dist-packages/vision_msg\n'}
[5.444245] (vision_msg) StdoutLine: {'line': b'-- Installing: /home/hjh/RMserial/install/vision_msg/local/lib/python3.10/dist-packages/vision_msg/vision_msg_s__rosidl_typesupport_c.cpython-310-x86_64-linux-gnu.so\n'}
[5.444318] (vision_msg) StdoutLine: {'line': b'-- Installing: /home/hjh/RMserial/install/vision_msg/local/lib/python3.10/dist-packages/vision_msg/_vision_msg_s.ep.rosidl_typesupport_fastrtps_c.c\n'}
[5.444394] (vision_msg) StdoutLine: {'line': b'-- Installing: /home/hjh/RMserial/install/vision_msg/local/lib/python3.10/dist-packages/vision_msg/vision_msg_s__rosidl_typesupport_fastrtps_c.cpython-310-x86_64-linux-gnu.so\n'}
[5.444474] (vision_msg) StdoutLine: {'line': b'-- Installing: /home/hjh/RMserial/install/vision_msg/local/lib/python3.10/dist-packages/vision_msg/__init__.py\n'}
[5.444550] (vision_msg) StdoutLine: {'line': b'-- Installing: /home/hjh/RMserial/install/vision_msg/local/lib/python3.10/dist-packages/vision_msg/libvision_msg__rosidl_generator_py.so\n'}
[5.444625] (vision_msg) StdoutLine: {'line': b'-- Installing: /home/hjh/RMserial/install/vision_msg/local/lib/python3.10/dist-packages/vision_msg/_vision_msg_s.ep.rosidl_typesupport_c.c\n'}
[5.444708] (vision_msg) StdoutLine: {'line': b'-- Installing: /home/hjh/RMserial/install/vision_msg/local/lib/python3.10/dist-packages/vision_msg/msg\n'}
[5.444791] (vision_msg) StdoutLine: {'line': b'-- Installing: /home/hjh/RMserial/install/vision_msg/local/lib/python3.10/dist-packages/vision_msg/msg/_selected_id.py\n'}
[5.444871] (vision_msg) StdoutLine: {'line': b'-- Installing: /home/hjh/RMserial/install/vision_msg/local/lib/python3.10/dist-packages/vision_msg/msg/_selected_id_s.c\n'}
[5.444949] (vision_msg) StdoutLine: {'line': b'-- Installing: /home/hjh/RMserial/install/vision_msg/local/lib/python3.10/dist-packages/vision_msg/msg/_detected_id.py\n'}
[5.445035] (vision_msg) StdoutLine: {'line': b'-- Installing: /home/hjh/RMserial/install/vision_msg/local/lib/python3.10/dist-packages/vision_msg/msg/_gimble_position_s.c\n'}
[5.445113] (vision_msg) StdoutLine: {'line': b'-- Installing: /home/hjh/RMserial/install/vision_msg/local/lib/python3.10/dist-packages/vision_msg/msg/__init__.py\n'}
[5.445192] (vision_msg) StdoutLine: {'line': b'-- Installing: /home/hjh/RMserial/install/vision_msg/local/lib/python3.10/dist-packages/vision_msg/msg/_gimble_position.py\n'}
[5.445266] (vision_msg) StdoutLine: {'line': b'-- Installing: /home/hjh/RMserial/install/vision_msg/local/lib/python3.10/dist-packages/vision_msg/msg/_detected_id_s.c\n'}
[5.445341] (vision_msg) StdoutLine: {'line': b'-- Installing: /home/hjh/RMserial/install/vision_msg/local/lib/python3.10/dist-packages/vision_msg/_vision_msg_s.ep.rosidl_typesupport_introspection_c.c\n'}
[5.445413] (vision_msg) StdoutLine: {'line': b'-- Installing: /home/hjh/RMserial/install/vision_msg/local/lib/python3.10/dist-packages/vision_msg/vision_msg_s__rosidl_typesupport_introspection_c.cpython-310-x86_64-linux-gnu.so\n'}
[5.466626] (vision_msg) StdoutLine: {'line': b"Listing '/home/hjh/RMserial/install/vision_msg/local/lib/python3.10/dist-packages/vision_msg'...\n"}
[5.466815] (vision_msg) StdoutLine: {'line': b"Compiling '/home/hjh/RMserial/install/vision_msg/local/lib/python3.10/dist-packages/vision_msg/__init__.py'...\n"}
[5.466904] (vision_msg) StdoutLine: {'line': b"Listing '/home/hjh/RMserial/install/vision_msg/local/lib/python3.10/dist-packages/vision_msg/msg'...\n"}
[5.466984] (vision_msg) StdoutLine: {'line': b"Compiling '/home/hjh/RMserial/install/vision_msg/local/lib/python3.10/dist-packages/vision_msg/msg/__init__.py'...\n"}
[5.467064] (vision_msg) StdoutLine: {'line': b"Compiling '/home/hjh/RMserial/install/vision_msg/local/lib/python3.10/dist-packages/vision_msg/msg/_detected_id.py'...\n"}
[5.467142] (vision_msg) StdoutLine: {'line': b"Compiling '/home/hjh/RMserial/install/vision_msg/local/lib/python3.10/dist-packages/vision_msg/msg/_gimble_position.py'...\n"}
[5.467232] (vision_msg) StdoutLine: {'line': b"Compiling '/home/hjh/RMserial/install/vision_msg/local/lib/python3.10/dist-packages/vision_msg/msg/_selected_id.py'...\n"}
[5.470076] (vision_msg) StdoutLine: {'line': b'-- Installing: /home/hjh/RMserial/install/vision_msg/local/lib/python3.10/dist-packages/vision_msg/vision_msg_s__rosidl_typesupport_fastrtps_c.cpython-310-x86_64-linux-gnu.so\n'}
[5.470289] (vision_msg) StdoutLine: {'line': b'-- Set non-toolchain portion of runtime path of "/home/hjh/RMserial/install/vision_msg/local/lib/python3.10/dist-packages/vision_msg/vision_msg_s__rosidl_typesupport_fastrtps_c.cpython-310-x86_64-linux-gnu.so" to ""\n'}
[5.470400] (vision_msg) StdoutLine: {'line': b'-- Installing: /home/hjh/RMserial/install/vision_msg/local/lib/python3.10/dist-packages/vision_msg/vision_msg_s__rosidl_typesupport_introspection_c.cpython-310-x86_64-linux-gnu.so\n'}
[5.470484] (vision_msg) StdoutLine: {'line': b'-- Set non-toolchain portion of runtime path of "/home/hjh/RMserial/install/vision_msg/local/lib/python3.10/dist-packages/vision_msg/vision_msg_s__rosidl_typesupport_introspection_c.cpython-310-x86_64-linux-gnu.so" to ""\n'}
[5.470608] (vision_msg) StdoutLine: {'line': b'-- Installing: /home/hjh/RMserial/install/vision_msg/local/lib/python3.10/dist-packages/vision_msg/vision_msg_s__rosidl_typesupport_c.cpython-310-x86_64-linux-gnu.so\n'}
[5.470693] (vision_msg) StdoutLine: {'line': b'-- Set non-toolchain portion of runtime path of "/home/hjh/RMserial/install/vision_msg/local/lib/python3.10/dist-packages/vision_msg/vision_msg_s__rosidl_typesupport_c.cpython-310-x86_64-linux-gnu.so" to ""\n'}
[5.470939] (vision_msg) StdoutLine: {'line': b'-- Installing: /home/hjh/RMserial/install/vision_msg/lib/libvision_msg__rosidl_generator_py.so\n'}
[5.471040] (vision_msg) StdoutLine: {'line': b'-- Set non-toolchain portion of runtime path of "/home/hjh/RMserial/install/vision_msg/lib/libvision_msg__rosidl_generator_py.so" to ""\n'}
[5.471128] (vision_msg) StdoutLine: {'line': b'-- Installing: /home/hjh/RMserial/install/vision_msg/share/vision_msg/msg/GimblePosition.idl\n'}
[5.471211] (vision_msg) StdoutLine: {'line': b'-- Installing: /home/hjh/RMserial/install/vision_msg/share/vision_msg/msg/DetectedId.idl\n'}
[5.471339] (vision_msg) StdoutLine: {'line': b'-- Installing: /home/hjh/RMserial/install/vision_msg/share/vision_msg/msg/SelectedId.idl\n'}
[5.471420] (vision_msg) StdoutLine: {'line': b'-- Installing: /home/hjh/RMserial/install/vision_msg/share/vision_msg/msg/GimblePosition.msg\n'}
[5.471499] (vision_msg) StdoutLine: {'line': b'-- Installing: /home/hjh/RMserial/install/vision_msg/share/vision_msg/msg/DetectedId.msg\n'}
[5.471579] (vision_msg) StdoutLine: {'line': b'-- Installing: /home/hjh/RMserial/install/vision_msg/share/vision_msg/msg/SelectedId.msg\n'}
[5.471660] (vision_msg) StdoutLine: {'line': b'-- Installing: /home/hjh/RMserial/install/vision_msg/share/ament_index/resource_index/package_run_dependencies/vision_msg\n'}
[5.471839] (vision_msg) StdoutLine: {'line': b'-- Installing: /home/hjh/RMserial/install/vision_msg/share/ament_index/resource_index/parent_prefix_path/vision_msg\n'}
[5.471981] (vision_msg) StdoutLine: {'line': b'-- Installing: /home/hjh/RMserial/install/vision_msg/share/vision_msg/environment/ament_prefix_path.sh\n'}
[5.472078] (vision_msg) StdoutLine: {'line': b'-- Installing: /home/hjh/RMserial/install/vision_msg/share/vision_msg/environment/ament_prefix_path.dsv\n'}
[5.472169] (vision_msg) StdoutLine: {'line': b'-- Installing: /home/hjh/RMserial/install/vision_msg/share/vision_msg/environment/path.sh\n'}
[5.472262] (vision_msg) StdoutLine: {'line': b'-- Installing: /home/hjh/RMserial/install/vision_msg/share/vision_msg/environment/path.dsv\n'}
[5.472354] (vision_msg) StdoutLine: {'line': b'-- Installing: /home/hjh/RMserial/install/vision_msg/share/vision_msg/local_setup.bash\n'}
[5.472449] (vision_msg) StdoutLine: {'line': b'-- Installing: /home/hjh/RMserial/install/vision_msg/share/vision_msg/local_setup.sh\n'}
[5.472612] (vision_msg) StdoutLine: {'line': b'-- Installing: /home/hjh/RMserial/install/vision_msg/share/vision_msg/local_setup.zsh\n'}
[5.472759] (vision_msg) StdoutLine: {'line': b'-- Installing: /home/hjh/RMserial/install/vision_msg/share/vision_msg/local_setup.dsv\n'}
[5.472896] (vision_msg) StdoutLine: {'line': b'-- Installing: /home/hjh/RMserial/install/vision_msg/share/vision_msg/package.dsv\n'}
[5.472987] (vision_msg) StdoutLine: {'line': b'-- Installing: /home/hjh/RMserial/install/vision_msg/share/ament_index/resource_index/packages/vision_msg\n'}
[5.473075] (vision_msg) StdoutLine: {'line': b'-- Installing: /home/hjh/RMserial/install/vision_msg/share/vision_msg/cmake/export_vision_msg__rosidl_generator_cExport.cmake\n'}
[5.473168] (vision_msg) StdoutLine: {'line': b'-- Installing: /home/hjh/RMserial/install/vision_msg/share/vision_msg/cmake/export_vision_msg__rosidl_generator_cExport-noconfig.cmake\n'}
[5.473260] (vision_msg) StdoutLine: {'line': b'-- Installing: /home/hjh/RMserial/install/vision_msg/share/vision_msg/cmake/export_vision_msg__rosidl_typesupport_fastrtps_cExport.cmake\n'}
[5.473350] (vision_msg) StdoutLine: {'line': b'-- Installing: /home/hjh/RMserial/install/vision_msg/share/vision_msg/cmake/export_vision_msg__rosidl_typesupport_fastrtps_cExport-noconfig.cmake\n'}
[5.473444] (vision_msg) StdoutLine: {'line': b'-- Installing: /home/hjh/RMserial/install/vision_msg/share/vision_msg/cmake/vision_msg__rosidl_typesupport_introspection_cExport.cmake\n'}
[5.473535] (vision_msg) StdoutLine: {'line': b'-- Installing: /home/hjh/RMserial/install/vision_msg/share/vision_msg/cmake/vision_msg__rosidl_typesupport_introspection_cExport-noconfig.cmake\n'}
[5.473625] (vision_msg) StdoutLine: {'line': b'-- Installing: /home/hjh/RMserial/install/vision_msg/share/vision_msg/cmake/vision_msg__rosidl_typesupport_cExport.cmake\n'}
[5.473919] (vision_msg) StdoutLine: {'line': b'-- Installing: /home/hjh/RMserial/install/vision_msg/share/vision_msg/cmake/vision_msg__rosidl_typesupport_cExport-noconfig.cmake\n'}
[5.474049] (vision_msg) StdoutLine: {'line': b'-- Installing: /home/hjh/RMserial/install/vision_msg/share/vision_msg/cmake/export_vision_msg__rosidl_generator_cppExport.cmake\n'}
[5.474140] (vision_msg) StdoutLine: {'line': b'-- Installing: /home/hjh/RMserial/install/vision_msg/share/vision_msg/cmake/export_vision_msg__rosidl_typesupport_fastrtps_cppExport.cmake\n'}
[5.474359] (vision_msg) StdoutLine: {'line': b'-- Installing: /home/hjh/RMserial/install/vision_msg/share/vision_msg/cmake/export_vision_msg__rosidl_typesupport_fastrtps_cppExport-noconfig.cmake\n'}
[5.474455] (vision_msg) StdoutLine: {'line': b'-- Installing: /home/hjh/RMserial/install/vision_msg/share/vision_msg/cmake/vision_msg__rosidl_typesupport_introspection_cppExport.cmake\n'}
[5.474534] (vision_msg) StdoutLine: {'line': b'-- Installing: /home/hjh/RMserial/install/vision_msg/share/vision_msg/cmake/vision_msg__rosidl_typesupport_introspection_cppExport-noconfig.cmake\n'}
[5.474612] (vision_msg) StdoutLine: {'line': b'-- Installing: /home/hjh/RMserial/install/vision_msg/share/vision_msg/cmake/vision_msg__rosidl_typesupport_cppExport.cmake\n'}
[5.474745] (vision_msg) StdoutLine: {'line': b'-- Installing: /home/hjh/RMserial/install/vision_msg/share/vision_msg/cmake/vision_msg__rosidl_typesupport_cppExport-noconfig.cmake\n'}
[5.474932] (vision_msg) StdoutLine: {'line': b'-- Installing: /home/hjh/RMserial/install/vision_msg/share/vision_msg/cmake/export_vision_msg__rosidl_generator_pyExport.cmake\n'}
[5.475019] (vision_msg) StdoutLine: {'line': b'-- Installing: /home/hjh/RMserial/install/vision_msg/share/vision_msg/cmake/export_vision_msg__rosidl_generator_pyExport-noconfig.cmake\n'}
[5.475101] (vision_msg) StdoutLine: {'line': b'-- Installing: /home/hjh/RMserial/install/vision_msg/share/vision_msg/cmake/rosidl_cmake-extras.cmake\n'}
[5.475181] (vision_msg) StdoutLine: {'line': b'-- Installing: /home/hjh/RMserial/install/vision_msg/share/vision_msg/cmake/ament_cmake_export_dependencies-extras.cmake\n'}
[5.475261] (vision_msg) StdoutLine: {'line': b'-- Installing: /home/hjh/RMserial/install/vision_msg/share/vision_msg/cmake/ament_cmake_export_include_directories-extras.cmake\n'}
[5.475554] (vision_msg) StdoutLine: {'line': b'-- Installing: /home/hjh/RMserial/install/vision_msg/share/vision_msg/cmake/ament_cmake_export_libraries-extras.cmake\n'}
[5.475633] (vision_msg) StdoutLine: {'line': b'-- Installing: /home/hjh/RMserial/install/vision_msg/share/vision_msg/cmake/ament_cmake_export_targets-extras.cmake\n'}
[5.476226] (vision_msg) StdoutLine: {'line': b'-- Installing: /home/hjh/RMserial/install/vision_msg/share/vision_msg/cmake/rosidl_cmake_export_typesupport_targets-extras.cmake\n'}
[5.476361] (vision_msg) StdoutLine: {'line': b'-- Installing: /home/hjh/RMserial/install/vision_msg/share/vision_msg/cmake/rosidl_cmake_export_typesupport_libraries-extras.cmake\n'}
[5.476442] (vision_msg) StdoutLine: {'line': b'-- Installing: /home/hjh/RMserial/install/vision_msg/share/vision_msg/cmake/vision_msgConfig.cmake\n'}
[5.476518] (vision_msg) StdoutLine: {'line': b'-- Installing: /home/hjh/RMserial/install/vision_msg/share/vision_msg/cmake/vision_msgConfig-version.cmake\n'}
[5.476596] (vision_msg) StdoutLine: {'line': b'-- Installing: /home/hjh/RMserial/install/vision_msg/share/vision_msg/package.xml\n'}
[5.476681] (vision_msg) CommandEnded: {'returncode': 0}
[5.481092] (def_msg) StdoutLine: {'line': b'[ 80%] \x1b[1m\x1b[32mLinking CXX shared library libdef_msg__rosidl_typesupport_fastrtps_c.so\x1b[0m\n'}
[5.507131] (vision_msg) JobEnded: {'identifier': 'vision_msg', 'rc': 0}
[5.519568] (-) TimerEvent: {}
[5.544473] (def_msg) StdoutLine: {'line': b'[ 80%] Built target def_msg__rosidl_typesupport_fastrtps_c\n'}
[5.585826] (def_msg) StdoutLine: {'line': b'[ 81%] \x1b[1m\x1b[32mLinking CXX shared library libdef_msg__rosidl_typesupport_fastrtps_cpp.so\x1b[0m\n'}
[5.619795] (-) TimerEvent: {}
[5.648241] (def_msg) StdoutLine: {'line': b'[ 81%] Built target def_msg__rosidl_typesupport_fastrtps_cpp\n'}
[5.661053] (def_msg) StdoutLine: {'line': b'[ 81%] Built target def_msg\n'}
[5.673254] (def_msg) StdoutLine: {'line': b'[ 82%] \x1b[1m\x1b[34mGenerating Python code for ROS interfaces\x1b[0m\n'}
[5.719892] (-) TimerEvent: {}
[5.740706] (pb_rm_interfaces) StdoutLine: {'line': b'[ 76%] Built target pb_rm_interfaces__py\n'}
[5.753908] (pb_rm_interfaces) StdoutLine: {'line': b'[ 79%] \x1b[32mBuilding C object CMakeFiles/pb_rm_interfaces__rosidl_generator_py.dir/rosidl_generator_py/pb_rm_interfaces/msg/_game_status_s.c.o\x1b[0m\n'}
[5.754193] (pb_rm_interfaces) StdoutLine: {'line': b'[ 82%] \x1b[32mBuilding C object CMakeFiles/pb_rm_interfaces__rosidl_generator_py.dir/rosidl_generator_py/pb_rm_interfaces/msg/_robot_status_s.c.o\x1b[0m\n'}
[5.819988] (-) TimerEvent: {}
[5.835615] (pb_rm_interfaces) StdoutLine: {'line': b'[ 84%] \x1b[1m\x1b[32mLinking C shared library rosidl_generator_py/pb_rm_interfaces/libpb_rm_interfaces__rosidl_generator_py.so\x1b[0m\n'}
[5.865116] (pb_rm_interfaces) StdoutLine: {'line': b'[ 84%] Built target pb_rm_interfaces__rosidl_generator_py\n'}
[5.877257] (pb_rm_interfaces) StdoutLine: {'line': b'[ 87%] \x1b[32mBuilding C object CMakeFiles/pb_rm_interfaces__rosidl_typesupport_fastrtps_c__pyext.dir/rosidl_generator_py/pb_rm_interfaces/_pb_rm_interfaces_s.ep.rosidl_typesupport_fastrtps_c.c.o\x1b[0m\n'}
[5.877506] (pb_rm_interfaces) StdoutLine: {'line': b'[ 89%] \x1b[32mBuilding C object CMakeFiles/pb_rm_interfaces__rosidl_typesupport_introspection_c__pyext.dir/rosidl_generator_py/pb_rm_interfaces/_pb_rm_interfaces_s.ep.rosidl_typesupport_introspection_c.c.o\x1b[0m\n'}
[5.877609] (pb_rm_interfaces) StdoutLine: {'line': b'[ 92%] \x1b[32mBuilding C object CMakeFiles/pb_rm_interfaces__rosidl_typesupport_c__pyext.dir/rosidl_generator_py/pb_rm_interfaces/_pb_rm_interfaces_s.ep.rosidl_typesupport_c.c.o\x1b[0m\n'}
[5.920081] (-) TimerEvent: {}
[5.942027] (pb_rm_interfaces) StdoutLine: {'line': b'[ 94%] \x1b[1m\x1b[32mLinking C shared library rosidl_generator_py/pb_rm_interfaces/pb_rm_interfaces_s__rosidl_typesupport_c.cpython-310-x86_64-linux-gnu.so\x1b[0m\n'}
[5.947133] (pb_rm_interfaces) StdoutLine: {'line': b'[ 97%] \x1b[1m\x1b[32mLinking C shared library rosidl_generator_py/pb_rm_interfaces/pb_rm_interfaces_s__rosidl_typesupport_fastrtps_c.cpython-310-x86_64-linux-gnu.so\x1b[0m\n'}
[5.974463] (pb_rm_interfaces) StdoutLine: {'line': b'[ 97%] Built target pb_rm_interfaces__rosidl_typesupport_c__pyext\n'}
[5.975581] (pb_rm_interfaces) StdoutLine: {'line': b'[ 97%] Built target pb_rm_interfaces__rosidl_typesupport_fastrtps_c__pyext\n'}
[5.976229] (pb_rm_interfaces) StdoutLine: {'line': b'[100%] \x1b[1m\x1b[32mLinking C shared library rosidl_generator_py/pb_rm_interfaces/pb_rm_interfaces_s__rosidl_typesupport_introspection_c.cpython-310-x86_64-linux-gnu.so\x1b[0m\n'}
[6.007636] (pb_rm_interfaces) StdoutLine: {'line': b'[100%] Built target pb_rm_interfaces__rosidl_typesupport_introspection_c__pyext\n'}
[6.014234] (pb_rm_interfaces) CommandEnded: {'returncode': 0}
[6.015089] (pb_rm_interfaces) JobProgress: {'identifier': 'pb_rm_interfaces', 'progress': 'install'}
[6.015359] (pb_rm_interfaces) Command: {'cmd': ['/usr/bin/cmake', '--install', '/home/hjh/RMserial/build/pb_rm_interfaces'], 'cwd': '/home/hjh/RMserial/build/pb_rm_interfaces', 'env': OrderedDict([('LESSOPEN', '| /usr/bin/lesspipe %s'), ('HTTPS_PROXY', 'http://127.0.0.1:7890/'), ('no_proxy', 'localhost,127.0.0.1,::1'), ('LANGUAGE', 'zh_CN:en'), ('USER', 'hjh'), ('LC_TIME', 'zh_CN.UTF-8'), ('all_proxy', 'socks://127.0.0.1:7890/'), ('XDG_SESSION_TYPE', 'wayland'), ('SHLVL', '1'), ('LD_LIBRARY_PATH', '/opt/ros/humble/opt/openvdb_vendor/lib:/home/hjh/ros2_ws/install/lib:/home/hjh/ros2_ws/install/lib:/usr/lib/x86_64-linux-gnu/gazebo-11/plugins:/opt/ros/humble/opt/rviz_ogre_vendor/lib:/opt/ros/humble/lib/x86_64-linux-gnu:/opt/ros/humble/lib'), ('HOME', '/home/hjh'), ('CONDA_SHLVL', '0'), ('DESKTOP_SESSION', 'ubuntu'), ('NO_PROXY', 'localhost,127.0.0.1,::1'), ('ROS_PYTHON_VERSION', '3'), ('GNOME_SHELL_SESSION_MODE', 'ubuntu'), ('GTK_MODULES', 'gail:atk-bridge'), ('LC_MONETARY', 'zh_CN.UTF-8'), ('DBUS_STARTER_BUS_TYPE', 'session'), ('SYSTEMD_EXEC_PID', '1746'), ('DBUS_SESSION_BUS_ADDRESS', 'unix:path=/run/user/1000/bus,guid=da9e182f6a398809d3ec8f1069c578ca'), ('COLORTERM', 'truecolor'), ('_CE_M', ''), ('IM_CONFIG_PHASE', '1'), ('WAYLAND_DISPLAY', 'wayland-0'), ('https_proxy', 'http://127.0.0.1:7890/'), ('ROS_DISTRO', 'humble'), ('GTK_IM_MODULE', 'fcitx'), ('LOGNAME', 'hjh'), ('ALL_PROXY', 'socks://127.0.0.1:7890/'), ('http_proxy', 'http://127.0.0.1:7890/'), ('_', '/usr/bin/colcon'), ('ROS_VERSION', '2'), ('XDG_SESSION_CLASS', 'user'), ('USERNAME', 'hjh'), ('TERM', 'xterm-256color'), ('GNOME_DESKTOP_SESSION_ID', 'this-is-deprecated'), ('_CE_CONDA', ''), ('ROS_LOCALHOST_ONLY', '0'), ('PATH', '/home/hjh/miniconda3/condabin:/opt/ros/humble/bin:/home/hjh/.local/bin:/usr/local/sbin:/usr/local/bin:/usr/sbin:/usr/bin:/sbin:/bin:/usr/games:/usr/local/games:/snap/bin:/snap/bin'), ('SESSION_MANAGER', 'local/hjh-Lenovo-G5000-IRH8:@/tmp/.ICE-unix/1746,unix/hjh-Lenovo-G5000-IRH8:/tmp/.ICE-unix/1746'), ('PAPERSIZE', 'a4'), ('XDG_MENU_PREFIX', 'gnome-'), ('LC_ADDRESS', 'zh_CN.UTF-8'), ('GNOME_TERMINAL_SCREEN', '/org/gnome/Terminal/screen/d4c127c6_0c8e_45b3_8c66_2cd1158f5318'), ('GNOME_SETUP_DISPLAY', ':1'), ('XDG_RUNTIME_DIR', '/run/user/1000'), ('DISPLAY', ':0'), ('LANG', 'zh_CN.UTF-8'), ('XDG_CURRENT_DESKTOP', 'ubuntu:GNOME'), ('LC_TELEPHONE', 'zh_CN.UTF-8'), ('XMODIFIERS', '@im=fcitx'), ('XDG_SESSION_DESKTOP', 'ubuntu'), ('XAUTHORITY', '/run/user/1000/.mutter-Xwaylandauth.3AY2M3'), ('LS_COLORS', 'rs=0:di=01;34:ln=01;36:mh=00:pi=40;33:so=01;35:do=01;35:bd=40;33;01:cd=40;33;01:or=40;31;01:mi=00:su=37;41:sg=30;43:ca=30;41:tw=30;42:ow=34;42:st=37;44:ex=01;32:*.tar=01;31:*.tgz=01;31:*.arc=01;31:*.arj=01;31:*.taz=01;31:*.lha=01;31:*.lz4=01;31:*.lzh=01;31:*.lzma=01;31:*.tlz=01;31:*.txz=01;31:*.tzo=01;31:*.t7z=01;31:*.zip=01;31:*.z=01;31:*.dz=01;31:*.gz=01;31:*.lrz=01;31:*.lz=01;31:*.lzo=01;31:*.xz=01;31:*.zst=01;31:*.tzst=01;31:*.bz2=01;31:*.bz=01;31:*.tbz=01;31:*.tbz2=01;31:*.tz=01;31:*.deb=01;31:*.rpm=01;31:*.jar=01;31:*.war=01;31:*.ear=01;31:*.sar=01;31:*.rar=01;31:*.alz=01;31:*.ace=01;31:*.zoo=01;31:*.cpio=01;31:*.7z=01;31:*.rz=01;31:*.cab=01;31:*.wim=01;31:*.swm=01;31:*.dwm=01;31:*.esd=01;31:*.jpg=01;35:*.jpeg=01;35:*.mjpg=01;35:*.mjpeg=01;35:*.gif=01;35:*.bmp=01;35:*.pbm=01;35:*.pgm=01;35:*.ppm=01;35:*.tga=01;35:*.xbm=01;35:*.xpm=01;35:*.tif=01;35:*.tiff=01;35:*.png=01;35:*.svg=01;35:*.svgz=01;35:*.mng=01;35:*.pcx=01;35:*.mov=01;35:*.mpg=01;35:*.mpeg=01;35:*.m2v=01;35:*.mkv=01;35:*.webm=01;35:*.webp=01;35:*.ogm=01;35:*.mp4=01;35:*.m4v=01;35:*.mp4v=01;35:*.vob=01;35:*.qt=01;35:*.nuv=01;35:*.wmv=01;35:*.asf=01;35:*.rm=01;35:*.rmvb=01;35:*.flc=01;35:*.avi=01;35:*.fli=01;35:*.flv=01;35:*.gl=01;35:*.dl=01;35:*.xcf=01;35:*.xwd=01;35:*.yuv=01;35:*.cgm=01;35:*.emf=01;35:*.ogv=01;35:*.ogx=01;35:*.aac=00;36:*.au=00;36:*.flac=00;36:*.m4a=00;36:*.mid=00;36:*.midi=00;36:*.mka=00;36:*.mp3=00;36:*.mpc=00;36:*.ogg=00;36:*.ra=00;36:*.wav=00;36:*.oga=00;36:*.opus=00;36:*.spx=00;36:*.xspf=00;36:'), ('GNOME_TERMINAL_SERVICE', ':1.102'), ('SSH_AGENT_LAUNCHER', 'gnome-keyring'), ('SSH_AUTH_SOCK', '/run/user/1000/keyring/ssh'), ('AMENT_PREFIX_PATH', '/opt/ros/humble'), ('CONDA_PYTHON_EXE', '/home/hjh/miniconda3/bin/python'), ('SHELL', '/bin/bash'), ('LC_NAME', 'zh_CN.UTF-8'), ('QT_ACCESSIBILITY', '1'), ('GDMSESSION', 'ubuntu'), ('LESSCLOSE', '/usr/bin/lesspipe %s %s'), ('LC_MEASUREMENT', 'zh_CN.UTF-8'), ('LC_IDENTIFICATION', 'zh_CN.UTF-8'), ('QT_IM_MODULE', 'fcitx'), ('PWD', '/home/hjh/RMserial/build/pb_rm_interfaces'), ('XDG_CONFIG_DIRS', '/etc/xdg/xdg-ubuntu:/etc/xdg'), ('CONDA_EXE', '/home/hjh/miniconda3/bin/conda'), ('CLUTTER_IM_MODULE', 'fcitx'), ('DBUS_STARTER_ADDRESS', 'unix:path=/run/user/1000/bus,guid=da9e182f6a398809d3ec8f1069c578ca'), ('XDG_DATA_DIRS', '/usr/share/ubuntu:/usr/local/share/:/usr/share/:/var/lib/snapd/desktop'), ('PYTHONPATH', '/opt/ros/humble/lib/python3.10/site-packages:/opt/ros/humble/local/lib/python3.10/dist-packages'), ('HTTP_PROXY', 'http://127.0.0.1:7890/'), ('LC_NUMERIC', 'en_US.UTF-8'), ('LC_PAPER', 'zh_CN.UTF-8'), ('COLCON', '1'), ('VTE_VERSION', '6800'), ('CMAKE_PREFIX_PATH', '/opt/ros/humble')]), 'shell': False}
[6.020078] (pb_rm_interfaces) StdoutLine: {'line': b'-- Install configuration: ""\n'}
[6.020195] (-) TimerEvent: {}
[6.020351] (pb_rm_interfaces) StdoutLine: {'line': b'-- Installing: /home/hjh/RMserial/install/pb_rm_interfaces/share/ament_index/resource_index/rosidl_interfaces/pb_rm_interfaces\n'}
[6.020474] (pb_rm_interfaces) StdoutLine: {'line': b'-- Installing: /home/hjh/RMserial/install/pb_rm_interfaces/include/pb_rm_interfaces/pb_rm_interfaces\n'}
[6.020597] (pb_rm_interfaces) StdoutLine: {'line': b'-- Installing: /home/hjh/RMserial/install/pb_rm_interfaces/include/pb_rm_interfaces/pb_rm_interfaces/msg\n'}
[6.020688] (pb_rm_interfaces) StdoutLine: {'line': b'-- Installing: /home/hjh/RMserial/install/pb_rm_interfaces/include/pb_rm_interfaces/pb_rm_interfaces/msg/rosidl_generator_c__visibility_control.h\n'}
[6.020791] (pb_rm_interfaces) StdoutLine: {'line': b'-- Installing: /home/hjh/RMserial/install/pb_rm_interfaces/include/pb_rm_interfaces/pb_rm_interfaces/msg/robot_status.h\n'}
[6.020900] (pb_rm_interfaces) StdoutLine: {'line': b'-- Installing: /home/hjh/RMserial/install/pb_rm_interfaces/include/pb_rm_interfaces/pb_rm_interfaces/msg/detail\n'}
[6.020987] (pb_rm_interfaces) StdoutLine: {'line': b'-- Installing: /home/hjh/RMserial/install/pb_rm_interfaces/include/pb_rm_interfaces/pb_rm_interfaces/msg/detail/robot_status__type_support.h\n'}
[6.021077] (pb_rm_interfaces) StdoutLine: {'line': b'-- Installing: /home/hjh/RMserial/install/pb_rm_interfaces/include/pb_rm_interfaces/pb_rm_interfaces/msg/detail/game_status__functions.c\n'}
[6.021175] (pb_rm_interfaces) StdoutLine: {'line': b'-- Installing: /home/hjh/RMserial/install/pb_rm_interfaces/include/pb_rm_interfaces/pb_rm_interfaces/msg/detail/game_status__type_support.h\n'}
[6.021272] (pb_rm_interfaces) StdoutLine: {'line': b'-- Installing: /home/hjh/RMserial/install/pb_rm_interfaces/include/pb_rm_interfaces/pb_rm_interfaces/msg/detail/robot_status__struct.h\n'}
[6.021368] (pb_rm_interfaces) StdoutLine: {'line': b'-- Installing: /home/hjh/RMserial/install/pb_rm_interfaces/include/pb_rm_interfaces/pb_rm_interfaces/msg/detail/robot_status__functions.h\n'}
[6.021470] (pb_rm_interfaces) StdoutLine: {'line': b'-- Installing: /home/hjh/RMserial/install/pb_rm_interfaces/include/pb_rm_interfaces/pb_rm_interfaces/msg/detail/game_status__functions.h\n'}
[6.021562] (pb_rm_interfaces) StdoutLine: {'line': b'-- Installing: /home/hjh/RMserial/install/pb_rm_interfaces/include/pb_rm_interfaces/pb_rm_interfaces/msg/detail/game_status__struct.h\n'}
[6.021730] (pb_rm_interfaces) StdoutLine: {'line': b'-- Installing: /home/hjh/RMserial/install/pb_rm_interfaces/include/pb_rm_interfaces/pb_rm_interfaces/msg/detail/robot_status__functions.c\n'}
[6.021847] (pb_rm_interfaces) StdoutLine: {'line': b'-- Installing: /home/hjh/RMserial/install/pb_rm_interfaces/include/pb_rm_interfaces/pb_rm_interfaces/msg/game_status.h\n'}
[6.021979] (pb_rm_interfaces) StdoutLine: {'line': b'-- Installing: /home/hjh/RMserial/install/pb_rm_interfaces/share/pb_rm_interfaces/environment/library_path.sh\n'}
[6.022113] (pb_rm_interfaces) StdoutLine: {'line': b'-- Installing: /home/hjh/RMserial/install/pb_rm_interfaces/share/pb_rm_interfaces/environment/library_path.dsv\n'}
[6.022394] (pb_rm_interfaces) StdoutLine: {'line': b'-- Installing: /home/hjh/RMserial/install/pb_rm_interfaces/lib/libpb_rm_interfaces__rosidl_generator_c.so\n'}
[6.022783] (pb_rm_interfaces) StdoutLine: {'line': b'-- Set non-toolchain portion of runtime path of "/home/hjh/RMserial/install/pb_rm_interfaces/lib/libpb_rm_interfaces__rosidl_generator_c.so" to ""\n'}
[6.022979] (pb_rm_interfaces) StdoutLine: {'line': b'-- Up-to-date: /home/hjh/RMserial/install/pb_rm_interfaces/include/pb_rm_interfaces/pb_rm_interfaces\n'}
[6.023091] (pb_rm_interfaces) StdoutLine: {'line': b'-- Up-to-date: /home/hjh/RMserial/install/pb_rm_interfaces/include/pb_rm_interfaces/pb_rm_interfaces/msg\n'}
[6.023189] (pb_rm_interfaces) StdoutLine: {'line': b'-- Up-to-date: /home/hjh/RMserial/install/pb_rm_interfaces/include/pb_rm_interfaces/pb_rm_interfaces/msg/detail\n'}
[6.023280] (pb_rm_interfaces) StdoutLine: {'line': b'-- Installing: /home/hjh/RMserial/install/pb_rm_interfaces/include/pb_rm_interfaces/pb_rm_interfaces/msg/detail/robot_status__rosidl_typesupport_fastrtps_c.h\n'}
[6.023424] (pb_rm_interfaces) StdoutLine: {'line': b'-- Installing: /home/hjh/RMserial/install/pb_rm_interfaces/include/pb_rm_interfaces/pb_rm_interfaces/msg/detail/game_status__rosidl_typesupport_fastrtps_c.h\n'}
[6.023520] (pb_rm_interfaces) StdoutLine: {'line': b'-- Installing: /home/hjh/RMserial/install/pb_rm_interfaces/include/pb_rm_interfaces/pb_rm_interfaces/msg/rosidl_typesupport_fastrtps_c__visibility_control.h\n'}
[6.023609] (pb_rm_interfaces) StdoutLine: {'line': b'-- Installing: /home/hjh/RMserial/install/pb_rm_interfaces/lib/libpb_rm_interfaces__rosidl_typesupport_fastrtps_c.so\n'}
[6.023846] (pb_rm_interfaces) StdoutLine: {'line': b'-- Set non-toolchain portion of runtime path of "/home/hjh/RMserial/install/pb_rm_interfaces/lib/libpb_rm_interfaces__rosidl_typesupport_fastrtps_c.so" to ""\n'}
[6.024181] (pb_rm_interfaces) StdoutLine: {'line': b'-- Up-to-date: /home/hjh/RMserial/install/pb_rm_interfaces/include/pb_rm_interfaces/pb_rm_interfaces\n'}
[6.024399] (pb_rm_interfaces) StdoutLine: {'line': b'-- Up-to-date: /home/hjh/RMserial/install/pb_rm_interfaces/include/pb_rm_interfaces/pb_rm_interfaces/msg\n'}
[6.024499] (pb_rm_interfaces) StdoutLine: {'line': b'-- Up-to-date: /home/hjh/RMserial/install/pb_rm_interfaces/include/pb_rm_interfaces/pb_rm_interfaces/msg/detail\n'}
[6.024585] (pb_rm_interfaces) StdoutLine: {'line': b'-- Installing: /home/hjh/RMserial/install/pb_rm_interfaces/include/pb_rm_interfaces/pb_rm_interfaces/msg/detail/game_status__type_support.c\n'}
[6.024678] (pb_rm_interfaces) StdoutLine: {'line': b'-- Installing: /home/hjh/RMserial/install/pb_rm_interfaces/include/pb_rm_interfaces/pb_rm_interfaces/msg/detail/robot_status__rosidl_typesupport_introspection_c.h\n'}
[6.024839] (pb_rm_interfaces) StdoutLine: {'line': b'-- Installing: /home/hjh/RMserial/install/pb_rm_interfaces/include/pb_rm_interfaces/pb_rm_interfaces/msg/detail/game_status__rosidl_typesupport_introspection_c.h\n'}
[6.024936] (pb_rm_interfaces) StdoutLine: {'line': b'-- Installing: /home/hjh/RMserial/install/pb_rm_interfaces/include/pb_rm_interfaces/pb_rm_interfaces/msg/detail/robot_status__type_support.c\n'}
[6.025016] (pb_rm_interfaces) StdoutLine: {'line': b'-- Installing: /home/hjh/RMserial/install/pb_rm_interfaces/include/pb_rm_interfaces/pb_rm_interfaces/msg/rosidl_typesupport_introspection_c__visibility_control.h\n'}
[6.025097] (pb_rm_interfaces) StdoutLine: {'line': b'-- Installing: /home/hjh/RMserial/install/pb_rm_interfaces/lib/libpb_rm_interfaces__rosidl_typesupport_introspection_c.so\n'}
[6.025178] (pb_rm_interfaces) StdoutLine: {'line': b'-- Set non-toolchain portion of runtime path of "/home/hjh/RMserial/install/pb_rm_interfaces/lib/libpb_rm_interfaces__rosidl_typesupport_introspection_c.so" to ""\n'}
[6.025306] (pb_rm_interfaces) StdoutLine: {'line': b'-- Installing: /home/hjh/RMserial/install/pb_rm_interfaces/lib/libpb_rm_interfaces__rosidl_typesupport_c.so\n'}
[6.025388] (pb_rm_interfaces) StdoutLine: {'line': b'-- Set non-toolchain portion of runtime path of "/home/hjh/RMserial/install/pb_rm_interfaces/lib/libpb_rm_interfaces__rosidl_typesupport_c.so" to ""\n'}
[6.025469] (pb_rm_interfaces) StdoutLine: {'line': b'-- Up-to-date: /home/hjh/RMserial/install/pb_rm_interfaces/include/pb_rm_interfaces/pb_rm_interfaces\n'}
[6.025549] (pb_rm_interfaces) StdoutLine: {'line': b'-- Up-to-date: /home/hjh/RMserial/install/pb_rm_interfaces/include/pb_rm_interfaces/pb_rm_interfaces/msg\n'}
[6.025628] (pb_rm_interfaces) StdoutLine: {'line': b'-- Up-to-date: /home/hjh/RMserial/install/pb_rm_interfaces/include/pb_rm_interfaces/pb_rm_interfaces/msg/detail\n'}
[6.025764] (pb_rm_interfaces) StdoutLine: {'line': b'-- Installing: /home/hjh/RMserial/install/pb_rm_interfaces/include/pb_rm_interfaces/pb_rm_interfaces/msg/detail/game_status__type_support.hpp\n'}
[6.025862] (pb_rm_interfaces) StdoutLine: {'line': b'-- Installing: /home/hjh/RMserial/install/pb_rm_interfaces/include/pb_rm_interfaces/pb_rm_interfaces/msg/detail/game_status__builder.hpp\n'}
[6.025944] (pb_rm_interfaces) StdoutLine: {'line': b'-- Installing: /home/hjh/RMserial/install/pb_rm_interfaces/include/pb_rm_interfaces/pb_rm_interfaces/msg/detail/game_status__traits.hpp\n'}
[6.026025] (pb_rm_interfaces) StdoutLine: {'line': b'-- Installing: /home/hjh/RMserial/install/pb_rm_interfaces/include/pb_rm_interfaces/pb_rm_interfaces/msg/detail/robot_status__builder.hpp\n'}
[6.026106] (pb_rm_interfaces) StdoutLine: {'line': b'-- Installing: /home/hjh/RMserial/install/pb_rm_interfaces/include/pb_rm_interfaces/pb_rm_interfaces/msg/detail/robot_status__traits.hpp\n'}
[6.026219] (pb_rm_interfaces) StdoutLine: {'line': b'-- Installing: /home/hjh/RMserial/install/pb_rm_interfaces/include/pb_rm_interfaces/pb_rm_interfaces/msg/detail/robot_status__type_support.hpp\n'}
[6.026301] (pb_rm_interfaces) StdoutLine: {'line': b'-- Installing: /home/hjh/RMserial/install/pb_rm_interfaces/include/pb_rm_interfaces/pb_rm_interfaces/msg/detail/game_status__struct.hpp\n'}
[6.026384] (pb_rm_interfaces) StdoutLine: {'line': b'-- Installing: /home/hjh/RMserial/install/pb_rm_interfaces/include/pb_rm_interfaces/pb_rm_interfaces/msg/detail/robot_status__struct.hpp\n'}
[6.026464] (pb_rm_interfaces) StdoutLine: {'line': b'-- Installing: /home/hjh/RMserial/install/pb_rm_interfaces/include/pb_rm_interfaces/pb_rm_interfaces/msg/game_status.hpp\n'}
[6.026543] (pb_rm_interfaces) StdoutLine: {'line': b'-- Installing: /home/hjh/RMserial/install/pb_rm_interfaces/include/pb_rm_interfaces/pb_rm_interfaces/msg/robot_status.hpp\n'}
[6.026625] (pb_rm_interfaces) StdoutLine: {'line': b'-- Installing: /home/hjh/RMserial/install/pb_rm_interfaces/include/pb_rm_interfaces/pb_rm_interfaces/msg/rosidl_generator_cpp__visibility_control.hpp\n'}
[6.026770] (pb_rm_interfaces) StdoutLine: {'line': b'-- Up-to-date: /home/hjh/RMserial/install/pb_rm_interfaces/include/pb_rm_interfaces/pb_rm_interfaces\n'}
[6.026867] (pb_rm_interfaces) StdoutLine: {'line': b'-- Up-to-date: /home/hjh/RMserial/install/pb_rm_interfaces/include/pb_rm_interfaces/pb_rm_interfaces/msg\n'}
[6.026903] (pb_rm_interfaces) StdoutLine: {'line': b'-- Up-to-date: /home/hjh/RMserial/install/pb_rm_interfaces/include/pb_rm_interfaces/pb_rm_interfaces/msg/detail\n'}
[6.026956] (pb_rm_interfaces) StdoutLine: {'line': b'-- Installing: /home/hjh/RMserial/install/pb_rm_interfaces/include/pb_rm_interfaces/pb_rm_interfaces/msg/detail/dds_fastrtps\n'}
[6.027016] (pb_rm_interfaces) StdoutLine: {'line': b'-- Installing: /home/hjh/RMserial/install/pb_rm_interfaces/include/pb_rm_interfaces/pb_rm_interfaces/msg/detail/robot_status__rosidl_typesupport_fastrtps_cpp.hpp\n'}
[6.027048] (pb_rm_interfaces) StdoutLine: {'line': b'-- Installing: /home/hjh/RMserial/install/pb_rm_interfaces/include/pb_rm_interfaces/pb_rm_interfaces/msg/detail/game_status__rosidl_typesupport_fastrtps_cpp.hpp\n'}
[6.027079] (pb_rm_interfaces) StdoutLine: {'line': b'-- Installing: /home/hjh/RMserial/install/pb_rm_interfaces/include/pb_rm_interfaces/pb_rm_interfaces/msg/rosidl_typesupport_fastrtps_cpp__visibility_control.h\n'}
[6.027110] (pb_rm_interfaces) StdoutLine: {'line': b'-- Installing: /home/hjh/RMserial/install/pb_rm_interfaces/lib/libpb_rm_interfaces__rosidl_typesupport_fastrtps_cpp.so\n'}
[6.027138] (pb_rm_interfaces) StdoutLine: {'line': b'-- Set non-toolchain portion of runtime path of "/home/hjh/RMserial/install/pb_rm_interfaces/lib/libpb_rm_interfaces__rosidl_typesupport_fastrtps_cpp.so" to ""\n'}
[6.027181] (pb_rm_interfaces) StdoutLine: {'line': b'-- Up-to-date: /home/hjh/RMserial/install/pb_rm_interfaces/include/pb_rm_interfaces/pb_rm_interfaces\n'}
[6.027210] (pb_rm_interfaces) StdoutLine: {'line': b'-- Up-to-date: /home/hjh/RMserial/install/pb_rm_interfaces/include/pb_rm_interfaces/pb_rm_interfaces/msg\n'}
[6.027240] (pb_rm_interfaces) StdoutLine: {'line': b'-- Up-to-date: /home/hjh/RMserial/install/pb_rm_interfaces/include/pb_rm_interfaces/pb_rm_interfaces/msg/detail\n'}
[6.027338] (pb_rm_interfaces) StdoutLine: {'line': b'-- Installing: /home/hjh/RMserial/install/pb_rm_interfaces/include/pb_rm_interfaces/pb_rm_interfaces/msg/detail/game_status__rosidl_typesupport_introspection_cpp.hpp\n'}
[6.027441] (pb_rm_interfaces) StdoutLine: {'line': b'-- Installing: /home/hjh/RMserial/install/pb_rm_interfaces/include/pb_rm_interfaces/pb_rm_interfaces/msg/detail/robot_status__type_support.cpp\n'}
[6.027521] (pb_rm_interfaces) StdoutLine: {'line': b'-- Installing: /home/hjh/RMserial/install/pb_rm_interfaces/include/pb_rm_interfaces/pb_rm_interfaces/msg/detail/robot_status__rosidl_typesupport_introspection_cpp.hpp\n'}
[6.027604] (pb_rm_interfaces) StdoutLine: {'line': b'-- Installing: /home/hjh/RMserial/install/pb_rm_interfaces/include/pb_rm_interfaces/pb_rm_interfaces/msg/detail/game_status__type_support.cpp\n'}
[6.027685] (pb_rm_interfaces) StdoutLine: {'line': b'-- Installing: /home/hjh/RMserial/install/pb_rm_interfaces/lib/libpb_rm_interfaces__rosidl_typesupport_introspection_cpp.so\n'}
[6.027770] (pb_rm_interfaces) StdoutLine: {'line': b'-- Set non-toolchain portion of runtime path of "/home/hjh/RMserial/install/pb_rm_interfaces/lib/libpb_rm_interfaces__rosidl_typesupport_introspection_cpp.so" to ""\n'}
[6.027850] (pb_rm_interfaces) StdoutLine: {'line': b'-- Installing: /home/hjh/RMserial/install/pb_rm_interfaces/lib/libpb_rm_interfaces__rosidl_typesupport_cpp.so\n'}
[6.027927] (pb_rm_interfaces) StdoutLine: {'line': b'-- Set non-toolchain portion of runtime path of "/home/hjh/RMserial/install/pb_rm_interfaces/lib/libpb_rm_interfaces__rosidl_typesupport_cpp.so" to ""\n'}
[6.028004] (pb_rm_interfaces) StdoutLine: {'line': b'-- Installing: /home/hjh/RMserial/install/pb_rm_interfaces/share/pb_rm_interfaces/environment/pythonpath.sh\n'}
[6.028082] (pb_rm_interfaces) StdoutLine: {'line': b'-- Installing: /home/hjh/RMserial/install/pb_rm_interfaces/share/pb_rm_interfaces/environment/pythonpath.dsv\n'}
[6.028162] (pb_rm_interfaces) StdoutLine: {'line': b'-- Installing: /home/hjh/RMserial/install/pb_rm_interfaces/local/lib/python3.10/dist-packages/pb_rm_interfaces-0.0.0-py3.10.egg-info\n'}
[6.028304] (pb_rm_interfaces) StdoutLine: {'line': b'-- Installing: /home/hjh/RMserial/install/pb_rm_interfaces/local/lib/python3.10/dist-packages/pb_rm_interfaces-0.0.0-py3.10.egg-info/dependency_links.txt\n'}
[6.028381] (pb_rm_interfaces) StdoutLine: {'line': b'-- Installing: /home/hjh/RMserial/install/pb_rm_interfaces/local/lib/python3.10/dist-packages/pb_rm_interfaces-0.0.0-py3.10.egg-info/PKG-INFO\n'}
[6.028458] (pb_rm_interfaces) StdoutLine: {'line': b'-- Installing: /home/hjh/RMserial/install/pb_rm_interfaces/local/lib/python3.10/dist-packages/pb_rm_interfaces-0.0.0-py3.10.egg-info/SOURCES.txt\n'}
[6.028542] (pb_rm_interfaces) StdoutLine: {'line': b'-- Installing: /home/hjh/RMserial/install/pb_rm_interfaces/local/lib/python3.10/dist-packages/pb_rm_interfaces-0.0.0-py3.10.egg-info/top_level.txt\n'}
[6.028619] (pb_rm_interfaces) StdoutLine: {'line': b'-- Installing: /home/hjh/RMserial/install/pb_rm_interfaces/local/lib/python3.10/dist-packages/pb_rm_interfaces\n'}
[6.028714] (pb_rm_interfaces) StdoutLine: {'line': b'-- Installing: /home/hjh/RMserial/install/pb_rm_interfaces/local/lib/python3.10/dist-packages/pb_rm_interfaces/_pb_rm_interfaces_s.ep.rosidl_typesupport_fastrtps_c.c\n'}
[6.028798] (pb_rm_interfaces) StdoutLine: {'line': b'-- Installing: /home/hjh/RMserial/install/pb_rm_interfaces/local/lib/python3.10/dist-packages/pb_rm_interfaces/__init__.py\n'}
[6.028877] (pb_rm_interfaces) StdoutLine: {'line': b'-- Installing: /home/hjh/RMserial/install/pb_rm_interfaces/local/lib/python3.10/dist-packages/pb_rm_interfaces/_pb_rm_interfaces_s.ep.rosidl_typesupport_c.c\n'}
[6.028955] (pb_rm_interfaces) StdoutLine: {'line': b'-- Installing: /home/hjh/RMserial/install/pb_rm_interfaces/local/lib/python3.10/dist-packages/pb_rm_interfaces/pb_rm_interfaces_s__rosidl_typesupport_introspection_c.cpython-310-x86_64-linux-gnu.so\n'}
[6.029034] (pb_rm_interfaces) StdoutLine: {'line': b'-- Installing: /home/hjh/RMserial/install/pb_rm_interfaces/local/lib/python3.10/dist-packages/pb_rm_interfaces/pb_rm_interfaces_s__rosidl_typesupport_c.cpython-310-x86_64-linux-gnu.so\n'}
[6.029112] (pb_rm_interfaces) StdoutLine: {'line': b'-- Installing: /home/hjh/RMserial/install/pb_rm_interfaces/local/lib/python3.10/dist-packages/pb_rm_interfaces/_pb_rm_interfaces_s.ep.rosidl_typesupport_introspection_c.c\n'}
[6.029196] (pb_rm_interfaces) StdoutLine: {'line': b'-- Installing: /home/hjh/RMserial/install/pb_rm_interfaces/local/lib/python3.10/dist-packages/pb_rm_interfaces/msg\n'}
[6.029274] (pb_rm_interfaces) StdoutLine: {'line': b'-- Installing: /home/hjh/RMserial/install/pb_rm_interfaces/local/lib/python3.10/dist-packages/pb_rm_interfaces/msg/_robot_status.py\n'}
[6.029352] (pb_rm_interfaces) StdoutLine: {'line': b'-- Installing: /home/hjh/RMserial/install/pb_rm_interfaces/local/lib/python3.10/dist-packages/pb_rm_interfaces/msg/__init__.py\n'}
[6.029431] (pb_rm_interfaces) StdoutLine: {'line': b'-- Installing: /home/hjh/RMserial/install/pb_rm_interfaces/local/lib/python3.10/dist-packages/pb_rm_interfaces/msg/_robot_status_s.c\n'}
[6.029510] (pb_rm_interfaces) StdoutLine: {'line': b'-- Installing: /home/hjh/RMserial/install/pb_rm_interfaces/local/lib/python3.10/dist-packages/pb_rm_interfaces/msg/_game_status_s.c\n'}
[6.029591] (pb_rm_interfaces) StdoutLine: {'line': b'-- Installing: /home/hjh/RMserial/install/pb_rm_interfaces/local/lib/python3.10/dist-packages/pb_rm_interfaces/msg/_game_status.py\n'}
[6.029674] (pb_rm_interfaces) StdoutLine: {'line': b'-- Installing: /home/hjh/RMserial/install/pb_rm_interfaces/local/lib/python3.10/dist-packages/pb_rm_interfaces/pb_rm_interfaces_s__rosidl_typesupport_fastrtps_c.cpython-310-x86_64-linux-gnu.so\n'}
[6.029761] (pb_rm_interfaces) StdoutLine: {'line': b'-- Installing: /home/hjh/RMserial/install/pb_rm_interfaces/local/lib/python3.10/dist-packages/pb_rm_interfaces/libpb_rm_interfaces__rosidl_generator_py.so\n'}
[6.052153] (pb_rm_interfaces) StdoutLine: {'line': b"Listing '/home/hjh/RMserial/install/pb_rm_interfaces/local/lib/python3.10/dist-packages/pb_rm_interfaces'...\n"}
[6.052336] (pb_rm_interfaces) StdoutLine: {'line': b"Compiling '/home/hjh/RMserial/install/pb_rm_interfaces/local/lib/python3.10/dist-packages/pb_rm_interfaces/__init__.py'...\n"}
[6.052426] (pb_rm_interfaces) StdoutLine: {'line': b"Listing '/home/hjh/RMserial/install/pb_rm_interfaces/local/lib/python3.10/dist-packages/pb_rm_interfaces/msg'...\n"}
[6.052504] (pb_rm_interfaces) StdoutLine: {'line': b"Compiling '/home/hjh/RMserial/install/pb_rm_interfaces/local/lib/python3.10/dist-packages/pb_rm_interfaces/msg/__init__.py'...\n"}
[6.052580] (pb_rm_interfaces) StdoutLine: {'line': b"Compiling '/home/hjh/RMserial/install/pb_rm_interfaces/local/lib/python3.10/dist-packages/pb_rm_interfaces/msg/_game_status.py'...\n"}
[6.052654] (pb_rm_interfaces) StdoutLine: {'line': b"Compiling '/home/hjh/RMserial/install/pb_rm_interfaces/local/lib/python3.10/dist-packages/pb_rm_interfaces/msg/_robot_status.py'...\n"}
[6.055516] (pb_rm_interfaces) StdoutLine: {'line': b'-- Installing: /home/hjh/RMserial/install/pb_rm_interfaces/local/lib/python3.10/dist-packages/pb_rm_interfaces/pb_rm_interfaces_s__rosidl_typesupport_fastrtps_c.cpython-310-x86_64-linux-gnu.so\n'}
[6.055882] (pb_rm_interfaces) StdoutLine: {'line': b'-- Set non-toolchain portion of runtime path of "/home/hjh/RMserial/install/pb_rm_interfaces/local/lib/python3.10/dist-packages/pb_rm_interfaces/pb_rm_interfaces_s__rosidl_typesupport_fastrtps_c.cpython-310-x86_64-linux-gnu.so" to ""\n'}
[6.056159] (pb_rm_interfaces) StdoutLine: {'line': b'-- Installing: /home/hjh/RMserial/install/pb_rm_interfaces/local/lib/python3.10/dist-packages/pb_rm_interfaces/pb_rm_interfaces_s__rosidl_typesupport_introspection_c.cpython-310-x86_64-linux-gnu.so\n'}
[6.056447] (pb_rm_interfaces) StdoutLine: {'line': b'-- Set non-toolchain portion of runtime path of "/home/hjh/RMserial/install/pb_rm_interfaces/local/lib/python3.10/dist-packages/pb_rm_interfaces/pb_rm_interfaces_s__rosidl_typesupport_introspection_c.cpython-310-x86_64-linux-gnu.so" to ""\n'}
[6.056600] (pb_rm_interfaces) StdoutLine: {'line': b'-- Installing: /home/hjh/RMserial/install/pb_rm_interfaces/local/lib/python3.10/dist-packages/pb_rm_interfaces/pb_rm_interfaces_s__rosidl_typesupport_c.cpython-310-x86_64-linux-gnu.so\n'}
[6.057128] (pb_rm_interfaces) StdoutLine: {'line': b'-- Set non-toolchain portion of runtime path of "/home/hjh/RMserial/install/pb_rm_interfaces/local/lib/python3.10/dist-packages/pb_rm_interfaces/pb_rm_interfaces_s__rosidl_typesupport_c.cpython-310-x86_64-linux-gnu.so" to ""\n'}
[6.057283] (pb_rm_interfaces) StdoutLine: {'line': b'-- Installing: /home/hjh/RMserial/install/pb_rm_interfaces/lib/libpb_rm_interfaces__rosidl_generator_py.so\n'}
[6.057689] (pb_rm_interfaces) StdoutLine: {'line': b'-- Set non-toolchain portion of runtime path of "/home/hjh/RMserial/install/pb_rm_interfaces/lib/libpb_rm_interfaces__rosidl_generator_py.so" to ""\n'}
[6.057826] (pb_rm_interfaces) StdoutLine: {'line': b'-- Installing: /home/hjh/RMserial/install/pb_rm_interfaces/share/pb_rm_interfaces/msg/GameStatus.idl\n'}
[6.058032] (pb_rm_interfaces) StdoutLine: {'line': b'-- Installing: /home/hjh/RMserial/install/pb_rm_interfaces/share/pb_rm_interfaces/msg/RobotStatus.idl\n'}
[6.058168] (pb_rm_interfaces) StdoutLine: {'line': b'-- Installing: /home/hjh/RMserial/install/pb_rm_interfaces/share/pb_rm_interfaces/msg/GameStatus.msg\n'}
[6.058258] (pb_rm_interfaces) StdoutLine: {'line': b'-- Installing: /home/hjh/RMserial/install/pb_rm_interfaces/share/pb_rm_interfaces/msg/RobotStatus.msg\n'}
[6.058451] (pb_rm_interfaces) StdoutLine: {'line': b'-- Installing: /home/hjh/RMserial/install/pb_rm_interfaces/share/ament_index/resource_index/package_run_dependencies/pb_rm_interfaces\n'}
[6.058584] (pb_rm_interfaces) StdoutLine: {'line': b'-- Installing: /home/hjh/RMserial/install/pb_rm_interfaces/share/ament_index/resource_index/parent_prefix_path/pb_rm_interfaces\n'}
[6.058845] (pb_rm_interfaces) StdoutLine: {'line': b'-- Installing: /home/hjh/RMserial/install/pb_rm_interfaces/share/pb_rm_interfaces/environment/ament_prefix_path.sh\n'}
[6.058958] (pb_rm_interfaces) StdoutLine: {'line': b'-- Installing: /home/hjh/RMserial/install/pb_rm_interfaces/share/pb_rm_interfaces/environment/ament_prefix_path.dsv\n'}
[6.059002] (pb_rm_interfaces) StdoutLine: {'line': b'-- Installing: /home/hjh/RMserial/install/pb_rm_interfaces/share/pb_rm_interfaces/environment/path.sh\n'}
[6.059073] (pb_rm_interfaces) StdoutLine: {'line': b'-- Installing: /home/hjh/RMserial/install/pb_rm_interfaces/share/pb_rm_interfaces/environment/path.dsv\n'}
[6.059110] (pb_rm_interfaces) StdoutLine: {'line': b'-- Installing: /home/hjh/RMserial/install/pb_rm_interfaces/share/pb_rm_interfaces/local_setup.bash\n'}
[6.059266] (pb_rm_interfaces) StdoutLine: {'line': b'-- Installing: /home/hjh/RMserial/install/pb_rm_interfaces/share/pb_rm_interfaces/local_setup.sh\n'}
[6.059347] (pb_rm_interfaces) StdoutLine: {'line': b'-- Installing: /home/hjh/RMserial/install/pb_rm_interfaces/share/pb_rm_interfaces/local_setup.zsh\n'}
[6.059424] (pb_rm_interfaces) StdoutLine: {'line': b'-- Installing: /home/hjh/RMserial/install/pb_rm_interfaces/share/pb_rm_interfaces/local_setup.dsv\n'}
[6.059496] (pb_rm_interfaces) StdoutLine: {'line': b'-- Installing: /home/hjh/RMserial/install/pb_rm_interfaces/share/pb_rm_interfaces/package.dsv\n'}
[6.059641] (pb_rm_interfaces) StdoutLine: {'line': b'-- Installing: /home/hjh/RMserial/install/pb_rm_interfaces/share/ament_index/resource_index/packages/pb_rm_interfaces\n'}
[6.059869] (pb_rm_interfaces) StdoutLine: {'line': b'-- Installing: /home/hjh/RMserial/install/pb_rm_interfaces/share/pb_rm_interfaces/cmake/export_pb_rm_interfaces__rosidl_generator_cExport.cmake\n'}
[6.060053] (pb_rm_interfaces) StdoutLine: {'line': b'-- Installing: /home/hjh/RMserial/install/pb_rm_interfaces/share/pb_rm_interfaces/cmake/export_pb_rm_interfaces__rosidl_generator_cExport-noconfig.cmake\n'}
[6.060161] (pb_rm_interfaces) StdoutLine: {'line': b'-- Installing: /home/hjh/RMserial/install/pb_rm_interfaces/share/pb_rm_interfaces/cmake/export_pb_rm_interfaces__rosidl_typesupport_fastrtps_cExport.cmake\n'}
[6.060247] (pb_rm_interfaces) StdoutLine: {'line': b'-- Installing: /home/hjh/RMserial/install/pb_rm_interfaces/share/pb_rm_interfaces/cmake/export_pb_rm_interfaces__rosidl_typesupport_fastrtps_cExport-noconfig.cmake\n'}
[6.060523] (pb_rm_interfaces) StdoutLine: {'line': b'-- Installing: /home/hjh/RMserial/install/pb_rm_interfaces/share/pb_rm_interfaces/cmake/pb_rm_interfaces__rosidl_typesupport_introspection_cExport.cmake\n'}
[6.060622] (pb_rm_interfaces) StdoutLine: {'line': b'-- Installing: /home/hjh/RMserial/install/pb_rm_interfaces/share/pb_rm_interfaces/cmake/pb_rm_interfaces__rosidl_typesupport_introspection_cExport-noconfig.cmake\n'}
[6.060694] (pb_rm_interfaces) StdoutLine: {'line': b'-- Installing: /home/hjh/RMserial/install/pb_rm_interfaces/share/pb_rm_interfaces/cmake/pb_rm_interfaces__rosidl_typesupport_cExport.cmake\n'}
[6.060899] (pb_rm_interfaces) StdoutLine: {'line': b'-- Installing: /home/hjh/RMserial/install/pb_rm_interfaces/share/pb_rm_interfaces/cmake/pb_rm_interfaces__rosidl_typesupport_cExport-noconfig.cmake\n'}
[6.061066] (pb_rm_interfaces) StdoutLine: {'line': b'-- Installing: /home/hjh/RMserial/install/pb_rm_interfaces/share/pb_rm_interfaces/cmake/export_pb_rm_interfaces__rosidl_generator_cppExport.cmake\n'}
[6.061154] (pb_rm_interfaces) StdoutLine: {'line': b'-- Installing: /home/hjh/RMserial/install/pb_rm_interfaces/share/pb_rm_interfaces/cmake/export_pb_rm_interfaces__rosidl_typesupport_fastrtps_cppExport.cmake\n'}
[6.061285] (pb_rm_interfaces) StdoutLine: {'line': b'-- Installing: /home/hjh/RMserial/install/pb_rm_interfaces/share/pb_rm_interfaces/cmake/export_pb_rm_interfaces__rosidl_typesupport_fastrtps_cppExport-noconfig.cmake\n'}
[6.061469] (pb_rm_interfaces) StdoutLine: {'line': b'-- Installing: /home/hjh/RMserial/install/pb_rm_interfaces/share/pb_rm_interfaces/cmake/pb_rm_interfaces__rosidl_typesupport_introspection_cppExport.cmake\n'}
[6.061581] (pb_rm_interfaces) StdoutLine: {'line': b'-- Installing: /home/hjh/RMserial/install/pb_rm_interfaces/share/pb_rm_interfaces/cmake/pb_rm_interfaces__rosidl_typesupport_introspection_cppExport-noconfig.cmake\n'}
[6.061849] (pb_rm_interfaces) StdoutLine: {'line': b'-- Installing: /home/hjh/RMserial/install/pb_rm_interfaces/share/pb_rm_interfaces/cmake/pb_rm_interfaces__rosidl_typesupport_cppExport.cmake\n'}
[6.061968] (pb_rm_interfaces) StdoutLine: {'line': b'-- Installing: /home/hjh/RMserial/install/pb_rm_interfaces/share/pb_rm_interfaces/cmake/pb_rm_interfaces__rosidl_typesupport_cppExport-noconfig.cmake\n'}
[6.062112] (pb_rm_interfaces) StdoutLine: {'line': b'-- Installing: /home/hjh/RMserial/install/pb_rm_interfaces/share/pb_rm_interfaces/cmake/export_pb_rm_interfaces__rosidl_generator_pyExport.cmake\n'}
[6.062198] (pb_rm_interfaces) StdoutLine: {'line': b'-- Installing: /home/hjh/RMserial/install/pb_rm_interfaces/share/pb_rm_interfaces/cmake/export_pb_rm_interfaces__rosidl_generator_pyExport-noconfig.cmake\n'}
[6.062326] (pb_rm_interfaces) StdoutLine: {'line': b'-- Installing: /home/hjh/RMserial/install/pb_rm_interfaces/share/pb_rm_interfaces/cmake/rosidl_cmake-extras.cmake\n'}
[6.062510] (pb_rm_interfaces) StdoutLine: {'line': b'-- Installing: /home/hjh/RMserial/install/pb_rm_interfaces/share/pb_rm_interfaces/cmake/ament_cmake_export_dependencies-extras.cmake\n'}
[6.062593] (pb_rm_interfaces) StdoutLine: {'line': b'-- Installing: /home/hjh/RMserial/install/pb_rm_interfaces/share/pb_rm_interfaces/cmake/ament_cmake_export_include_directories-extras.cmake\n'}
[6.062812] (pb_rm_interfaces) StdoutLine: {'line': b'-- Installing: /home/hjh/RMserial/install/pb_rm_interfaces/share/pb_rm_interfaces/cmake/ament_cmake_export_libraries-extras.cmake\n'}
[6.062873] (pb_rm_interfaces) StdoutLine: {'line': b'-- Installing: /home/hjh/RMserial/install/pb_rm_interfaces/share/pb_rm_interfaces/cmake/ament_cmake_export_targets-extras.cmake\n'}
[6.063010] (pb_rm_interfaces) StdoutLine: {'line': b'-- Installing: /home/hjh/RMserial/install/pb_rm_interfaces/share/pb_rm_interfaces/cmake/rosidl_cmake_export_typesupport_targets-extras.cmake\n'}
[6.063144] (pb_rm_interfaces) StdoutLine: {'line': b'-- Installing: /home/hjh/RMserial/install/pb_rm_interfaces/share/pb_rm_interfaces/cmake/rosidl_cmake_export_typesupport_libraries-extras.cmake\n'}
[6.063280] (pb_rm_interfaces) StdoutLine: {'line': b'-- Installing: /home/hjh/RMserial/install/pb_rm_interfaces/share/pb_rm_interfaces/cmake/pb_rm_interfacesConfig.cmake\n'}
[6.063395] (pb_rm_interfaces) StdoutLine: {'line': b'-- Installing: /home/hjh/RMserial/install/pb_rm_interfaces/share/pb_rm_interfaces/cmake/pb_rm_interfacesConfig-version.cmake\n'}
[6.063518] (pb_rm_interfaces) StdoutLine: {'line': b'-- Installing: /home/hjh/RMserial/install/pb_rm_interfaces/share/pb_rm_interfaces/package.xml\n'}
[6.065256] (pb_rm_interfaces) CommandEnded: {'returncode': 0}
[6.084023] (pb_rm_interfaces) JobEnded: {'identifier': 'pb_rm_interfaces', 'rc': 0}
[6.120320] (-) TimerEvent: {}
[6.220556] (-) TimerEvent: {}
[6.320901] (-) TimerEvent: {}
[6.421139] (-) TimerEvent: {}
[6.521465] (-) TimerEvent: {}
[6.621813] (-) TimerEvent: {}
[6.722042] (-) TimerEvent: {}
[6.744281] (def_msg) StdoutLine: {'line': b'[ 82%] Built target def_msg__py\n'}
[6.755333] (def_msg) StdoutLine: {'line': b'[ 83%] \x1b[32mBuilding C object CMakeFiles/def_msg__rosidl_generator_py.dir/rosidl_generator_py/def_msg/msg/_gimble_control_s.c.o\x1b[0m\n'}
[6.756280] (def_msg) StdoutLine: {'line': b'[ 85%] \x1b[32mBuilding C object CMakeFiles/def_msg__rosidl_generator_py.dir/rosidl_generator_py/def_msg/msg/_gobal_information_s.c.o\x1b[0m\n'}
[6.756456] (def_msg) StdoutLine: {'line': b'[ 86%] \x1b[32mBuilding C object CMakeFiles/def_msg__rosidl_generator_py.dir/rosidl_generator_py/def_msg/msg/_em_control_s.c.o\x1b[0m\n'}
[6.756585] (def_msg) StdoutLine: {'line': b'[ 87%] \x1b[32mBuilding C object CMakeFiles/def_msg__rosidl_generator_py.dir/rosidl_generator_py/def_msg/srv/_heart_beat_s.c.o\x1b[0m\n'}
[6.756643] (def_msg) StdoutLine: {'line': b'[ 89%] \x1b[32mBuilding C object CMakeFiles/def_msg__rosidl_generator_py.dir/rosidl_generator_py/def_msg/msg/_gimble_position_s.c.o\x1b[0m\n'}
[6.756710] (def_msg) StdoutLine: {'line': b'[ 89%] \x1b[32mBuilding C object CMakeFiles/def_msg__rosidl_generator_py.dir/rosidl_generator_py/def_msg/msg/_common_control_s.c.o\x1b[0m\n'}
[6.757272] (def_msg) StdoutLine: {'line': b'[ 90%] \x1b[32mBuilding C object CMakeFiles/def_msg__rosidl_generator_py.dir/rosidl_generator_py/def_msg/srv/_controller_mode_set_s.c.o\x1b[0m\n'}
[6.758221] (def_msg) StdoutLine: {'line': b'[ 91%] \x1b[32mBuilding C object CMakeFiles/def_msg__rosidl_generator_py.dir/rosidl_generator_py/def_msg/action/_nav_pose_s.c.o\x1b[0m\n'}
[6.822201] (-) TimerEvent: {}
[6.892438] (def_msg) StdoutLine: {'line': b'[ 93%] \x1b[1m\x1b[32mLinking C shared library rosidl_generator_py/def_msg/libdef_msg__rosidl_generator_py.so\x1b[0m\n'}
[6.922337] (def_msg) StdoutLine: {'line': b'[ 93%] Built target def_msg__rosidl_generator_py\n'}
[6.922555] (-) TimerEvent: {}
[6.932685] (def_msg) StdoutLine: {'line': b'[ 94%] \x1b[32mBuilding C object CMakeFiles/def_msg__rosidl_typesupport_c__pyext.dir/rosidl_generator_py/def_msg/_def_msg_s.ep.rosidl_typesupport_c.c.o\x1b[0m\n'}
[6.933028] (def_msg) StdoutLine: {'line': b'[ 95%] \x1b[32mBuilding C object CMakeFiles/def_msg__rosidl_typesupport_fastrtps_c__pyext.dir/rosidl_generator_py/def_msg/_def_msg_s.ep.rosidl_typesupport_fastrtps_c.c.o\x1b[0m\n'}
[6.934269] (def_msg) StdoutLine: {'line': b'[ 96%] \x1b[32mBuilding C object CMakeFiles/def_msg__rosidl_typesupport_introspection_c__pyext.dir/rosidl_generator_py/def_msg/_def_msg_s.ep.rosidl_typesupport_introspection_c.c.o\x1b[0m\n'}
[7.022681] (-) TimerEvent: {}
[7.035090] (def_msg) StdoutLine: {'line': b'[ 97%] \x1b[1m\x1b[32mLinking C shared library rosidl_generator_py/def_msg/def_msg_s__rosidl_typesupport_introspection_c.cpython-310-x86_64-linux-gnu.so\x1b[0m\n'}
[7.052179] (def_msg) StdoutLine: {'line': b'[ 98%] \x1b[1m\x1b[32mLinking C shared library rosidl_generator_py/def_msg/def_msg_s__rosidl_typesupport_fastrtps_c.cpython-310-x86_64-linux-gnu.so\x1b[0m\n'}
[7.074924] (def_msg) StdoutLine: {'line': b'[100%] \x1b[1m\x1b[32mLinking C shared library rosidl_generator_py/def_msg/def_msg_s__rosidl_typesupport_c.cpython-310-x86_64-linux-gnu.so\x1b[0m\n'}
[7.075112] (def_msg) StdoutLine: {'line': b'[100%] Built target def_msg__rosidl_typesupport_introspection_c__pyext\n'}
[7.085078] (def_msg) StdoutLine: {'line': b'[100%] Built target def_msg__rosidl_typesupport_fastrtps_c__pyext\n'}
[7.108357] (def_msg) StdoutLine: {'line': b'[100%] Built target def_msg__rosidl_typesupport_c__pyext\n'}
[7.114582] (def_msg) CommandEnded: {'returncode': 0}
[7.115567] (def_msg) JobProgress: {'identifier': 'def_msg', 'progress': 'install'}
[7.115803] (def_msg) Command: {'cmd': ['/usr/bin/cmake', '--install', '/home/hjh/RMserial/build/def_msg'], 'cwd': '/home/hjh/RMserial/build/def_msg', 'env': OrderedDict([('LESSOPEN', '| /usr/bin/lesspipe %s'), ('HTTPS_PROXY', 'http://127.0.0.1:7890/'), ('no_proxy', 'localhost,127.0.0.1,::1'), ('LANGUAGE', 'zh_CN:en'), ('USER', 'hjh'), ('LC_TIME', 'zh_CN.UTF-8'), ('all_proxy', 'socks://127.0.0.1:7890/'), ('XDG_SESSION_TYPE', 'wayland'), ('SHLVL', '1'), ('LD_LIBRARY_PATH', '/opt/ros/humble/opt/openvdb_vendor/lib:/home/hjh/ros2_ws/install/lib:/home/hjh/ros2_ws/install/lib:/usr/lib/x86_64-linux-gnu/gazebo-11/plugins:/opt/ros/humble/opt/rviz_ogre_vendor/lib:/opt/ros/humble/lib/x86_64-linux-gnu:/opt/ros/humble/lib'), ('HOME', '/home/hjh'), ('CONDA_SHLVL', '0'), ('DESKTOP_SESSION', 'ubuntu'), ('NO_PROXY', 'localhost,127.0.0.1,::1'), ('ROS_PYTHON_VERSION', '3'), ('GNOME_SHELL_SESSION_MODE', 'ubuntu'), ('GTK_MODULES', 'gail:atk-bridge'), ('LC_MONETARY', 'zh_CN.UTF-8'), ('DBUS_STARTER_BUS_TYPE', 'session'), ('SYSTEMD_EXEC_PID', '1746'), ('DBUS_SESSION_BUS_ADDRESS', 'unix:path=/run/user/1000/bus,guid=da9e182f6a398809d3ec8f1069c578ca'), ('COLORTERM', 'truecolor'), ('_CE_M', ''), ('IM_CONFIG_PHASE', '1'), ('WAYLAND_DISPLAY', 'wayland-0'), ('https_proxy', 'http://127.0.0.1:7890/'), ('ROS_DISTRO', 'humble'), ('GTK_IM_MODULE', 'fcitx'), ('LOGNAME', 'hjh'), ('ALL_PROXY', 'socks://127.0.0.1:7890/'), ('http_proxy', 'http://127.0.0.1:7890/'), ('_', '/usr/bin/colcon'), ('ROS_VERSION', '2'), ('XDG_SESSION_CLASS', 'user'), ('USERNAME', 'hjh'), ('TERM', 'xterm-256color'), ('GNOME_DESKTOP_SESSION_ID', 'this-is-deprecated'), ('_CE_CONDA', ''), ('ROS_LOCALHOST_ONLY', '0'), ('PATH', '/home/hjh/miniconda3/condabin:/opt/ros/humble/bin:/home/hjh/.local/bin:/usr/local/sbin:/usr/local/bin:/usr/sbin:/usr/bin:/sbin:/bin:/usr/games:/usr/local/games:/snap/bin:/snap/bin'), ('SESSION_MANAGER', 'local/hjh-Lenovo-G5000-IRH8:@/tmp/.ICE-unix/1746,unix/hjh-Lenovo-G5000-IRH8:/tmp/.ICE-unix/1746'), ('PAPERSIZE', 'a4'), ('XDG_MENU_PREFIX', 'gnome-'), ('LC_ADDRESS', 'zh_CN.UTF-8'), ('GNOME_TERMINAL_SCREEN', '/org/gnome/Terminal/screen/d4c127c6_0c8e_45b3_8c66_2cd1158f5318'), ('GNOME_SETUP_DISPLAY', ':1'), ('XDG_RUNTIME_DIR', '/run/user/1000'), ('DISPLAY', ':0'), ('LANG', 'zh_CN.UTF-8'), ('XDG_CURRENT_DESKTOP', 'ubuntu:GNOME'), ('LC_TELEPHONE', 'zh_CN.UTF-8'), ('XMODIFIERS', '@im=fcitx'), ('XDG_SESSION_DESKTOP', 'ubuntu'), ('XAUTHORITY', '/run/user/1000/.mutter-Xwaylandauth.3AY2M3'), ('LS_COLORS', 'rs=0:di=01;34:ln=01;36:mh=00:pi=40;33:so=01;35:do=01;35:bd=40;33;01:cd=40;33;01:or=40;31;01:mi=00:su=37;41:sg=30;43:ca=30;41:tw=30;42:ow=34;42:st=37;44:ex=01;32:*.tar=01;31:*.tgz=01;31:*.arc=01;31:*.arj=01;31:*.taz=01;31:*.lha=01;31:*.lz4=01;31:*.lzh=01;31:*.lzma=01;31:*.tlz=01;31:*.txz=01;31:*.tzo=01;31:*.t7z=01;31:*.zip=01;31:*.z=01;31:*.dz=01;31:*.gz=01;31:*.lrz=01;31:*.lz=01;31:*.lzo=01;31:*.xz=01;31:*.zst=01;31:*.tzst=01;31:*.bz2=01;31:*.bz=01;31:*.tbz=01;31:*.tbz2=01;31:*.tz=01;31:*.deb=01;31:*.rpm=01;31:*.jar=01;31:*.war=01;31:*.ear=01;31:*.sar=01;31:*.rar=01;31:*.alz=01;31:*.ace=01;31:*.zoo=01;31:*.cpio=01;31:*.7z=01;31:*.rz=01;31:*.cab=01;31:*.wim=01;31:*.swm=01;31:*.dwm=01;31:*.esd=01;31:*.jpg=01;35:*.jpeg=01;35:*.mjpg=01;35:*.mjpeg=01;35:*.gif=01;35:*.bmp=01;35:*.pbm=01;35:*.pgm=01;35:*.ppm=01;35:*.tga=01;35:*.xbm=01;35:*.xpm=01;35:*.tif=01;35:*.tiff=01;35:*.png=01;35:*.svg=01;35:*.svgz=01;35:*.mng=01;35:*.pcx=01;35:*.mov=01;35:*.mpg=01;35:*.mpeg=01;35:*.m2v=01;35:*.mkv=01;35:*.webm=01;35:*.webp=01;35:*.ogm=01;35:*.mp4=01;35:*.m4v=01;35:*.mp4v=01;35:*.vob=01;35:*.qt=01;35:*.nuv=01;35:*.wmv=01;35:*.asf=01;35:*.rm=01;35:*.rmvb=01;35:*.flc=01;35:*.avi=01;35:*.fli=01;35:*.flv=01;35:*.gl=01;35:*.dl=01;35:*.xcf=01;35:*.xwd=01;35:*.yuv=01;35:*.cgm=01;35:*.emf=01;35:*.ogv=01;35:*.ogx=01;35:*.aac=00;36:*.au=00;36:*.flac=00;36:*.m4a=00;36:*.mid=00;36:*.midi=00;36:*.mka=00;36:*.mp3=00;36:*.mpc=00;36:*.ogg=00;36:*.ra=00;36:*.wav=00;36:*.oga=00;36:*.opus=00;36:*.spx=00;36:*.xspf=00;36:'), ('GNOME_TERMINAL_SERVICE', ':1.102'), ('SSH_AGENT_LAUNCHER', 'gnome-keyring'), ('SSH_AUTH_SOCK', '/run/user/1000/keyring/ssh'), ('AMENT_PREFIX_PATH', '/opt/ros/humble'), ('CONDA_PYTHON_EXE', '/home/hjh/miniconda3/bin/python'), ('SHELL', '/bin/bash'), ('LC_NAME', 'zh_CN.UTF-8'), ('QT_ACCESSIBILITY', '1'), ('GDMSESSION', 'ubuntu'), ('LESSCLOSE', '/usr/bin/lesspipe %s %s'), ('LC_MEASUREMENT', 'zh_CN.UTF-8'), ('LC_IDENTIFICATION', 'zh_CN.UTF-8'), ('QT_IM_MODULE', 'fcitx'), ('PWD', '/home/hjh/RMserial/build/def_msg'), ('XDG_CONFIG_DIRS', '/etc/xdg/xdg-ubuntu:/etc/xdg'), ('CONDA_EXE', '/home/hjh/miniconda3/bin/conda'), ('CLUTTER_IM_MODULE', 'fcitx'), ('DBUS_STARTER_ADDRESS', 'unix:path=/run/user/1000/bus,guid=da9e182f6a398809d3ec8f1069c578ca'), ('XDG_DATA_DIRS', '/usr/share/ubuntu:/usr/local/share/:/usr/share/:/var/lib/snapd/desktop'), ('PYTHONPATH', '/opt/ros/humble/lib/python3.10/site-packages:/opt/ros/humble/local/lib/python3.10/dist-packages'), ('HTTP_PROXY', 'http://127.0.0.1:7890/'), ('LC_NUMERIC', 'en_US.UTF-8'), ('LC_PAPER', 'zh_CN.UTF-8'), ('COLCON', '1'), ('VTE_VERSION', '6800'), ('CMAKE_PREFIX_PATH', '/opt/ros/humble')]), 'shell': False}
[7.121269] (def_msg) StdoutLine: {'line': b'-- Install configuration: ""\n'}
[7.121413] (def_msg) StdoutLine: {'line': b'-- Installing: /home/hjh/RMserial/install/def_msg/share/ament_index/resource_index/rosidl_interfaces/def_msg\n'}
[7.121593] (def_msg) StdoutLine: {'line': b'-- Installing: /home/hjh/RMserial/install/def_msg/include/def_msg/def_msg\n'}
[7.121800] (def_msg) StdoutLine: {'line': b'-- Installing: /home/hjh/RMserial/install/def_msg/include/def_msg/def_msg/srv\n'}
[7.121839] (def_msg) StdoutLine: {'line': b'-- Installing: /home/hjh/RMserial/install/def_msg/include/def_msg/def_msg/srv/detail\n'}
[7.121974] (def_msg) StdoutLine: {'line': b'-- Installing: /home/hjh/RMserial/install/def_msg/include/def_msg/def_msg/srv/detail/controller_mode_set__functions.h\n'}
[7.122069] (def_msg) StdoutLine: {'line': b'-- Installing: /home/hjh/RMserial/install/def_msg/include/def_msg/def_msg/srv/detail/controller_mode_set__struct.h\n'}
[7.122150] (def_msg) StdoutLine: {'line': b'-- Installing: /home/hjh/RMserial/install/def_msg/include/def_msg/def_msg/srv/detail/heart_beat__functions.h\n'}
[7.122276] (def_msg) StdoutLine: {'line': b'-- Installing: /home/hjh/RMserial/install/def_msg/include/def_msg/def_msg/srv/detail/controller_mode_set__type_support.h\n'}
[7.122387] (def_msg) StdoutLine: {'line': b'-- Installing: /home/hjh/RMserial/install/def_msg/include/def_msg/def_msg/srv/detail/controller_mode_set__functions.c\n'}
[7.122520] (def_msg) StdoutLine: {'line': b'-- Installing: /home/hjh/RMserial/install/def_msg/include/def_msg/def_msg/srv/detail/heart_beat__struct.h\n'}
[7.122635] (def_msg) StdoutLine: {'line': b'-- Installing: /home/hjh/RMserial/install/def_msg/include/def_msg/def_msg/srv/detail/heart_beat__functions.c\n'}
[7.122678] (-) TimerEvent: {}
[7.122815] (def_msg) StdoutLine: {'line': b'-- Installing: /home/hjh/RMserial/install/def_msg/include/def_msg/def_msg/srv/detail/heart_beat__type_support.h\n'}
[7.123013] (def_msg) StdoutLine: {'line': b'-- Installing: /home/hjh/RMserial/install/def_msg/include/def_msg/def_msg/srv/controller_mode_set.h\n'}
[7.123155] (def_msg) StdoutLine: {'line': b'-- Installing: /home/hjh/RMserial/install/def_msg/include/def_msg/def_msg/srv/heart_beat.h\n'}
[7.123248] (def_msg) StdoutLine: {'line': b'-- Installing: /home/hjh/RMserial/install/def_msg/include/def_msg/def_msg/msg\n'}
[7.123359] (def_msg) StdoutLine: {'line': b'-- Installing: /home/hjh/RMserial/install/def_msg/include/def_msg/def_msg/msg/rosidl_generator_c__visibility_control.h\n'}
[7.123466] (def_msg) StdoutLine: {'line': b'-- Installing: /home/hjh/RMserial/install/def_msg/include/def_msg/def_msg/msg/gimble_control.h\n'}
[7.123556] (def_msg) StdoutLine: {'line': b'-- Installing: /home/hjh/RMserial/install/def_msg/include/def_msg/def_msg/msg/em_control.h\n'}
[7.123667] (def_msg) StdoutLine: {'line': b'-- Installing: /home/hjh/RMserial/install/def_msg/include/def_msg/def_msg/msg/detail\n'}
[7.123786] (def_msg) StdoutLine: {'line': b'-- Installing: /home/hjh/RMserial/install/def_msg/include/def_msg/def_msg/msg/detail/common_control__type_support.h\n'}
[7.123888] (def_msg) StdoutLine: {'line': b'-- Installing: /home/hjh/RMserial/install/def_msg/include/def_msg/def_msg/msg/detail/gimble_position__struct.h\n'}
[7.123976] (def_msg) StdoutLine: {'line': b'-- Installing: /home/hjh/RMserial/install/def_msg/include/def_msg/def_msg/msg/detail/gobal_information__functions.c\n'}
[7.124110] (def_msg) StdoutLine: {'line': b'-- Installing: /home/hjh/RMserial/install/def_msg/include/def_msg/def_msg/msg/detail/gimble_position__functions.h\n'}
[7.124227] (def_msg) StdoutLine: {'line': b'-- Installing: /home/hjh/RMserial/install/def_msg/include/def_msg/def_msg/msg/detail/em_control__functions.h\n'}
[7.124370] (def_msg) StdoutLine: {'line': b'-- Installing: /home/hjh/RMserial/install/def_msg/include/def_msg/def_msg/msg/detail/common_control__struct.h\n'}
[7.124490] (def_msg) StdoutLine: {'line': b'-- Installing: /home/hjh/RMserial/install/def_msg/include/def_msg/def_msg/msg/detail/gimble_position__type_support.h\n'}
[7.124583] (def_msg) StdoutLine: {'line': b'-- Installing: /home/hjh/RMserial/install/def_msg/include/def_msg/def_msg/msg/detail/em_control__type_support.h\n'}
[7.124677] (def_msg) StdoutLine: {'line': b'-- Installing: /home/hjh/RMserial/install/def_msg/include/def_msg/def_msg/msg/detail/gimble_control__struct.h\n'}
[7.124832] (def_msg) StdoutLine: {'line': b'-- Installing: /home/hjh/RMserial/install/def_msg/include/def_msg/def_msg/msg/detail/gobal_information__struct.h\n'}
[7.124925] (def_msg) StdoutLine: {'line': b'-- Installing: /home/hjh/RMserial/install/def_msg/include/def_msg/def_msg/msg/detail/em_control__struct.h\n'}
[7.125014] (def_msg) StdoutLine: {'line': b'-- Installing: /home/hjh/RMserial/install/def_msg/include/def_msg/def_msg/msg/detail/gimble_control__functions.h\n'}
[7.125102] (def_msg) StdoutLine: {'line': b'-- Installing: /home/hjh/RMserial/install/def_msg/include/def_msg/def_msg/msg/detail/common_control__functions.h\n'}
[7.125189] (def_msg) StdoutLine: {'line': b'-- Installing: /home/hjh/RMserial/install/def_msg/include/def_msg/def_msg/msg/detail/em_control__functions.c\n'}
[7.125274] (def_msg) StdoutLine: {'line': b'-- Installing: /home/hjh/RMserial/install/def_msg/include/def_msg/def_msg/msg/detail/gobal_information__functions.h\n'}
[7.125362] (def_msg) StdoutLine: {'line': b'-- Installing: /home/hjh/RMserial/install/def_msg/include/def_msg/def_msg/msg/detail/gimble_control__functions.c\n'}
[7.125449] (def_msg) StdoutLine: {'line': b'-- Installing: /home/hjh/RMserial/install/def_msg/include/def_msg/def_msg/msg/detail/gimble_control__type_support.h\n'}
[7.125532] (def_msg) StdoutLine: {'line': b'-- Installing: /home/hjh/RMserial/install/def_msg/include/def_msg/def_msg/msg/detail/gobal_information__type_support.h\n'}
[7.125614] (def_msg) StdoutLine: {'line': b'-- Installing: /home/hjh/RMserial/install/def_msg/include/def_msg/def_msg/msg/detail/common_control__functions.c\n'}
[7.125792] (def_msg) StdoutLine: {'line': b'-- Installing: /home/hjh/RMserial/install/def_msg/include/def_msg/def_msg/msg/detail/gimble_position__functions.c\n'}
[7.125912] (def_msg) StdoutLine: {'line': b'-- Installing: /home/hjh/RMserial/install/def_msg/include/def_msg/def_msg/msg/common_control.h\n'}
[7.126018] (def_msg) StdoutLine: {'line': b'-- Installing: /home/hjh/RMserial/install/def_msg/include/def_msg/def_msg/msg/gobal_information.h\n'}
[7.126142] (def_msg) StdoutLine: {'line': b'-- Installing: /home/hjh/RMserial/install/def_msg/include/def_msg/def_msg/msg/gimble_position.h\n'}
[7.126240] (def_msg) StdoutLine: {'line': b'-- Installing: /home/hjh/RMserial/install/def_msg/include/def_msg/def_msg/action\n'}
[7.126320] (def_msg) StdoutLine: {'line': b'-- Installing: /home/hjh/RMserial/install/def_msg/include/def_msg/def_msg/action/detail\n'}
[7.126410] (def_msg) StdoutLine: {'line': b'-- Installing: /home/hjh/RMserial/install/def_msg/include/def_msg/def_msg/action/detail/nav_pose__type_support.h\n'}
[7.126532] (def_msg) StdoutLine: {'line': b'-- Installing: /home/hjh/RMserial/install/def_msg/include/def_msg/def_msg/action/detail/nav_pose__struct.h\n'}
[7.126646] (def_msg) StdoutLine: {'line': b'-- Installing: /home/hjh/RMserial/install/def_msg/include/def_msg/def_msg/action/detail/nav_pose__functions.h\n'}
[7.126780] (def_msg) StdoutLine: {'line': b'-- Installing: /home/hjh/RMserial/install/def_msg/include/def_msg/def_msg/action/detail/nav_pose__functions.c\n'}
[7.126901] (def_msg) StdoutLine: {'line': b'-- Installing: /home/hjh/RMserial/install/def_msg/include/def_msg/def_msg/action/nav_pose.h\n'}
[7.127023] (def_msg) StdoutLine: {'line': b'-- Installing: /home/hjh/RMserial/install/def_msg/share/def_msg/environment/library_path.sh\n'}
[7.127151] (def_msg) StdoutLine: {'line': b'-- Installing: /home/hjh/RMserial/install/def_msg/share/def_msg/environment/library_path.dsv\n'}
[7.127271] (def_msg) StdoutLine: {'line': b'-- Installing: /home/hjh/RMserial/install/def_msg/lib/libdef_msg__rosidl_generator_c.so\n'}
[7.127392] (def_msg) StdoutLine: {'line': b'-- Set non-toolchain portion of runtime path of "/home/hjh/RMserial/install/def_msg/lib/libdef_msg__rosidl_generator_c.so" to ""\n'}
[7.127515] (def_msg) StdoutLine: {'line': b'-- Up-to-date: /home/hjh/RMserial/install/def_msg/include/def_msg/def_msg\n'}
[7.127622] (def_msg) StdoutLine: {'line': b'-- Up-to-date: /home/hjh/RMserial/install/def_msg/include/def_msg/def_msg/srv\n'}
[7.127754] (def_msg) StdoutLine: {'line': b'-- Up-to-date: /home/hjh/RMserial/install/def_msg/include/def_msg/def_msg/srv/detail\n'}
[7.127895] (def_msg) StdoutLine: {'line': b'-- Installing: /home/hjh/RMserial/install/def_msg/include/def_msg/def_msg/srv/detail/controller_mode_set__rosidl_typesupport_fastrtps_c.h\n'}
[7.127947] (def_msg) StdoutLine: {'line': b'-- Installing: /home/hjh/RMserial/install/def_msg/include/def_msg/def_msg/srv/detail/heart_beat__rosidl_typesupport_fastrtps_c.h\n'}
[7.127980] (def_msg) StdoutLine: {'line': b'-- Up-to-date: /home/hjh/RMserial/install/def_msg/include/def_msg/def_msg/msg\n'}
[7.128075] (def_msg) StdoutLine: {'line': b'-- Up-to-date: /home/hjh/RMserial/install/def_msg/include/def_msg/def_msg/msg/detail\n'}
[7.128105] (def_msg) StdoutLine: {'line': b'-- Installing: /home/hjh/RMserial/install/def_msg/include/def_msg/def_msg/msg/detail/gimble_control__rosidl_typesupport_fastrtps_c.h\n'}
[7.128140] (def_msg) StdoutLine: {'line': b'-- Installing: /home/hjh/RMserial/install/def_msg/include/def_msg/def_msg/msg/detail/gimble_position__rosidl_typesupport_fastrtps_c.h\n'}
[7.128170] (def_msg) StdoutLine: {'line': b'-- Installing: /home/hjh/RMserial/install/def_msg/include/def_msg/def_msg/msg/detail/em_control__rosidl_typesupport_fastrtps_c.h\n'}
[7.128228] (def_msg) StdoutLine: {'line': b'-- Installing: /home/hjh/RMserial/install/def_msg/include/def_msg/def_msg/msg/detail/gobal_information__rosidl_typesupport_fastrtps_c.h\n'}
[7.128257] (def_msg) StdoutLine: {'line': b'-- Installing: /home/hjh/RMserial/install/def_msg/include/def_msg/def_msg/msg/detail/common_control__rosidl_typesupport_fastrtps_c.h\n'}
[7.128306] (def_msg) StdoutLine: {'line': b'-- Installing: /home/hjh/RMserial/install/def_msg/include/def_msg/def_msg/msg/rosidl_typesupport_fastrtps_c__visibility_control.h\n'}
[7.128362] (def_msg) StdoutLine: {'line': b'-- Up-to-date: /home/hjh/RMserial/install/def_msg/include/def_msg/def_msg/action\n'}
[7.128388] (def_msg) StdoutLine: {'line': b'-- Up-to-date: /home/hjh/RMserial/install/def_msg/include/def_msg/def_msg/action/detail\n'}
[7.128414] (def_msg) StdoutLine: {'line': b'-- Installing: /home/hjh/RMserial/install/def_msg/include/def_msg/def_msg/action/detail/nav_pose__rosidl_typesupport_fastrtps_c.h\n'}
[7.128439] (def_msg) StdoutLine: {'line': b'-- Installing: /home/hjh/RMserial/install/def_msg/lib/libdef_msg__rosidl_typesupport_fastrtps_c.so\n'}
[7.128481] (def_msg) StdoutLine: {'line': b'-- Set non-toolchain portion of runtime path of "/home/hjh/RMserial/install/def_msg/lib/libdef_msg__rosidl_typesupport_fastrtps_c.so" to ""\n'}
[7.128524] (def_msg) StdoutLine: {'line': b'-- Up-to-date: /home/hjh/RMserial/install/def_msg/include/def_msg/def_msg\n'}
[7.128552] (def_msg) StdoutLine: {'line': b'-- Up-to-date: /home/hjh/RMserial/install/def_msg/include/def_msg/def_msg/srv\n'}
[7.128583] (def_msg) StdoutLine: {'line': b'-- Installing: /home/hjh/RMserial/install/def_msg/include/def_msg/def_msg/srv/heart_beat.hpp\n'}
[7.128625] (def_msg) StdoutLine: {'line': b'-- Up-to-date: /home/hjh/RMserial/install/def_msg/include/def_msg/def_msg/srv/detail\n'}
[7.128702] (def_msg) StdoutLine: {'line': b'-- Installing: /home/hjh/RMserial/install/def_msg/include/def_msg/def_msg/srv/detail/controller_mode_set__traits.hpp\n'}
[7.128735] (def_msg) StdoutLine: {'line': b'-- Installing: /home/hjh/RMserial/install/def_msg/include/def_msg/def_msg/srv/detail/controller_mode_set__type_support.hpp\n'}
[7.128798] (def_msg) StdoutLine: {'line': b'-- Installing: /home/hjh/RMserial/install/def_msg/include/def_msg/def_msg/srv/detail/heart_beat__type_support.hpp\n'}
[7.128840] (def_msg) StdoutLine: {'line': b'-- Installing: /home/hjh/RMserial/install/def_msg/include/def_msg/def_msg/srv/detail/heart_beat__struct.hpp\n'}
[7.128869] (def_msg) StdoutLine: {'line': b'-- Installing: /home/hjh/RMserial/install/def_msg/include/def_msg/def_msg/srv/detail/heart_beat__traits.hpp\n'}
[7.128921] (def_msg) StdoutLine: {'line': b'-- Installing: /home/hjh/RMserial/install/def_msg/include/def_msg/def_msg/srv/detail/heart_beat__builder.hpp\n'}
[7.128950] (def_msg) StdoutLine: {'line': b'-- Installing: /home/hjh/RMserial/install/def_msg/include/def_msg/def_msg/srv/detail/controller_mode_set__builder.hpp\n'}
[7.128982] (def_msg) StdoutLine: {'line': b'-- Installing: /home/hjh/RMserial/install/def_msg/include/def_msg/def_msg/srv/detail/controller_mode_set__struct.hpp\n'}
[7.129028] (def_msg) StdoutLine: {'line': b'-- Installing: /home/hjh/RMserial/install/def_msg/include/def_msg/def_msg/srv/controller_mode_set.hpp\n'}
[7.129072] (def_msg) StdoutLine: {'line': b'-- Up-to-date: /home/hjh/RMserial/install/def_msg/include/def_msg/def_msg/msg\n'}
[7.129118] (def_msg) StdoutLine: {'line': b'-- Installing: /home/hjh/RMserial/install/def_msg/include/def_msg/def_msg/msg/gimble_position.hpp\n'}
[7.129170] (def_msg) StdoutLine: {'line': b'-- Up-to-date: /home/hjh/RMserial/install/def_msg/include/def_msg/def_msg/msg/detail\n'}
[7.129219] (def_msg) StdoutLine: {'line': b'-- Installing: /home/hjh/RMserial/install/def_msg/include/def_msg/def_msg/msg/detail/common_control__builder.hpp\n'}
[7.129265] (def_msg) StdoutLine: {'line': b'-- Installing: /home/hjh/RMserial/install/def_msg/include/def_msg/def_msg/msg/detail/common_control__type_support.hpp\n'}
[7.129294] (def_msg) StdoutLine: {'line': b'-- Installing: /home/hjh/RMserial/install/def_msg/include/def_msg/def_msg/msg/detail/gobal_information__type_support.hpp\n'}
[7.129327] (def_msg) StdoutLine: {'line': b'-- Installing: /home/hjh/RMserial/install/def_msg/include/def_msg/def_msg/msg/detail/gimble_control__builder.hpp\n'}
[7.129356] (def_msg) StdoutLine: {'line': b'-- Installing: /home/hjh/RMserial/install/def_msg/include/def_msg/def_msg/msg/detail/gobal_information__struct.hpp\n'}
[7.129386] (def_msg) StdoutLine: {'line': b'-- Installing: /home/hjh/RMserial/install/def_msg/include/def_msg/def_msg/msg/detail/em_control__builder.hpp\n'}
[7.129412] (def_msg) StdoutLine: {'line': b'-- Installing: /home/hjh/RMserial/install/def_msg/include/def_msg/def_msg/msg/detail/em_control__type_support.hpp\n'}
[7.129438] (def_msg) StdoutLine: {'line': b'-- Installing: /home/hjh/RMserial/install/def_msg/include/def_msg/def_msg/msg/detail/gimble_position__struct.hpp\n'}
[7.129465] (def_msg) StdoutLine: {'line': b'-- Installing: /home/hjh/RMserial/install/def_msg/include/def_msg/def_msg/msg/detail/em_control__traits.hpp\n'}
[7.129491] (def_msg) StdoutLine: {'line': b'-- Installing: /home/hjh/RMserial/install/def_msg/include/def_msg/def_msg/msg/detail/gimble_control__struct.hpp\n'}
[7.129546] (def_msg) StdoutLine: {'line': b'-- Installing: /home/hjh/RMserial/install/def_msg/include/def_msg/def_msg/msg/detail/gimble_control__traits.hpp\n'}
[7.129591] (def_msg) StdoutLine: {'line': b'-- Installing: /home/hjh/RMserial/install/def_msg/include/def_msg/def_msg/msg/detail/gimble_position__type_support.hpp\n'}
[7.129636] (def_msg) StdoutLine: {'line': b'-- Installing: /home/hjh/RMserial/install/def_msg/include/def_msg/def_msg/msg/detail/gobal_information__traits.hpp\n'}
[7.129685] (def_msg) StdoutLine: {'line': b'-- Installing: /home/hjh/RMserial/install/def_msg/include/def_msg/def_msg/msg/detail/gobal_information__builder.hpp\n'}
[7.129717] (def_msg) StdoutLine: {'line': b'-- Installing: /home/hjh/RMserial/install/def_msg/include/def_msg/def_msg/msg/detail/common_control__struct.hpp\n'}
[7.129760] (def_msg) StdoutLine: {'line': b'-- Installing: /home/hjh/RMserial/install/def_msg/include/def_msg/def_msg/msg/detail/gimble_position__traits.hpp\n'}
[7.129789] (def_msg) StdoutLine: {'line': b'-- Installing: /home/hjh/RMserial/install/def_msg/include/def_msg/def_msg/msg/detail/gimble_position__builder.hpp\n'}
[7.129833] (def_msg) StdoutLine: {'line': b'-- Installing: /home/hjh/RMserial/install/def_msg/include/def_msg/def_msg/msg/detail/gimble_control__type_support.hpp\n'}
[7.129892] (def_msg) StdoutLine: {'line': b'-- Installing: /home/hjh/RMserial/install/def_msg/include/def_msg/def_msg/msg/detail/em_control__struct.hpp\n'}
[7.129938] (def_msg) StdoutLine: {'line': b'-- Installing: /home/hjh/RMserial/install/def_msg/include/def_msg/def_msg/msg/detail/common_control__traits.hpp\n'}
[7.129997] (def_msg) StdoutLine: {'line': b'-- Installing: /home/hjh/RMserial/install/def_msg/include/def_msg/def_msg/msg/em_control.hpp\n'}
[7.130031] (def_msg) StdoutLine: {'line': b'-- Installing: /home/hjh/RMserial/install/def_msg/include/def_msg/def_msg/msg/gobal_information.hpp\n'}
[7.130063] (def_msg) StdoutLine: {'line': b'-- Installing: /home/hjh/RMserial/install/def_msg/include/def_msg/def_msg/msg/rosidl_generator_cpp__visibility_control.hpp\n'}
[7.130094] (def_msg) StdoutLine: {'line': b'-- Installing: /home/hjh/RMserial/install/def_msg/include/def_msg/def_msg/msg/gimble_control.hpp\n'}
[7.130123] (def_msg) StdoutLine: {'line': b'-- Installing: /home/hjh/RMserial/install/def_msg/include/def_msg/def_msg/msg/common_control.hpp\n'}
[7.130151] (def_msg) StdoutLine: {'line': b'-- Up-to-date: /home/hjh/RMserial/install/def_msg/include/def_msg/def_msg/action\n'}
[7.130214] (def_msg) StdoutLine: {'line': b'-- Up-to-date: /home/hjh/RMserial/install/def_msg/include/def_msg/def_msg/action/detail\n'}
[7.130246] (def_msg) StdoutLine: {'line': b'-- Installing: /home/hjh/RMserial/install/def_msg/include/def_msg/def_msg/action/detail/nav_pose__type_support.hpp\n'}
[7.130272] (def_msg) StdoutLine: {'line': b'-- Installing: /home/hjh/RMserial/install/def_msg/include/def_msg/def_msg/action/detail/nav_pose__struct.hpp\n'}
[7.130304] (def_msg) StdoutLine: {'line': b'-- Installing: /home/hjh/RMserial/install/def_msg/include/def_msg/def_msg/action/detail/nav_pose__traits.hpp\n'}
[7.130334] (def_msg) StdoutLine: {'line': b'-- Installing: /home/hjh/RMserial/install/def_msg/include/def_msg/def_msg/action/detail/nav_pose__builder.hpp\n'}
[7.130363] (def_msg) StdoutLine: {'line': b'-- Installing: /home/hjh/RMserial/install/def_msg/include/def_msg/def_msg/action/nav_pose.hpp\n'}
[7.130436] (def_msg) StdoutLine: {'line': b'-- Up-to-date: /home/hjh/RMserial/install/def_msg/include/def_msg/def_msg\n'}
[7.130466] (def_msg) StdoutLine: {'line': b'-- Up-to-date: /home/hjh/RMserial/install/def_msg/include/def_msg/def_msg/srv\n'}
[7.130497] (def_msg) StdoutLine: {'line': b'-- Up-to-date: /home/hjh/RMserial/install/def_msg/include/def_msg/def_msg/srv/detail\n'}
[7.130528] (def_msg) StdoutLine: {'line': b'-- Installing: /home/hjh/RMserial/install/def_msg/include/def_msg/def_msg/srv/detail/dds_fastrtps\n'}
[7.130558] (def_msg) StdoutLine: {'line': b'-- Installing: /home/hjh/RMserial/install/def_msg/include/def_msg/def_msg/srv/detail/controller_mode_set__rosidl_typesupport_fastrtps_cpp.hpp\n'}
[7.130587] (def_msg) StdoutLine: {'line': b'-- Installing: /home/hjh/RMserial/install/def_msg/include/def_msg/def_msg/srv/detail/heart_beat__rosidl_typesupport_fastrtps_cpp.hpp\n'}
[7.130616] (def_msg) StdoutLine: {'line': b'-- Up-to-date: /home/hjh/RMserial/install/def_msg/include/def_msg/def_msg/msg\n'}
[7.130645] (def_msg) StdoutLine: {'line': b'-- Up-to-date: /home/hjh/RMserial/install/def_msg/include/def_msg/def_msg/msg/detail\n'}
[7.130677] (def_msg) StdoutLine: {'line': b'-- Installing: /home/hjh/RMserial/install/def_msg/include/def_msg/def_msg/msg/detail/dds_fastrtps\n'}
[7.130709] (def_msg) StdoutLine: {'line': b'-- Installing: /home/hjh/RMserial/install/def_msg/include/def_msg/def_msg/msg/detail/em_control__rosidl_typesupport_fastrtps_cpp.hpp\n'}
[7.130767] (def_msg) StdoutLine: {'line': b'-- Installing: /home/hjh/RMserial/install/def_msg/include/def_msg/def_msg/msg/detail/gobal_information__rosidl_typesupport_fastrtps_cpp.hpp\n'}
[7.130796] (def_msg) StdoutLine: {'line': b'-- Installing: /home/hjh/RMserial/install/def_msg/include/def_msg/def_msg/msg/detail/gimble_position__rosidl_typesupport_fastrtps_cpp.hpp\n'}
[7.130852] (def_msg) StdoutLine: {'line': b'-- Installing: /home/hjh/RMserial/install/def_msg/include/def_msg/def_msg/msg/detail/common_control__rosidl_typesupport_fastrtps_cpp.hpp\n'}
[7.130882] (def_msg) StdoutLine: {'line': b'-- Installing: /home/hjh/RMserial/install/def_msg/include/def_msg/def_msg/msg/detail/gimble_control__rosidl_typesupport_fastrtps_cpp.hpp\n'}
[7.130925] (def_msg) StdoutLine: {'line': b'-- Installing: /home/hjh/RMserial/install/def_msg/include/def_msg/def_msg/msg/rosidl_typesupport_fastrtps_cpp__visibility_control.h\n'}
[7.130987] (def_msg) StdoutLine: {'line': b'-- Up-to-date: /home/hjh/RMserial/install/def_msg/include/def_msg/def_msg/action\n'}
[7.131013] (def_msg) StdoutLine: {'line': b'-- Up-to-date: /home/hjh/RMserial/install/def_msg/include/def_msg/def_msg/action/detail\n'}
[7.131041] (def_msg) StdoutLine: {'line': b'-- Installing: /home/hjh/RMserial/install/def_msg/include/def_msg/def_msg/action/detail/dds_fastrtps\n'}
[7.131090] (def_msg) StdoutLine: {'line': b'-- Installing: /home/hjh/RMserial/install/def_msg/include/def_msg/def_msg/action/detail/nav_pose__rosidl_typesupport_fastrtps_cpp.hpp\n'}
[7.131115] (def_msg) StdoutLine: {'line': b'-- Installing: /home/hjh/RMserial/install/def_msg/lib/libdef_msg__rosidl_typesupport_fastrtps_cpp.so\n'}
[7.131144] (def_msg) StdoutLine: {'line': b'-- Set non-toolchain portion of runtime path of "/home/hjh/RMserial/install/def_msg/lib/libdef_msg__rosidl_typesupport_fastrtps_cpp.so" to ""\n'}
[7.131172] (def_msg) StdoutLine: {'line': b'-- Up-to-date: /home/hjh/RMserial/install/def_msg/include/def_msg/def_msg\n'}
[7.131201] (def_msg) StdoutLine: {'line': b'-- Up-to-date: /home/hjh/RMserial/install/def_msg/include/def_msg/def_msg/srv\n'}
[7.131229] (def_msg) StdoutLine: {'line': b'-- Up-to-date: /home/hjh/RMserial/install/def_msg/include/def_msg/def_msg/srv/detail\n'}
[7.131257] (def_msg) StdoutLine: {'line': b'-- Installing: /home/hjh/RMserial/install/def_msg/include/def_msg/def_msg/srv/detail/heart_beat__type_support.c\n'}
[7.131297] (def_msg) StdoutLine: {'line': b'-- Installing: /home/hjh/RMserial/install/def_msg/include/def_msg/def_msg/srv/detail/controller_mode_set__rosidl_typesupport_introspection_c.h\n'}
[7.131326] (def_msg) StdoutLine: {'line': b'-- Installing: /home/hjh/RMserial/install/def_msg/include/def_msg/def_msg/srv/detail/controller_mode_set__type_support.c\n'}
[7.131380] (def_msg) StdoutLine: {'line': b'-- Installing: /home/hjh/RMserial/install/def_msg/include/def_msg/def_msg/srv/detail/heart_beat__rosidl_typesupport_introspection_c.h\n'}
[7.131409] (def_msg) StdoutLine: {'line': b'-- Up-to-date: /home/hjh/RMserial/install/def_msg/include/def_msg/def_msg/msg\n'}
[7.131454] (def_msg) StdoutLine: {'line': b'-- Up-to-date: /home/hjh/RMserial/install/def_msg/include/def_msg/def_msg/msg/detail\n'}
[7.131496] (def_msg) StdoutLine: {'line': b'-- Installing: /home/hjh/RMserial/install/def_msg/include/def_msg/def_msg/msg/detail/common_control__rosidl_typesupport_introspection_c.h\n'}
[7.131524] (def_msg) StdoutLine: {'line': b'-- Installing: /home/hjh/RMserial/install/def_msg/include/def_msg/def_msg/msg/detail/gobal_information__type_support.c\n'}
[7.131552] (def_msg) StdoutLine: {'line': b'-- Installing: /home/hjh/RMserial/install/def_msg/include/def_msg/def_msg/msg/detail/common_control__type_support.c\n'}
[7.131592] (def_msg) StdoutLine: {'line': b'-- Installing: /home/hjh/RMserial/install/def_msg/include/def_msg/def_msg/msg/detail/gimble_control__type_support.c\n'}
[7.131620] (def_msg) StdoutLine: {'line': b'-- Installing: /home/hjh/RMserial/install/def_msg/include/def_msg/def_msg/msg/detail/gobal_information__rosidl_typesupport_introspection_c.h\n'}
[7.131664] (def_msg) StdoutLine: {'line': b'-- Installing: /home/hjh/RMserial/install/def_msg/include/def_msg/def_msg/msg/detail/gimble_position__rosidl_typesupport_introspection_c.h\n'}
[7.131723] (def_msg) StdoutLine: {'line': b'-- Installing: /home/hjh/RMserial/install/def_msg/include/def_msg/def_msg/msg/detail/em_control__type_support.c\n'}
[7.131749] (def_msg) StdoutLine: {'line': b'-- Installing: /home/hjh/RMserial/install/def_msg/include/def_msg/def_msg/msg/detail/em_control__rosidl_typesupport_introspection_c.h\n'}
[7.131788] (def_msg) StdoutLine: {'line': b'-- Installing: /home/hjh/RMserial/install/def_msg/include/def_msg/def_msg/msg/detail/gimble_control__rosidl_typesupport_introspection_c.h\n'}
[7.131813] (def_msg) StdoutLine: {'line': b'-- Installing: /home/hjh/RMserial/install/def_msg/include/def_msg/def_msg/msg/detail/gimble_position__type_support.c\n'}
[7.131838] (def_msg) StdoutLine: {'line': b'-- Installing: /home/hjh/RMserial/install/def_msg/include/def_msg/def_msg/msg/rosidl_typesupport_introspection_c__visibility_control.h\n'}
[7.131862] (def_msg) StdoutLine: {'line': b'-- Up-to-date: /home/hjh/RMserial/install/def_msg/include/def_msg/def_msg/action\n'}
[7.131887] (def_msg) StdoutLine: {'line': b'-- Up-to-date: /home/hjh/RMserial/install/def_msg/include/def_msg/def_msg/action/detail\n'}
[7.131913] (def_msg) StdoutLine: {'line': b'-- Installing: /home/hjh/RMserial/install/def_msg/include/def_msg/def_msg/action/detail/nav_pose__type_support.c\n'}
[7.131938] (def_msg) StdoutLine: {'line': b'-- Installing: /home/hjh/RMserial/install/def_msg/include/def_msg/def_msg/action/detail/nav_pose__rosidl_typesupport_introspection_c.h\n'}
[7.131965] (def_msg) StdoutLine: {'line': b'-- Installing: /home/hjh/RMserial/install/def_msg/lib/libdef_msg__rosidl_typesupport_introspection_c.so\n'}
[7.131990] (def_msg) StdoutLine: {'line': b'-- Set non-toolchain portion of runtime path of "/home/hjh/RMserial/install/def_msg/lib/libdef_msg__rosidl_typesupport_introspection_c.so" to ""\n'}
[7.132032] (def_msg) StdoutLine: {'line': b'-- Installing: /home/hjh/RMserial/install/def_msg/lib/libdef_msg__rosidl_typesupport_c.so\n'}
[7.132073] (def_msg) StdoutLine: {'line': b'-- Set non-toolchain portion of runtime path of "/home/hjh/RMserial/install/def_msg/lib/libdef_msg__rosidl_typesupport_c.so" to ""\n'}
[7.132098] (def_msg) StdoutLine: {'line': b'-- Up-to-date: /home/hjh/RMserial/install/def_msg/include/def_msg/def_msg\n'}
[7.132122] (def_msg) StdoutLine: {'line': b'-- Up-to-date: /home/hjh/RMserial/install/def_msg/include/def_msg/def_msg/srv\n'}
[7.132146] (def_msg) StdoutLine: {'line': b'-- Up-to-date: /home/hjh/RMserial/install/def_msg/include/def_msg/def_msg/srv/detail\n'}
[7.132170] (def_msg) StdoutLine: {'line': b'-- Installing: /home/hjh/RMserial/install/def_msg/include/def_msg/def_msg/srv/detail/controller_mode_set__rosidl_typesupport_introspection_cpp.hpp\n'}
[7.132221] (def_msg) StdoutLine: {'line': b'-- Installing: /home/hjh/RMserial/install/def_msg/include/def_msg/def_msg/srv/detail/heart_beat__type_support.cpp\n'}
[7.132247] (def_msg) StdoutLine: {'line': b'-- Installing: /home/hjh/RMserial/install/def_msg/include/def_msg/def_msg/srv/detail/heart_beat__rosidl_typesupport_introspection_cpp.hpp\n'}
[7.132297] (def_msg) StdoutLine: {'line': b'-- Installing: /home/hjh/RMserial/install/def_msg/include/def_msg/def_msg/srv/detail/controller_mode_set__type_support.cpp\n'}
[7.132324] (def_msg) StdoutLine: {'line': b'-- Up-to-date: /home/hjh/RMserial/install/def_msg/include/def_msg/def_msg/msg\n'}
[7.132349] (def_msg) StdoutLine: {'line': b'-- Up-to-date: /home/hjh/RMserial/install/def_msg/include/def_msg/def_msg/msg/detail\n'}
[7.132389] (def_msg) StdoutLine: {'line': b'-- Installing: /home/hjh/RMserial/install/def_msg/include/def_msg/def_msg/msg/detail/gobal_information__rosidl_typesupport_introspection_cpp.hpp\n'}
[7.132429] (def_msg) StdoutLine: {'line': b'-- Installing: /home/hjh/RMserial/install/def_msg/include/def_msg/def_msg/msg/detail/gimble_position__type_support.cpp\n'}
[7.132460] (def_msg) StdoutLine: {'line': b'-- Installing: /home/hjh/RMserial/install/def_msg/include/def_msg/def_msg/msg/detail/gimble_control__rosidl_typesupport_introspection_cpp.hpp\n'}
[7.132504] (def_msg) StdoutLine: {'line': b'-- Installing: /home/hjh/RMserial/install/def_msg/include/def_msg/def_msg/msg/detail/common_control__type_support.cpp\n'}
[7.132563] (def_msg) StdoutLine: {'line': b'-- Installing: /home/hjh/RMserial/install/def_msg/include/def_msg/def_msg/msg/detail/gobal_information__type_support.cpp\n'}
[7.132590] (def_msg) StdoutLine: {'line': b'-- Installing: /home/hjh/RMserial/install/def_msg/include/def_msg/def_msg/msg/detail/em_control__type_support.cpp\n'}
[7.132615] (def_msg) StdoutLine: {'line': b'-- Installing: /home/hjh/RMserial/install/def_msg/include/def_msg/def_msg/msg/detail/em_control__rosidl_typesupport_introspection_cpp.hpp\n'}
[7.132648] (def_msg) StdoutLine: {'line': b'-- Installing: /home/hjh/RMserial/install/def_msg/include/def_msg/def_msg/msg/detail/gimble_position__rosidl_typesupport_introspection_cpp.hpp\n'}
[7.132693] (def_msg) StdoutLine: {'line': b'-- Installing: /home/hjh/RMserial/install/def_msg/include/def_msg/def_msg/msg/detail/gimble_control__type_support.cpp\n'}
[7.132733] (def_msg) StdoutLine: {'line': b'-- Installing: /home/hjh/RMserial/install/def_msg/include/def_msg/def_msg/msg/detail/common_control__rosidl_typesupport_introspection_cpp.hpp\n'}
[7.132758] (def_msg) StdoutLine: {'line': b'-- Up-to-date: /home/hjh/RMserial/install/def_msg/include/def_msg/def_msg/action\n'}
[7.132786] (def_msg) StdoutLine: {'line': b'-- Up-to-date: /home/hjh/RMserial/install/def_msg/include/def_msg/def_msg/action/detail\n'}
[7.132827] (def_msg) StdoutLine: {'line': b'-- Installing: /home/hjh/RMserial/install/def_msg/include/def_msg/def_msg/action/detail/nav_pose__rosidl_typesupport_introspection_cpp.hpp\n'}
[7.132853] (def_msg) StdoutLine: {'line': b'-- Installing: /home/hjh/RMserial/install/def_msg/include/def_msg/def_msg/action/detail/nav_pose__type_support.cpp\n'}
[7.132895] (def_msg) StdoutLine: {'line': b'-- Installing: /home/hjh/RMserial/install/def_msg/lib/libdef_msg__rosidl_typesupport_introspection_cpp.so\n'}
[7.132945] (def_msg) StdoutLine: {'line': b'-- Set non-toolchain portion of runtime path of "/home/hjh/RMserial/install/def_msg/lib/libdef_msg__rosidl_typesupport_introspection_cpp.so" to ""\n'}
[7.132986] (def_msg) StdoutLine: {'line': b'-- Installing: /home/hjh/RMserial/install/def_msg/lib/libdef_msg__rosidl_typesupport_cpp.so\n'}
[7.133028] (def_msg) StdoutLine: {'line': b'-- Set non-toolchain portion of runtime path of "/home/hjh/RMserial/install/def_msg/lib/libdef_msg__rosidl_typesupport_cpp.so" to ""\n'}
[7.133070] (def_msg) StdoutLine: {'line': b'-- Installing: /home/hjh/RMserial/install/def_msg/share/def_msg/environment/pythonpath.sh\n'}
[7.133110] (def_msg) StdoutLine: {'line': b'-- Installing: /home/hjh/RMserial/install/def_msg/share/def_msg/environment/pythonpath.dsv\n'}
[7.133143] (def_msg) StdoutLine: {'line': b'-- Installing: /home/hjh/RMserial/install/def_msg/local/lib/python3.10/dist-packages/def_msg-0.0.0-py3.10.egg-info\n'}
[7.133187] (def_msg) StdoutLine: {'line': b'-- Installing: /home/hjh/RMserial/install/def_msg/local/lib/python3.10/dist-packages/def_msg-0.0.0-py3.10.egg-info/dependency_links.txt\n'}
[7.133229] (def_msg) StdoutLine: {'line': b'-- Installing: /home/hjh/RMserial/install/def_msg/local/lib/python3.10/dist-packages/def_msg-0.0.0-py3.10.egg-info/PKG-INFO\n'}
[7.133258] (def_msg) StdoutLine: {'line': b'-- Installing: /home/hjh/RMserial/install/def_msg/local/lib/python3.10/dist-packages/def_msg-0.0.0-py3.10.egg-info/SOURCES.txt\n'}
[7.133287] (def_msg) StdoutLine: {'line': b'-- Installing: /home/hjh/RMserial/install/def_msg/local/lib/python3.10/dist-packages/def_msg-0.0.0-py3.10.egg-info/top_level.txt\n'}
[7.133329] (def_msg) StdoutLine: {'line': b'-- Installing: /home/hjh/RMserial/install/def_msg/local/lib/python3.10/dist-packages/def_msg\n'}
[7.133354] (def_msg) StdoutLine: {'line': b'-- Installing: /home/hjh/RMserial/install/def_msg/local/lib/python3.10/dist-packages/def_msg/_def_msg_s.ep.rosidl_typesupport_c.c\n'}
[7.133403] (def_msg) StdoutLine: {'line': b'-- Installing: /home/hjh/RMserial/install/def_msg/local/lib/python3.10/dist-packages/def_msg/def_msg_s__rosidl_typesupport_introspection_c.cpython-310-x86_64-linux-gnu.so\n'}
[7.133428] (def_msg) StdoutLine: {'line': b'-- Installing: /home/hjh/RMserial/install/def_msg/local/lib/python3.10/dist-packages/def_msg/def_msg_s__rosidl_typesupport_fastrtps_c.cpython-310-x86_64-linux-gnu.so\n'}
[7.133468] (def_msg) StdoutLine: {'line': b'-- Installing: /home/hjh/RMserial/install/def_msg/local/lib/python3.10/dist-packages/def_msg/_def_msg_s.ep.rosidl_typesupport_introspection_c.c\n'}
[7.133508] (def_msg) StdoutLine: {'line': b'-- Installing: /home/hjh/RMserial/install/def_msg/local/lib/python3.10/dist-packages/def_msg/__init__.py\n'}
[7.133536] (def_msg) StdoutLine: {'line': b'-- Installing: /home/hjh/RMserial/install/def_msg/local/lib/python3.10/dist-packages/def_msg/srv\n'}
[7.133583] (def_msg) StdoutLine: {'line': b'-- Installing: /home/hjh/RMserial/install/def_msg/local/lib/python3.10/dist-packages/def_msg/srv/_heart_beat.py\n'}
[7.133623] (def_msg) StdoutLine: {'line': b'-- Installing: /home/hjh/RMserial/install/def_msg/local/lib/python3.10/dist-packages/def_msg/srv/_controller_mode_set.py\n'}
[7.133662] (def_msg) StdoutLine: {'line': b'-- Installing: /home/hjh/RMserial/install/def_msg/local/lib/python3.10/dist-packages/def_msg/srv/_heart_beat_s.c\n'}
[7.133705] (def_msg) StdoutLine: {'line': b'-- Installing: /home/hjh/RMserial/install/def_msg/local/lib/python3.10/dist-packages/def_msg/srv/_controller_mode_set_s.c\n'}
[7.133744] (def_msg) StdoutLine: {'line': b'-- Installing: /home/hjh/RMserial/install/def_msg/local/lib/python3.10/dist-packages/def_msg/srv/__init__.py\n'}
[7.133784] (def_msg) StdoutLine: {'line': b'-- Installing: /home/hjh/RMserial/install/def_msg/local/lib/python3.10/dist-packages/def_msg/_def_msg_s.ep.rosidl_typesupport_fastrtps_c.c\n'}
[7.133812] (def_msg) StdoutLine: {'line': b'-- Installing: /home/hjh/RMserial/install/def_msg/local/lib/python3.10/dist-packages/def_msg/def_msg_s__rosidl_typesupport_c.cpython-310-x86_64-linux-gnu.so\n'}
[7.133841] (def_msg) StdoutLine: {'line': b'-- Installing: /home/hjh/RMserial/install/def_msg/local/lib/python3.10/dist-packages/def_msg/libdef_msg__rosidl_generator_py.so\n'}
[7.133881] (def_msg) StdoutLine: {'line': b'-- Installing: /home/hjh/RMserial/install/def_msg/local/lib/python3.10/dist-packages/def_msg/msg\n'}
[7.133931] (def_msg) StdoutLine: {'line': b'-- Installing: /home/hjh/RMserial/install/def_msg/local/lib/python3.10/dist-packages/def_msg/msg/_gobal_information_s.c\n'}
[7.133958] (def_msg) StdoutLine: {'line': b'-- Installing: /home/hjh/RMserial/install/def_msg/local/lib/python3.10/dist-packages/def_msg/msg/_common_control.py\n'}
[7.133985] (def_msg) StdoutLine: {'line': b'-- Installing: /home/hjh/RMserial/install/def_msg/local/lib/python3.10/dist-packages/def_msg/msg/_gimble_control_s.c\n'}
[7.134025] (def_msg) StdoutLine: {'line': b'-- Installing: /home/hjh/RMserial/install/def_msg/local/lib/python3.10/dist-packages/def_msg/msg/_gimble_position_s.c\n'}
[7.134052] (def_msg) StdoutLine: {'line': b'-- Installing: /home/hjh/RMserial/install/def_msg/local/lib/python3.10/dist-packages/def_msg/msg/__init__.py\n'}
[7.134076] (def_msg) StdoutLine: {'line': b'-- Installing: /home/hjh/RMserial/install/def_msg/local/lib/python3.10/dist-packages/def_msg/msg/_common_control_s.c\n'}
[7.134100] (def_msg) StdoutLine: {'line': b'-- Installing: /home/hjh/RMserial/install/def_msg/local/lib/python3.10/dist-packages/def_msg/msg/_gobal_information.py\n'}
[7.134124] (def_msg) StdoutLine: {'line': b'-- Installing: /home/hjh/RMserial/install/def_msg/local/lib/python3.10/dist-packages/def_msg/msg/_gimble_position.py\n'}
[7.134148] (def_msg) StdoutLine: {'line': b'-- Installing: /home/hjh/RMserial/install/def_msg/local/lib/python3.10/dist-packages/def_msg/msg/_em_control.py\n'}
[7.134172] (def_msg) StdoutLine: {'line': b'-- Installing: /home/hjh/RMserial/install/def_msg/local/lib/python3.10/dist-packages/def_msg/msg/_em_control_s.c\n'}
[7.134196] (def_msg) StdoutLine: {'line': b'-- Installing: /home/hjh/RMserial/install/def_msg/local/lib/python3.10/dist-packages/def_msg/msg/_gimble_control.py\n'}
[7.134221] (def_msg) StdoutLine: {'line': b'-- Installing: /home/hjh/RMserial/install/def_msg/local/lib/python3.10/dist-packages/def_msg/action\n'}
[7.134246] (def_msg) StdoutLine: {'line': b'-- Installing: /home/hjh/RMserial/install/def_msg/local/lib/python3.10/dist-packages/def_msg/action/__init__.py\n'}
[7.134270] (def_msg) StdoutLine: {'line': b'-- Installing: /home/hjh/RMserial/install/def_msg/local/lib/python3.10/dist-packages/def_msg/action/_nav_pose_s.c\n'}
[7.134294] (def_msg) StdoutLine: {'line': b'-- Installing: /home/hjh/RMserial/install/def_msg/local/lib/python3.10/dist-packages/def_msg/action/_nav_pose.py\n'}
[7.168267] (def_msg) StdoutLine: {'line': b"Listing '/home/hjh/RMserial/install/def_msg/local/lib/python3.10/dist-packages/def_msg'...\n"}
[7.168409] (def_msg) StdoutLine: {'line': b"Compiling '/home/hjh/RMserial/install/def_msg/local/lib/python3.10/dist-packages/def_msg/__init__.py'...\n"}
[7.168453] (def_msg) StdoutLine: {'line': b"Listing '/home/hjh/RMserial/install/def_msg/local/lib/python3.10/dist-packages/def_msg/action'...\n"}
[7.168489] (def_msg) StdoutLine: {'line': b"Compiling '/home/hjh/RMserial/install/def_msg/local/lib/python3.10/dist-packages/def_msg/action/__init__.py'...\n"}
[7.168525] (def_msg) StdoutLine: {'line': b"Compiling '/home/hjh/RMserial/install/def_msg/local/lib/python3.10/dist-packages/def_msg/action/_nav_pose.py'...\n"}
[7.168560] (def_msg) StdoutLine: {'line': b"Listing '/home/hjh/RMserial/install/def_msg/local/lib/python3.10/dist-packages/def_msg/msg'...\n"}
[7.168594] (def_msg) StdoutLine: {'line': b"Compiling '/home/hjh/RMserial/install/def_msg/local/lib/python3.10/dist-packages/def_msg/msg/__init__.py'...\n"}
[7.168627] (def_msg) StdoutLine: {'line': b"Compiling '/home/hjh/RMserial/install/def_msg/local/lib/python3.10/dist-packages/def_msg/msg/_common_control.py'...\n"}
[7.168660] (def_msg) StdoutLine: {'line': b"Compiling '/home/hjh/RMserial/install/def_msg/local/lib/python3.10/dist-packages/def_msg/msg/_em_control.py'...\n"}
[7.168701] (def_msg) StdoutLine: {'line': b"Compiling '/home/hjh/RMserial/install/def_msg/local/lib/python3.10/dist-packages/def_msg/msg/_gimble_control.py'...\n"}
[7.168734] (def_msg) StdoutLine: {'line': b"Compiling '/home/hjh/RMserial/install/def_msg/local/lib/python3.10/dist-packages/def_msg/msg/_gimble_position.py'...\n"}
[7.168767] (def_msg) StdoutLine: {'line': b"Compiling '/home/hjh/RMserial/install/def_msg/local/lib/python3.10/dist-packages/def_msg/msg/_gobal_information.py'...\n"}
[7.168798] (def_msg) StdoutLine: {'line': b"Listing '/home/hjh/RMserial/install/def_msg/local/lib/python3.10/dist-packages/def_msg/srv'...\n"}
[7.168830] (def_msg) StdoutLine: {'line': b"Compiling '/home/hjh/RMserial/install/def_msg/local/lib/python3.10/dist-packages/def_msg/srv/__init__.py'...\n"}
[7.168861] (def_msg) StdoutLine: {'line': b"Compiling '/home/hjh/RMserial/install/def_msg/local/lib/python3.10/dist-packages/def_msg/srv/_controller_mode_set.py'...\n"}
[7.168892] (def_msg) StdoutLine: {'line': b"Compiling '/home/hjh/RMserial/install/def_msg/local/lib/python3.10/dist-packages/def_msg/srv/_heart_beat.py'...\n"}
[7.171921] (def_msg) StdoutLine: {'line': b'-- Installing: /home/hjh/RMserial/install/def_msg/local/lib/python3.10/dist-packages/def_msg/def_msg_s__rosidl_typesupport_fastrtps_c.cpython-310-x86_64-linux-gnu.so\n'}
[7.172233] (def_msg) StdoutLine: {'line': b'-- Set non-toolchain portion of runtime path of "/home/hjh/RMserial/install/def_msg/local/lib/python3.10/dist-packages/def_msg/def_msg_s__rosidl_typesupport_fastrtps_c.cpython-310-x86_64-linux-gnu.so" to ""\n'}
[7.172435] (def_msg) StdoutLine: {'line': b'-- Installing: /home/hjh/RMserial/install/def_msg/local/lib/python3.10/dist-packages/def_msg/def_msg_s__rosidl_typesupport_introspection_c.cpython-310-x86_64-linux-gnu.so\n'}
[7.172933] (def_msg) StdoutLine: {'line': b'-- Set non-toolchain portion of runtime path of "/home/hjh/RMserial/install/def_msg/local/lib/python3.10/dist-packages/def_msg/def_msg_s__rosidl_typesupport_introspection_c.cpython-310-x86_64-linux-gnu.so" to ""\n'}
[7.173118] (def_msg) StdoutLine: {'line': b'-- Installing: /home/hjh/RMserial/install/def_msg/local/lib/python3.10/dist-packages/def_msg/def_msg_s__rosidl_typesupport_c.cpython-310-x86_64-linux-gnu.so\n'}
[7.173688] (def_msg) StdoutLine: {'line': b'-- Set non-toolchain portion of runtime path of "/home/hjh/RMserial/install/def_msg/local/lib/python3.10/dist-packages/def_msg/def_msg_s__rosidl_typesupport_c.cpython-310-x86_64-linux-gnu.so" to ""\n'}
[7.173773] (def_msg) StdoutLine: {'line': b'-- Installing: /home/hjh/RMserial/install/def_msg/lib/libdef_msg__rosidl_generator_py.so\n'}
[7.174322] (def_msg) StdoutLine: {'line': b'-- Set non-toolchain portion of runtime path of "/home/hjh/RMserial/install/def_msg/lib/libdef_msg__rosidl_generator_py.so" to ""\n'}
[7.174404] (def_msg) StdoutLine: {'line': b'-- Installing: /home/hjh/RMserial/install/def_msg/share/def_msg/msg/GobalInformation.idl\n'}
[7.174442] (def_msg) StdoutLine: {'line': b'-- Installing: /home/hjh/RMserial/install/def_msg/share/def_msg/msg/GimbleControl.idl\n'}
[7.174486] (def_msg) StdoutLine: {'line': b'-- Installing: /home/hjh/RMserial/install/def_msg/share/def_msg/msg/CommonControl.idl\n'}
[7.174559] (def_msg) StdoutLine: {'line': b'-- Installing: /home/hjh/RMserial/install/def_msg/share/def_msg/msg/EmControl.idl\n'}
[7.174704] (def_msg) StdoutLine: {'line': b'-- Installing: /home/hjh/RMserial/install/def_msg/share/def_msg/msg/GimblePosition.idl\n'}
[7.174898] (def_msg) StdoutLine: {'line': b'-- Installing: /home/hjh/RMserial/install/def_msg/share/def_msg/srv/ControllerModeSet.idl\n'}
[7.175081] (def_msg) StdoutLine: {'line': b'-- Installing: /home/hjh/RMserial/install/def_msg/share/def_msg/srv/HeartBeat.idl\n'}
[7.175195] (def_msg) StdoutLine: {'line': b'-- Installing: /home/hjh/RMserial/install/def_msg/share/def_msg/action/NavPose.idl\n'}
[7.175325] (def_msg) StdoutLine: {'line': b'-- Installing: /home/hjh/RMserial/install/def_msg/share/def_msg/msg/GobalInformation.msg\n'}
[7.175459] (def_msg) StdoutLine: {'line': b'-- Installing: /home/hjh/RMserial/install/def_msg/share/def_msg/msg/GimbleControl.msg\n'}
[7.175588] (def_msg) StdoutLine: {'line': b'-- Installing: /home/hjh/RMserial/install/def_msg/share/def_msg/msg/CommonControl.msg\n'}
[7.175734] (def_msg) StdoutLine: {'line': b'-- Installing: /home/hjh/RMserial/install/def_msg/share/def_msg/msg/EmControl.msg\n'}
[7.175889] (def_msg) StdoutLine: {'line': b'-- Installing: /home/hjh/RMserial/install/def_msg/share/def_msg/msg/GimblePosition.msg\n'}
[7.176037] (def_msg) StdoutLine: {'line': b'-- Installing: /home/hjh/RMserial/install/def_msg/share/def_msg/srv/ControllerModeSet.srv\n'}
[7.176205] (def_msg) StdoutLine: {'line': b'-- Installing: /home/hjh/RMserial/install/def_msg/share/def_msg/srv/ControllerModeSet_Request.msg\n'}
[7.176314] (def_msg) StdoutLine: {'line': b'-- Installing: /home/hjh/RMserial/install/def_msg/share/def_msg/srv/ControllerModeSet_Response.msg\n'}
[7.176398] (def_msg) StdoutLine: {'line': b'-- Installing: /home/hjh/RMserial/install/def_msg/share/def_msg/srv/HeartBeat.srv\n'}
[7.176501] (def_msg) StdoutLine: {'line': b'-- Installing: /home/hjh/RMserial/install/def_msg/share/def_msg/srv/HeartBeat_Request.msg\n'}
[7.176608] (def_msg) StdoutLine: {'line': b'-- Installing: /home/hjh/RMserial/install/def_msg/share/def_msg/srv/HeartBeat_Response.msg\n'}
[7.176714] (def_msg) StdoutLine: {'line': b'-- Installing: /home/hjh/RMserial/install/def_msg/share/def_msg/action/NavPose.action\n'}
[7.176800] (def_msg) StdoutLine: {'line': b'-- Installing: /home/hjh/RMserial/install/def_msg/share/ament_index/resource_index/package_run_dependencies/def_msg\n'}
[7.176883] (def_msg) StdoutLine: {'line': b'-- Installing: /home/hjh/RMserial/install/def_msg/share/ament_index/resource_index/parent_prefix_path/def_msg\n'}
[7.176964] (def_msg) StdoutLine: {'line': b'-- Installing: /home/hjh/RMserial/install/def_msg/share/def_msg/environment/ament_prefix_path.sh\n'}
[7.177044] (def_msg) StdoutLine: {'line': b'-- Installing: /home/hjh/RMserial/install/def_msg/share/def_msg/environment/ament_prefix_path.dsv\n'}
[7.177124] (def_msg) StdoutLine: {'line': b'-- Installing: /home/hjh/RMserial/install/def_msg/share/def_msg/environment/path.sh\n'}
[7.177203] (def_msg) StdoutLine: {'line': b'-- Installing: /home/hjh/RMserial/install/def_msg/share/def_msg/environment/path.dsv\n'}
[7.177337] (def_msg) StdoutLine: {'line': b'-- Installing: /home/hjh/RMserial/install/def_msg/share/def_msg/local_setup.bash\n'}
[7.177509] (def_msg) StdoutLine: {'line': b'-- Installing: /home/hjh/RMserial/install/def_msg/share/def_msg/local_setup.sh\n'}
[7.177633] (def_msg) StdoutLine: {'line': b'-- Installing: /home/hjh/RMserial/install/def_msg/share/def_msg/local_setup.zsh\n'}
[7.177801] (def_msg) StdoutLine: {'line': b'-- Installing: /home/hjh/RMserial/install/def_msg/share/def_msg/local_setup.dsv\n'}
[7.177891] (def_msg) StdoutLine: {'line': b'-- Installing: /home/hjh/RMserial/install/def_msg/share/def_msg/package.dsv\n'}
[7.177980] (def_msg) StdoutLine: {'line': b'-- Installing: /home/hjh/RMserial/install/def_msg/share/ament_index/resource_index/packages/def_msg\n'}
[7.178065] (def_msg) StdoutLine: {'line': b'-- Installing: /home/hjh/RMserial/install/def_msg/share/def_msg/cmake/export_def_msg__rosidl_generator_cExport.cmake\n'}
[7.178328] (def_msg) StdoutLine: {'line': b'-- Installing: /home/hjh/RMserial/install/def_msg/share/def_msg/cmake/export_def_msg__rosidl_generator_cExport-noconfig.cmake\n'}
[7.178483] (def_msg) StdoutLine: {'line': b'-- Installing: /home/hjh/RMserial/install/def_msg/share/def_msg/cmake/export_def_msg__rosidl_typesupport_fastrtps_cExport.cmake\n'}
[7.178589] (def_msg) StdoutLine: {'line': b'-- Installing: /home/hjh/RMserial/install/def_msg/share/def_msg/cmake/export_def_msg__rosidl_typesupport_fastrtps_cExport-noconfig.cmake\n'}
[7.178680] (def_msg) StdoutLine: {'line': b'-- Installing: /home/hjh/RMserial/install/def_msg/share/def_msg/cmake/export_def_msg__rosidl_generator_cppExport.cmake\n'}
[7.178775] (def_msg) StdoutLine: {'line': b'-- Installing: /home/hjh/RMserial/install/def_msg/share/def_msg/cmake/export_def_msg__rosidl_typesupport_fastrtps_cppExport.cmake\n'}
[7.178861] (def_msg) StdoutLine: {'line': b'-- Installing: /home/hjh/RMserial/install/def_msg/share/def_msg/cmake/export_def_msg__rosidl_typesupport_fastrtps_cppExport-noconfig.cmake\n'}
[7.178947] (def_msg) StdoutLine: {'line': b'-- Installing: /home/hjh/RMserial/install/def_msg/share/def_msg/cmake/def_msg__rosidl_typesupport_introspection_cExport.cmake\n'}
[7.179045] (def_msg) StdoutLine: {'line': b'-- Installing: /home/hjh/RMserial/install/def_msg/share/def_msg/cmake/def_msg__rosidl_typesupport_introspection_cExport-noconfig.cmake\n'}
[7.179131] (def_msg) StdoutLine: {'line': b'-- Installing: /home/hjh/RMserial/install/def_msg/share/def_msg/cmake/def_msg__rosidl_typesupport_cExport.cmake\n'}
[7.179210] (def_msg) StdoutLine: {'line': b'-- Installing: /home/hjh/RMserial/install/def_msg/share/def_msg/cmake/def_msg__rosidl_typesupport_cExport-noconfig.cmake\n'}
[7.179296] (def_msg) StdoutLine: {'line': b'-- Installing: /home/hjh/RMserial/install/def_msg/share/def_msg/cmake/def_msg__rosidl_typesupport_introspection_cppExport.cmake\n'}
[7.179377] (def_msg) StdoutLine: {'line': b'-- Installing: /home/hjh/RMserial/install/def_msg/share/def_msg/cmake/def_msg__rosidl_typesupport_introspection_cppExport-noconfig.cmake\n'}
[7.179456] (def_msg) StdoutLine: {'line': b'-- Installing: /home/hjh/RMserial/install/def_msg/share/def_msg/cmake/def_msg__rosidl_typesupport_cppExport.cmake\n'}
[7.179534] (def_msg) StdoutLine: {'line': b'-- Installing: /home/hjh/RMserial/install/def_msg/share/def_msg/cmake/def_msg__rosidl_typesupport_cppExport-noconfig.cmake\n'}
[7.179616] (def_msg) StdoutLine: {'line': b'-- Installing: /home/hjh/RMserial/install/def_msg/share/def_msg/cmake/export_def_msg__rosidl_generator_pyExport.cmake\n'}
[7.179752] (def_msg) StdoutLine: {'line': b'-- Installing: /home/hjh/RMserial/install/def_msg/share/def_msg/cmake/export_def_msg__rosidl_generator_pyExport-noconfig.cmake\n'}
[7.179922] (def_msg) StdoutLine: {'line': b'-- Installing: /home/hjh/RMserial/install/def_msg/share/def_msg/cmake/rosidl_cmake-extras.cmake\n'}
[7.180006] (def_msg) StdoutLine: {'line': b'-- Installing: /home/hjh/RMserial/install/def_msg/share/def_msg/cmake/ament_cmake_export_dependencies-extras.cmake\n'}
[7.180268] (def_msg) StdoutLine: {'line': b'-- Installing: /home/hjh/RMserial/install/def_msg/share/def_msg/cmake/ament_cmake_export_include_directories-extras.cmake\n'}
[7.180351] (def_msg) StdoutLine: {'line': b'-- Installing: /home/hjh/RMserial/install/def_msg/share/def_msg/cmake/ament_cmake_export_libraries-extras.cmake\n'}
[7.180507] (def_msg) StdoutLine: {'line': b'-- Installing: /home/hjh/RMserial/install/def_msg/share/def_msg/cmake/ament_cmake_export_targets-extras.cmake\n'}
[7.180709] (def_msg) StdoutLine: {'line': b'-- Installing: /home/hjh/RMserial/install/def_msg/share/def_msg/cmake/rosidl_cmake_export_typesupport_targets-extras.cmake\n'}
[7.180744] (def_msg) StdoutLine: {'line': b'-- Installing: /home/hjh/RMserial/install/def_msg/share/def_msg/cmake/rosidl_cmake_export_typesupport_libraries-extras.cmake\n'}
[7.180775] (def_msg) StdoutLine: {'line': b'-- Installing: /home/hjh/RMserial/install/def_msg/share/def_msg/cmake/def_msgConfig.cmake\n'}
[7.180803] (def_msg) StdoutLine: {'line': b'-- Installing: /home/hjh/RMserial/install/def_msg/share/def_msg/cmake/def_msgConfig-version.cmake\n'}
[7.180830] (def_msg) StdoutLine: {'line': b'-- Installing: /home/hjh/RMserial/install/def_msg/share/def_msg/package.xml\n'}
[7.181140] (def_msg) CommandEnded: {'returncode': 0}
[7.194242] (def_msg) JobEnded: {'identifier': 'def_msg', 'rc': 0}
[7.195158] (serial_def_sdk) JobStarted: {'identifier': 'serial_def_sdk'}
[7.209058] (serial_def_sdk) JobProgress: {'identifier': 'serial_def_sdk', 'progress': 'cmake'}
[7.209667] (serial_def_sdk) Command: {'cmd': ['/usr/bin/cmake', '/home/hjh/RMserial/serial/serial_def_sdk', '-DCMAKE_INSTALL_PREFIX=/home/hjh/RMserial/install/serial_def_sdk'], 'cwd': '/home/hjh/RMserial/build/serial_def_sdk', 'env': OrderedDict([('LESSOPEN', '| /usr/bin/lesspipe %s'), ('HTTPS_PROXY', 'http://127.0.0.1:7890/'), ('no_proxy', 'localhost,127.0.0.1,::1'), ('LANGUAGE', 'zh_CN:en'), ('USER', 'hjh'), ('LC_TIME', 'zh_CN.UTF-8'), ('all_proxy', 'socks://127.0.0.1:7890/'), ('XDG_SESSION_TYPE', 'wayland'), ('SHLVL', '1'), ('LD_LIBRARY_PATH', '/home/hjh/RMserial/install/vision_msg/lib:/home/hjh/RMserial/install/pb_rm_interfaces/lib:/home/hjh/RMserial/install/def_msg/lib:/opt/ros/humble/opt/openvdb_vendor/lib:/home/hjh/ros2_ws/install/lib:/home/hjh/ros2_ws/install/lib:/usr/lib/x86_64-linux-gnu/gazebo-11/plugins:/opt/ros/humble/opt/rviz_ogre_vendor/lib:/opt/ros/humble/lib/x86_64-linux-gnu:/opt/ros/humble/lib'), ('HOME', '/home/hjh'), ('CONDA_SHLVL', '0'), ('DESKTOP_SESSION', 'ubuntu'), ('NO_PROXY', 'localhost,127.0.0.1,::1'), ('ROS_PYTHON_VERSION', '3'), ('GNOME_SHELL_SESSION_MODE', 'ubuntu'), ('GTK_MODULES', 'gail:atk-bridge'), ('LC_MONETARY', 'zh_CN.UTF-8'), ('DBUS_STARTER_BUS_TYPE', 'session'), ('SYSTEMD_EXEC_PID', '1746'), ('DBUS_SESSION_BUS_ADDRESS', 'unix:path=/run/user/1000/bus,guid=da9e182f6a398809d3ec8f1069c578ca'), ('COLORTERM', 'truecolor'), ('_CE_M', ''), ('IM_CONFIG_PHASE', '1'), ('WAYLAND_DISPLAY', 'wayland-0'), ('https_proxy', 'http://127.0.0.1:7890/'), ('ROS_DISTRO', 'humble'), ('GTK_IM_MODULE', 'fcitx'), ('LOGNAME', 'hjh'), ('ALL_PROXY', 'socks://127.0.0.1:7890/'), ('http_proxy', 'http://127.0.0.1:7890/'), ('_', '/usr/bin/colcon'), ('ROS_VERSION', '2'), ('XDG_SESSION_CLASS', 'user'), ('USERNAME', 'hjh'), ('TERM', 'xterm-256color'), ('GNOME_DESKTOP_SESSION_ID', 'this-is-deprecated'), ('_CE_CONDA', ''), ('ROS_LOCALHOST_ONLY', '0'), ('PATH', '/home/hjh/miniconda3/condabin:/opt/ros/humble/bin:/home/hjh/.local/bin:/usr/local/sbin:/usr/local/bin:/usr/sbin:/usr/bin:/sbin:/bin:/usr/games:/usr/local/games:/snap/bin:/snap/bin'), ('SESSION_MANAGER', 'local/hjh-Lenovo-G5000-IRH8:@/tmp/.ICE-unix/1746,unix/hjh-Lenovo-G5000-IRH8:/tmp/.ICE-unix/1746'), ('PAPERSIZE', 'a4'), ('XDG_MENU_PREFIX', 'gnome-'), ('LC_ADDRESS', 'zh_CN.UTF-8'), ('GNOME_TERMINAL_SCREEN', '/org/gnome/Terminal/screen/d4c127c6_0c8e_45b3_8c66_2cd1158f5318'), ('GNOME_SETUP_DISPLAY', ':1'), ('XDG_RUNTIME_DIR', '/run/user/1000'), ('DISPLAY', ':0'), ('LANG', 'zh_CN.UTF-8'), ('XDG_CURRENT_DESKTOP', 'ubuntu:GNOME'), ('LC_TELEPHONE', 'zh_CN.UTF-8'), ('XMODIFIERS', '@im=fcitx'), ('XDG_SESSION_DESKTOP', 'ubuntu'), ('XAUTHORITY', '/run/user/1000/.mutter-Xwaylandauth.3AY2M3'), ('LS_COLORS', 'rs=0:di=01;34:ln=01;36:mh=00:pi=40;33:so=01;35:do=01;35:bd=40;33;01:cd=40;33;01:or=40;31;01:mi=00:su=37;41:sg=30;43:ca=30;41:tw=30;42:ow=34;42:st=37;44:ex=01;32:*.tar=01;31:*.tgz=01;31:*.arc=01;31:*.arj=01;31:*.taz=01;31:*.lha=01;31:*.lz4=01;31:*.lzh=01;31:*.lzma=01;31:*.tlz=01;31:*.txz=01;31:*.tzo=01;31:*.t7z=01;31:*.zip=01;31:*.z=01;31:*.dz=01;31:*.gz=01;31:*.lrz=01;31:*.lz=01;31:*.lzo=01;31:*.xz=01;31:*.zst=01;31:*.tzst=01;31:*.bz2=01;31:*.bz=01;31:*.tbz=01;31:*.tbz2=01;31:*.tz=01;31:*.deb=01;31:*.rpm=01;31:*.jar=01;31:*.war=01;31:*.ear=01;31:*.sar=01;31:*.rar=01;31:*.alz=01;31:*.ace=01;31:*.zoo=01;31:*.cpio=01;31:*.7z=01;31:*.rz=01;31:*.cab=01;31:*.wim=01;31:*.swm=01;31:*.dwm=01;31:*.esd=01;31:*.jpg=01;35:*.jpeg=01;35:*.mjpg=01;35:*.mjpeg=01;35:*.gif=01;35:*.bmp=01;35:*.pbm=01;35:*.pgm=01;35:*.ppm=01;35:*.tga=01;35:*.xbm=01;35:*.xpm=01;35:*.tif=01;35:*.tiff=01;35:*.png=01;35:*.svg=01;35:*.svgz=01;35:*.mng=01;35:*.pcx=01;35:*.mov=01;35:*.mpg=01;35:*.mpeg=01;35:*.m2v=01;35:*.mkv=01;35:*.webm=01;35:*.webp=01;35:*.ogm=01;35:*.mp4=01;35:*.m4v=01;35:*.mp4v=01;35:*.vob=01;35:*.qt=01;35:*.nuv=01;35:*.wmv=01;35:*.asf=01;35:*.rm=01;35:*.rmvb=01;35:*.flc=01;35:*.avi=01;35:*.fli=01;35:*.flv=01;35:*.gl=01;35:*.dl=01;35:*.xcf=01;35:*.xwd=01;35:*.yuv=01;35:*.cgm=01;35:*.emf=01;35:*.ogv=01;35:*.ogx=01;35:*.aac=00;36:*.au=00;36:*.flac=00;36:*.m4a=00;36:*.mid=00;36:*.midi=00;36:*.mka=00;36:*.mp3=00;36:*.mpc=00;36:*.ogg=00;36:*.ra=00;36:*.wav=00;36:*.oga=00;36:*.opus=00;36:*.spx=00;36:*.xspf=00;36:'), ('GNOME_TERMINAL_SERVICE', ':1.102'), ('SSH_AGENT_LAUNCHER', 'gnome-keyring'), ('SSH_AUTH_SOCK', '/run/user/1000/keyring/ssh'), ('AMENT_PREFIX_PATH', '/home/hjh/RMserial/install/vision_msg:/home/hjh/RMserial/install/pb_rm_interfaces:/home/hjh/RMserial/install/def_msg:/opt/ros/humble'), ('CONDA_PYTHON_EXE', '/home/hjh/miniconda3/bin/python'), ('SHELL', '/bin/bash'), ('LC_NAME', 'zh_CN.UTF-8'), ('QT_ACCESSIBILITY', '1'), ('GDMSESSION', 'ubuntu'), ('LESSCLOSE', '/usr/bin/lesspipe %s %s'), ('LC_MEASUREMENT', 'zh_CN.UTF-8'), ('LC_IDENTIFICATION', 'zh_CN.UTF-8'), ('QT_IM_MODULE', 'fcitx'), ('PWD', '/home/hjh/RMserial/build/serial_def_sdk'), ('XDG_CONFIG_DIRS', '/etc/xdg/xdg-ubuntu:/etc/xdg'), ('CONDA_EXE', '/home/hjh/miniconda3/bin/conda'), ('CLUTTER_IM_MODULE', 'fcitx'), ('DBUS_STARTER_ADDRESS', 'unix:path=/run/user/1000/bus,guid=da9e182f6a398809d3ec8f1069c578ca'), ('XDG_DATA_DIRS', '/usr/share/ubuntu:/usr/local/share/:/usr/share/:/var/lib/snapd/desktop'), ('PYTHONPATH', '/home/hjh/RMserial/install/vision_msg/local/lib/python3.10/dist-packages:/home/hjh/RMserial/install/pb_rm_interfaces/local/lib/python3.10/dist-packages:/home/hjh/RMserial/install/def_msg/local/lib/python3.10/dist-packages:/opt/ros/humble/lib/python3.10/site-packages:/opt/ros/humble/local/lib/python3.10/dist-packages'), ('HTTP_PROXY', 'http://127.0.0.1:7890/'), ('LC_NUMERIC', 'en_US.UTF-8'), ('LC_PAPER', 'zh_CN.UTF-8'), ('COLCON', '1'), ('VTE_VERSION', '6800'), ('CMAKE_PREFIX_PATH', '/home/hjh/RMserial/install/vision_msg:/home/hjh/RMserial/install/pb_rm_interfaces:/home/hjh/RMserial/install/def_msg:/opt/ros/humble')]), 'shell': False}
[7.215472] (serial_def_sdk) StderrLine: {'line': b'\x1b[0mCMake Deprecation Warning at CMakeLists.txt:1 (cmake_minimum_required):\n'}
[7.215680] (serial_def_sdk) StderrLine: {'line': b'  Compatibility with CMake < 3.10 will be removed from a future version of\n'}
[7.215773] (serial_def_sdk) StderrLine: {'line': b'  CMake.\n'}
[7.215848] (serial_def_sdk) StderrLine: {'line': b'\n'}
[7.215920] (serial_def_sdk) StderrLine: {'line': b'  Update the VERSION argument <min> value.  Or, use the <min>...<max> syntax\n'}
[7.215992] (serial_def_sdk) StderrLine: {'line': b'  to tell CMake that the project requires at least <min> but has been updated\n'}
[7.216063] (serial_def_sdk) StderrLine: {'line': b'  to work with policies introduced by <max> or earlier.\n'}
[7.216133] (serial_def_sdk) StderrLine: {'line': b'\n'}
[7.216202] (serial_def_sdk) StderrLine: {'line': b'\x1b[0m\n'}
[7.222802] (-) TimerEvent: {}
[7.263170] (serial_def_sdk) StdoutLine: {'line': b'-- The C compiler identification is GNU 11.4.0\n'}
[7.319730] (serial_def_sdk) StdoutLine: {'line': b'-- The CXX compiler identification is GNU 11.4.0\n'}
[7.322898] (-) TimerEvent: {}
[7.326551] (serial_def_sdk) StdoutLine: {'line': b'-- Detecting C compiler ABI info\n'}
[7.386892] (serial_def_sdk) StdoutLine: {'line': b'-- Detecting C compiler ABI info - done\n'}
[7.401771] (serial_def_sdk) StdoutLine: {'line': b'-- Check for working C compiler: /usr/bin/cc - skipped\n'}
[7.402081] (serial_def_sdk) StdoutLine: {'line': b'-- Detecting C compile features\n'}
[7.402721] (serial_def_sdk) StdoutLine: {'line': b'-- Detecting C compile features - done\n'}
[7.416740] (serial_def_sdk) StdoutLine: {'line': b'-- Detecting CXX compiler ABI info\n'}
[7.423058] (-) TimerEvent: {}
[7.479400] (serial_def_sdk) StdoutLine: {'line': b'-- Detecting CXX compiler ABI info - done\n'}
[7.493038] (serial_def_sdk) StdoutLine: {'line': b'-- Check for working CXX compiler: /usr/bin/c++ - skipped\n'}
[7.493304] (serial_def_sdk) StdoutLine: {'line': b'-- Detecting CXX compile features\n'}
[7.493636] (serial_def_sdk) StdoutLine: {'line': b'-- Detecting CXX compile features - done\n'}
[7.504813] (serial_def_sdk) StdoutLine: {'line': b'-- Found ament_cmake: 1.3.11 (/opt/ros/humble/share/ament_cmake/cmake)\n'}
[7.523221] (-) TimerEvent: {}
[7.618633] (serial_def_sdk) StdoutLine: {'line': b'-- Found Python3: /usr/bin/python3 (found version "3.10.12") found components: Interpreter\n'}
[7.623355] (-) TimerEvent: {}
[7.696293] (serial_def_sdk) StdoutLine: {'line': b'-- Found rclcpp: 16.0.12 (/opt/ros/humble/share/rclcpp/cmake)\n'}
[7.723583] (-) TimerEvent: {}
[7.744192] (serial_def_sdk) StdoutLine: {'line': b'-- Found rosidl_generator_c: 3.1.6 (/opt/ros/humble/share/rosidl_generator_c/cmake)\n'}
[7.748918] (serial_def_sdk) StdoutLine: {'line': b'-- Found rosidl_adapter: 3.1.6 (/opt/ros/humble/share/rosidl_adapter/cmake)\n'}
[7.756778] (serial_def_sdk) StdoutLine: {'line': b'-- Found rosidl_generator_cpp: 3.1.6 (/opt/ros/humble/share/rosidl_generator_cpp/cmake)\n'}
[7.767806] (serial_def_sdk) StdoutLine: {'line': b'-- Using all available rosidl_typesupport_c: rosidl_typesupport_fastrtps_c;rosidl_typesupport_introspection_c\n'}
[7.782444] (serial_def_sdk) StdoutLine: {'line': b'-- Using all available rosidl_typesupport_cpp: rosidl_typesupport_fastrtps_cpp;rosidl_typesupport_introspection_cpp\n'}
[7.823848] (-) TimerEvent: {}
[7.846982] (serial_def_sdk) StdoutLine: {'line': b'-- Found rmw_implementation_cmake: 6.1.2 (/opt/ros/humble/share/rmw_implementation_cmake/cmake)\n'}
[7.851028] (serial_def_sdk) StdoutLine: {'line': b'-- Found rmw_fastrtps_cpp: 6.2.7 (/opt/ros/humble/share/rmw_fastrtps_cpp/cmake)\n'}
[7.923976] (-) TimerEvent: {}
[7.945072] (serial_def_sdk) StdoutLine: {'line': b'-- Found OpenSSL: /usr/lib/x86_64-linux-gnu/libcrypto.so (found version "3.0.2")\n'}
[7.973934] (serial_def_sdk) StdoutLine: {'line': b'-- Found FastRTPS: /opt/ros/humble/include\n'}
[8.011229] (serial_def_sdk) StdoutLine: {'line': b"-- Using RMW implementation 'rmw_fastrtps_cpp' as default\n"}
[8.023247] (serial_def_sdk) StdoutLine: {'line': b'-- Performing Test CMAKE_HAVE_LIBC_PTHREAD\n'}
[8.024034] (-) TimerEvent: {}
[8.085864] (serial_def_sdk) StdoutLine: {'line': b'-- Performing Test CMAKE_HAVE_LIBC_PTHREAD - Success\n'}
[8.086575] (serial_def_sdk) StdoutLine: {'line': b'-- Found Threads: TRUE\n'}
[8.124213] (-) TimerEvent: {}
[8.145883] (serial_def_sdk) StdoutLine: {'line': b'-- Found def_msg: 0.0.0 (/home/hjh/RMserial/install/def_msg/share/def_msg/cmake)\n'}
[8.184910] (serial_def_sdk) StdoutLine: {'line': b'-- Found vision_msg: 0.0.0 (/home/hjh/RMserial/install/vision_msg/share/vision_msg/cmake)\n'}
[8.199546] (serial_def_sdk) StdoutLine: {'line': b'-- Found rclcpp_action: 16.0.12 (/opt/ros/humble/share/rclcpp_action/cmake)\n'}
[8.211854] (serial_def_sdk) StdoutLine: {'line': b'-- Found geometry_msgs: 4.8.0 (/opt/ros/humble/share/geometry_msgs/cmake)\n'}
[8.224366] (-) TimerEvent: {}
[8.225332] (serial_def_sdk) StdoutLine: {'line': b'-- Found nav_msgs: 4.2.4 (/opt/ros/humble/share/nav_msgs/cmake)\n'}
[8.246616] (serial_def_sdk) StdoutLine: {'line': b'-- Found tf2: 0.25.11 (/opt/ros/humble/share/tf2/cmake)\n'}
[8.257948] (serial_def_sdk) StdoutLine: {'line': b'-- Found tf2_ros: 0.25.19 (/opt/ros/humble/share/tf2_ros/cmake)\n'}
[8.324565] (-) TimerEvent: {}
[8.327951] (serial_def_sdk) StdoutLine: {'line': b'-- Found sensor_msgs: 4.8.0 (/opt/ros/humble/share/sensor_msgs/cmake)\n'}
[8.349480] (serial_def_sdk) StdoutLine: {'line': b'-- Found example_interfaces: 0.9.3 (/opt/ros/humble/share/example_interfaces/cmake)\n'}
[8.366981] (serial_def_sdk) StdoutLine: {'line': b'-- Found std_srvs: 4.8.0 (/opt/ros/humble/share/std_srvs/cmake)\n'}
[8.377275] (serial_def_sdk) StdoutLine: {'line': b'-- Found pb_rm_interfaces: 0.0.0 (/home/hjh/RMserial/install/pb_rm_interfaces/share/pb_rm_interfaces/cmake)\n'}
[8.392262] (serial_def_sdk) StdoutLine: {'line': b'-- Found ament_lint_auto: 0.12.11 (/opt/ros/humble/share/ament_lint_auto/cmake)\n'}
[8.424801] (-) TimerEvent: {}
[8.459844] (serial_def_sdk) StdoutLine: {'line': b"-- Added test 'copyright' to check source files copyright and LICENSE\n"}
[8.461694] (serial_def_sdk) StdoutLine: {'line': b"-- Added test 'cppcheck' to perform static code analysis on C / C++ code\n"}
[8.461936] (serial_def_sdk) StdoutLine: {'line': b'-- Configured cppcheck include dirs: /home/hjh/RMserial/serial/serial_def_sdk/./include/serial;/home/hjh/RMserial/serial/serial_def_sdk/./uart\n'}
[8.462013] (serial_def_sdk) StdoutLine: {'line': b'-- Configured cppcheck exclude dirs and/or files: \n'}
[8.463643] (serial_def_sdk) StdoutLine: {'line': b"-- Added test 'cpplint' to check C / C++ code against the Google style\n"}
[8.463733] (serial_def_sdk) StdoutLine: {'line': b'-- Configured cpplint exclude dirs and/or files: \n'}
[8.464230] (serial_def_sdk) StdoutLine: {'line': b"-- Added test 'flake8' to check Python code syntax and style conventions\n"}
[8.464932] (serial_def_sdk) StdoutLine: {'line': b"-- Added test 'lint_cmake' to check CMake code style\n"}
[8.465592] (serial_def_sdk) StdoutLine: {'line': b"-- Added test 'pep257' to check Python code against some of the docstring style conventions in PEP 257\n"}
[8.467184] (serial_def_sdk) StdoutLine: {'line': b"-- Added test 'uncrustify' to check C / C++ code style\n"}
[8.467222] (serial_def_sdk) StdoutLine: {'line': b'-- Configured uncrustify additional arguments: \n'}
[8.467747] (serial_def_sdk) StdoutLine: {'line': b"-- Added test 'xmllint' to check XML markup files\n"}
[8.468722] (serial_def_sdk) StdoutLine: {'line': b'-- Configuring done (1.3s)\n'}
[8.486220] (serial_def_sdk) StdoutLine: {'line': b'-- Generating done (0.0s)\n'}
[8.512845] (serial_def_sdk) StdoutLine: {'line': b'-- Build files have been written to: /home/hjh/RMserial/build/serial_def_sdk\n'}
[8.521533] (serial_def_sdk) CommandEnded: {'returncode': 0}
[8.522632] (serial_def_sdk) JobProgress: {'identifier': 'serial_def_sdk', 'progress': 'build'}
[8.523659] (serial_def_sdk) Command: {'cmd': ['/usr/bin/cmake', '--build', '/home/hjh/RMserial/build/serial_def_sdk', '--', '-j16', '-l16'], 'cwd': '/home/hjh/RMserial/build/serial_def_sdk', 'env': OrderedDict([('LESSOPEN', '| /usr/bin/lesspipe %s'), ('HTTPS_PROXY', 'http://127.0.0.1:7890/'), ('no_proxy', 'localhost,127.0.0.1,::1'), ('LANGUAGE', 'zh_CN:en'), ('USER', 'hjh'), ('LC_TIME', 'zh_CN.UTF-8'), ('all_proxy', 'socks://127.0.0.1:7890/'), ('XDG_SESSION_TYPE', 'wayland'), ('SHLVL', '1'), ('LD_LIBRARY_PATH', '/home/hjh/RMserial/install/vision_msg/lib:/home/hjh/RMserial/install/pb_rm_interfaces/lib:/home/hjh/RMserial/install/def_msg/lib:/opt/ros/humble/opt/openvdb_vendor/lib:/home/hjh/ros2_ws/install/lib:/home/hjh/ros2_ws/install/lib:/usr/lib/x86_64-linux-gnu/gazebo-11/plugins:/opt/ros/humble/opt/rviz_ogre_vendor/lib:/opt/ros/humble/lib/x86_64-linux-gnu:/opt/ros/humble/lib'), ('HOME', '/home/hjh'), ('CONDA_SHLVL', '0'), ('DESKTOP_SESSION', 'ubuntu'), ('NO_PROXY', 'localhost,127.0.0.1,::1'), ('ROS_PYTHON_VERSION', '3'), ('GNOME_SHELL_SESSION_MODE', 'ubuntu'), ('GTK_MODULES', 'gail:atk-bridge'), ('LC_MONETARY', 'zh_CN.UTF-8'), ('DBUS_STARTER_BUS_TYPE', 'session'), ('SYSTEMD_EXEC_PID', '1746'), ('DBUS_SESSION_BUS_ADDRESS', 'unix:path=/run/user/1000/bus,guid=da9e182f6a398809d3ec8f1069c578ca'), ('COLORTERM', 'truecolor'), ('_CE_M', ''), ('IM_CONFIG_PHASE', '1'), ('WAYLAND_DISPLAY', 'wayland-0'), ('https_proxy', 'http://127.0.0.1:7890/'), ('ROS_DISTRO', 'humble'), ('GTK_IM_MODULE', 'fcitx'), ('LOGNAME', 'hjh'), ('ALL_PROXY', 'socks://127.0.0.1:7890/'), ('http_proxy', 'http://127.0.0.1:7890/'), ('_', '/usr/bin/colcon'), ('ROS_VERSION', '2'), ('XDG_SESSION_CLASS', 'user'), ('USERNAME', 'hjh'), ('TERM', 'xterm-256color'), ('GNOME_DESKTOP_SESSION_ID', 'this-is-deprecated'), ('_CE_CONDA', ''), ('ROS_LOCALHOST_ONLY', '0'), ('PATH', '/home/hjh/miniconda3/condabin:/opt/ros/humble/bin:/home/hjh/.local/bin:/usr/local/sbin:/usr/local/bin:/usr/sbin:/usr/bin:/sbin:/bin:/usr/games:/usr/local/games:/snap/bin:/snap/bin'), ('SESSION_MANAGER', 'local/hjh-Lenovo-G5000-IRH8:@/tmp/.ICE-unix/1746,unix/hjh-Lenovo-G5000-IRH8:/tmp/.ICE-unix/1746'), ('PAPERSIZE', 'a4'), ('XDG_MENU_PREFIX', 'gnome-'), ('LC_ADDRESS', 'zh_CN.UTF-8'), ('GNOME_TERMINAL_SCREEN', '/org/gnome/Terminal/screen/d4c127c6_0c8e_45b3_8c66_2cd1158f5318'), ('GNOME_SETUP_DISPLAY', ':1'), ('XDG_RUNTIME_DIR', '/run/user/1000'), ('DISPLAY', ':0'), ('LANG', 'zh_CN.UTF-8'), ('XDG_CURRENT_DESKTOP', 'ubuntu:GNOME'), ('LC_TELEPHONE', 'zh_CN.UTF-8'), ('XMODIFIERS', '@im=fcitx'), ('XDG_SESSION_DESKTOP', 'ubuntu'), ('XAUTHORITY', '/run/user/1000/.mutter-Xwaylandauth.3AY2M3'), ('LS_COLORS', 'rs=0:di=01;34:ln=01;36:mh=00:pi=40;33:so=01;35:do=01;35:bd=40;33;01:cd=40;33;01:or=40;31;01:mi=00:su=37;41:sg=30;43:ca=30;41:tw=30;42:ow=34;42:st=37;44:ex=01;32:*.tar=01;31:*.tgz=01;31:*.arc=01;31:*.arj=01;31:*.taz=01;31:*.lha=01;31:*.lz4=01;31:*.lzh=01;31:*.lzma=01;31:*.tlz=01;31:*.txz=01;31:*.tzo=01;31:*.t7z=01;31:*.zip=01;31:*.z=01;31:*.dz=01;31:*.gz=01;31:*.lrz=01;31:*.lz=01;31:*.lzo=01;31:*.xz=01;31:*.zst=01;31:*.tzst=01;31:*.bz2=01;31:*.bz=01;31:*.tbz=01;31:*.tbz2=01;31:*.tz=01;31:*.deb=01;31:*.rpm=01;31:*.jar=01;31:*.war=01;31:*.ear=01;31:*.sar=01;31:*.rar=01;31:*.alz=01;31:*.ace=01;31:*.zoo=01;31:*.cpio=01;31:*.7z=01;31:*.rz=01;31:*.cab=01;31:*.wim=01;31:*.swm=01;31:*.dwm=01;31:*.esd=01;31:*.jpg=01;35:*.jpeg=01;35:*.mjpg=01;35:*.mjpeg=01;35:*.gif=01;35:*.bmp=01;35:*.pbm=01;35:*.pgm=01;35:*.ppm=01;35:*.tga=01;35:*.xbm=01;35:*.xpm=01;35:*.tif=01;35:*.tiff=01;35:*.png=01;35:*.svg=01;35:*.svgz=01;35:*.mng=01;35:*.pcx=01;35:*.mov=01;35:*.mpg=01;35:*.mpeg=01;35:*.m2v=01;35:*.mkv=01;35:*.webm=01;35:*.webp=01;35:*.ogm=01;35:*.mp4=01;35:*.m4v=01;35:*.mp4v=01;35:*.vob=01;35:*.qt=01;35:*.nuv=01;35:*.wmv=01;35:*.asf=01;35:*.rm=01;35:*.rmvb=01;35:*.flc=01;35:*.avi=01;35:*.fli=01;35:*.flv=01;35:*.gl=01;35:*.dl=01;35:*.xcf=01;35:*.xwd=01;35:*.yuv=01;35:*.cgm=01;35:*.emf=01;35:*.ogv=01;35:*.ogx=01;35:*.aac=00;36:*.au=00;36:*.flac=00;36:*.m4a=00;36:*.mid=00;36:*.midi=00;36:*.mka=00;36:*.mp3=00;36:*.mpc=00;36:*.ogg=00;36:*.ra=00;36:*.wav=00;36:*.oga=00;36:*.opus=00;36:*.spx=00;36:*.xspf=00;36:'), ('GNOME_TERMINAL_SERVICE', ':1.102'), ('SSH_AGENT_LAUNCHER', 'gnome-keyring'), ('SSH_AUTH_SOCK', '/run/user/1000/keyring/ssh'), ('AMENT_PREFIX_PATH', '/home/hjh/RMserial/install/vision_msg:/home/hjh/RMserial/install/pb_rm_interfaces:/home/hjh/RMserial/install/def_msg:/opt/ros/humble'), ('CONDA_PYTHON_EXE', '/home/hjh/miniconda3/bin/python'), ('SHELL', '/bin/bash'), ('LC_NAME', 'zh_CN.UTF-8'), ('QT_ACCESSIBILITY', '1'), ('GDMSESSION', 'ubuntu'), ('LESSCLOSE', '/usr/bin/lesspipe %s %s'), ('LC_MEASUREMENT', 'zh_CN.UTF-8'), ('LC_IDENTIFICATION', 'zh_CN.UTF-8'), ('QT_IM_MODULE', 'fcitx'), ('PWD', '/home/hjh/RMserial/build/serial_def_sdk'), ('XDG_CONFIG_DIRS', '/etc/xdg/xdg-ubuntu:/etc/xdg'), ('CONDA_EXE', '/home/hjh/miniconda3/bin/conda'), ('CLUTTER_IM_MODULE', 'fcitx'), ('DBUS_STARTER_ADDRESS', 'unix:path=/run/user/1000/bus,guid=da9e182f6a398809d3ec8f1069c578ca'), ('XDG_DATA_DIRS', '/usr/share/ubuntu:/usr/local/share/:/usr/share/:/var/lib/snapd/desktop'), ('PYTHONPATH', '/home/hjh/RMserial/install/vision_msg/local/lib/python3.10/dist-packages:/home/hjh/RMserial/install/pb_rm_interfaces/local/lib/python3.10/dist-packages:/home/hjh/RMserial/install/def_msg/local/lib/python3.10/dist-packages:/opt/ros/humble/lib/python3.10/site-packages:/opt/ros/humble/local/lib/python3.10/dist-packages'), ('HTTP_PROXY', 'http://127.0.0.1:7890/'), ('LC_NUMERIC', 'en_US.UTF-8'), ('LC_PAPER', 'zh_CN.UTF-8'), ('COLCON', '1'), ('VTE_VERSION', '6800'), ('CMAKE_PREFIX_PATH', '/home/hjh/RMserial/install/vision_msg:/home/hjh/RMserial/install/pb_rm_interfaces:/home/hjh/RMserial/install/def_msg:/opt/ros/humble')]), 'shell': False}
[8.524855] (-) TimerEvent: {}
[8.552550] (serial_def_sdk) StdoutLine: {'line': b'[  9%] \x1b[32mBuilding CXX object CMakeFiles/uart.dir/src/base_controller.cpp.o\x1b[0m\n'}
[8.553367] (serial_def_sdk) StdoutLine: {'line': b'[ 18%] \x1b[32mBuilding CXX object CMakeFiles/talker.dir/src/publisher.cpp.o\x1b[0m\n'}
[8.553597] (serial_def_sdk) StdoutLine: {'line': b'[ 27%] \x1b[32mBuilding C object CMakeFiles/uart.dir/uart/crc16.c.o\x1b[0m\n'}
[8.553801] (serial_def_sdk) StdoutLine: {'line': b'[ 36%] \x1b[32mBuilding CXX object CMakeFiles/uart.dir/uart/SeaskyProtocol.cpp.o\x1b[0m\n'}
[8.554075] (serial_def_sdk) StdoutLine: {'line': b'[ 54%] \x1b[32mBuilding CXX object CMakeFiles/uart.dir/uart/uart_interface.cpp.o\x1b[0m\n'}
[8.554153] (serial_def_sdk) StdoutLine: {'line': b'[ 45%] \x1b[32mBuilding CXX object CMakeFiles/uart.dir/uart/SerialDriver.cpp.o\x1b[0m\n'}
[8.554340] (serial_def_sdk) StdoutLine: {'line': b'[ 63%] \x1b[32mBuilding C object CMakeFiles/uart.dir/uart/DataType.c.o\x1b[0m\n'}
[8.554645] (serial_def_sdk) StdoutLine: {'line': b'[ 72%] \x1b[32mBuilding C object CMakeFiles/uart.dir/uart/crc8.c.o\x1b[0m\n'}
[8.555818] (serial_def_sdk) StdoutLine: {'line': b'[ 81%] \x1b[32mBuilding CXX object CMakeFiles/uart.dir/uart/seasky_communicator.cpp.o\x1b[0m\n'}
[8.624996] (-) TimerEvent: {}
[8.725323] (-) TimerEvent: {}
[8.825842] (-) TimerEvent: {}
[8.926132] (-) TimerEvent: {}
[9.026547] (-) TimerEvent: {}
[9.060637] (serial_def_sdk) StderrLine: {'line': b'In file included from \x1b[01m\x1b[K/home/hjh/RMserial/serial/serial_def_sdk/uart/seasky_communicator.hpp:9\x1b[m\x1b[K,\n'}
[9.060863] (serial_def_sdk) StderrLine: {'line': b'                 from \x1b[01m\x1b[K/home/hjh/RMserial/serial/serial_def_sdk/uart/seasky_communicator.cpp:1\x1b[m\x1b[K:\n'}
[9.060960] (serial_def_sdk) StderrLine: {'line': b'\x1b[01m\x1b[K/home/hjh/RMserial/serial/serial_def_sdk/uart/uart_hd.h:\x1b[m\x1b[K In constructor \xe2\x80\x98\x1b[01m\x1b[KUartLinux::UartLinux(std::string, int, char, int, int)\x1b[m\x1b[K\xe2\x80\x99:\n'}
[9.061039] (serial_def_sdk) StderrLine: {'line': b'\x1b[01m\x1b[K/home/hjh/RMserial/serial/serial_def_sdk/uart/uart_hd.h:17:22:\x1b[m\x1b[K \x1b[01;35m\x1b[Kwarning: \x1b[m\x1b[Kunused parameter \xe2\x80\x98\x1b[01m\x1b[Kuart_name\x1b[m\x1b[K\xe2\x80\x99 [\x1b[01;35m\x1b[K\x1b]8;;https://gcc.gnu.org/onlinedocs/gcc/Warning-Options.html#index-Wunused-parameter\x07-Wunused-parameter\x1b]8;;\x07\x1b[m\x1b[K]\n'}
[9.061119] (serial_def_sdk) StderrLine: {'line': b'   17 |     UartLinux(\x1b[01;35m\x1b[Kstring uart_name = "/dev/ttyUSB0"\x1b[m\x1b[K, int nSpeed = 115200, char nEvent = \'N\', int nBits = 8, int nStop = 1) {}\n'}
[9.061198] (serial_def_sdk) StderrLine: {'line': b'      |               \x1b[01;35m\x1b[K~~~~~~~^~~~~~~~~~~~~~~~~~~~~~~~~~\x1b[m\x1b[K\n'}
[9.061273] (serial_def_sdk) StderrLine: {'line': b'\x1b[01m\x1b[K/home/hjh/RMserial/serial/serial_def_sdk/uart/uart_hd.h:17:54:\x1b[m\x1b[K \x1b[01;35m\x1b[Kwarning: \x1b[m\x1b[Kunused parameter \xe2\x80\x98\x1b[01m\x1b[KnSpeed\x1b[m\x1b[K\xe2\x80\x99 [\x1b[01;35m\x1b[K\x1b]8;;https://gcc.gnu.org/onlinedocs/gcc/Warning-Options.html#index-Wunused-parameter\x07-Wunused-parameter\x1b]8;;\x07\x1b[m\x1b[K]\n'}
[9.061344] (serial_def_sdk) StderrLine: {'line': b'   17 |     UartLinux(string uart_name = "/dev/ttyUSB0", \x1b[01;35m\x1b[Kint nSpeed = 115200\x1b[m\x1b[K, char nEvent = \'N\', int nBits = 8, int nStop = 1) {}\n'}
[9.061419] (serial_def_sdk) StderrLine: {'line': b'      |                                                  \x1b[01;35m\x1b[K~~~~^~~~~~~~~~~~~~~\x1b[m\x1b[K\n'}
[9.061493] (serial_def_sdk) StderrLine: {'line': b'\x1b[01m\x1b[K/home/hjh/RMserial/serial/serial_def_sdk/uart/uart_hd.h:17:76:\x1b[m\x1b[K \x1b[01;35m\x1b[Kwarning: \x1b[m\x1b[Kunused parameter \xe2\x80\x98\x1b[01m\x1b[KnEvent\x1b[m\x1b[K\xe2\x80\x99 [\x1b[01;35m\x1b[K\x1b]8;;https://gcc.gnu.org/onlinedocs/gcc/Warning-Options.html#index-Wunused-parameter\x07-Wunused-parameter\x1b]8;;\x07\x1b[m\x1b[K]\n'}
[9.061574] (serial_def_sdk) StderrLine: {'line': b'   17 |     UartLinux(string uart_name = "/dev/ttyUSB0", int nSpeed = 115200, \x1b[01;35m\x1b[Kchar nEvent = \'N\'\x1b[m\x1b[K, int nBits = 8, int nStop = 1) {}\n'}
[9.061647] (serial_def_sdk) StderrLine: {'line': b'      |                                                                       \x1b[01;35m\x1b[K~~~~~^~~~~~~~~~~~\x1b[m\x1b[K\n'}
[9.061737] (serial_def_sdk) StderrLine: {'line': b'\x1b[01m\x1b[K/home/hjh/RMserial/serial/serial_def_sdk/uart/uart_hd.h:17:94:\x1b[m\x1b[K \x1b[01;35m\x1b[Kwarning: \x1b[m\x1b[Kunused parameter \xe2\x80\x98\x1b[01m\x1b[KnBits\x1b[m\x1b[K\xe2\x80\x99 [\x1b[01;35m\x1b[K\x1b]8;;https://gcc.gnu.org/onlinedocs/gcc/Warning-Options.html#index-Wunused-parameter\x07-Wunused-parameter\x1b]8;;\x07\x1b[m\x1b[K]\n'}
[9.061817] (serial_def_sdk) StderrLine: {'line': b'   17 |     UartLinux(string uart_name = "/dev/ttyUSB0", int nSpeed = 115200, char nEvent = \'N\', \x1b[01;35m\x1b[Kint nBits = 8\x1b[m\x1b[K, int nStop = 1) {}\n'}
[9.061896] (serial_def_sdk) StderrLine: {'line': b'      |                                                                                          \x1b[01;35m\x1b[K~~~~^~~~~~~~~\x1b[m\x1b[K\n'}
[9.061973] (serial_def_sdk) StderrLine: {'line': b'\x1b[01m\x1b[K/home/hjh/RMserial/serial/serial_def_sdk/uart/uart_hd.h:17:109:\x1b[m\x1b[K \x1b[01;35m\x1b[Kwarning: \x1b[m\x1b[Kunused parameter \xe2\x80\x98\x1b[01m\x1b[KnStop\x1b[m\x1b[K\xe2\x80\x99 [\x1b[01;35m\x1b[K\x1b]8;;https://gcc.gnu.org/onlinedocs/gcc/Warning-Options.html#index-Wunused-parameter\x07-Wunused-parameter\x1b]8;;\x07\x1b[m\x1b[K]\n'}
[9.062051] (serial_def_sdk) StderrLine: {'line': b'   17 |     UartLinux(string uart_name = "/dev/ttyUSB0", int nSpeed = 115200, char nEvent = \'N\', int nBits = 8, \x1b[01;35m\x1b[Kint nStop = 1\x1b[m\x1b[K) {}\n'}
[9.062127] (serial_def_sdk) StderrLine: {'line': b'      |                                                                                                         \x1b[01;35m\x1b[K~~~~^~~~~~~~~\x1b[m\x1b[K\n'}
[9.064841] (serial_def_sdk) StderrLine: {'line': b'\x1b[01m\x1b[K/home/hjh/RMserial/serial/serial_def_sdk/uart/seasky_communicator.cpp:\x1b[m\x1b[K In member function \xe2\x80\x98\x1b[01m\x1b[Kvoid SeaskyCommunicator::pollingLoop()\x1b[m\x1b[K\xe2\x80\x99:\n'}
[9.065040] (serial_def_sdk) StderrLine: {'line': b'\x1b[01m\x1b[K/home/hjh/RMserial/serial/serial_def_sdk/uart/seasky_communicator.cpp:63:10:\x1b[m\x1b[K \x1b[01;35m\x1b[Kwarning: \x1b[m\x1b[Kunused variable \xe2\x80\x98\x1b[01m\x1b[Klast_fire\x1b[m\x1b[K\xe2\x80\x99 [\x1b[01;35m\x1b[K\x1b]8;;https://gcc.gnu.org/onlinedocs/gcc/Warning-Options.html#index-Wunused-variable\x07-Wunused-variable\x1b]8;;\x07\x1b[m\x1b[K]\n'}
[9.065129] (serial_def_sdk) StderrLine: {'line': b'   63 |     bool \x1b[01;35m\x1b[Klast_fire\x1b[m\x1b[K = gimbal_receive.fire; // \xe6\x96\xb0\xe5\xa2\x9e\n'}
[9.065220] (serial_def_sdk) StderrLine: {'line': b'      |          \x1b[01;35m\x1b[K^~~~~~~~~\x1b[m\x1b[K\n'}
[9.126783] (-) TimerEvent: {}
[9.149500] (serial_def_sdk) StderrLine: {'line': b'In file included from \x1b[01m\x1b[K/home/hjh/RMserial/serial/serial_def_sdk/uart/uart_interface.cpp:14\x1b[m\x1b[K:\n'}
[9.149717] (serial_def_sdk) StderrLine: {'line': b'\x1b[01m\x1b[K/home/hjh/RMserial/serial/serial_def_sdk/uart/uart_hd.h:\x1b[m\x1b[K In constructor \xe2\x80\x98\x1b[01m\x1b[KUartLinux::UartLinux(std::string, int, char, int, int)\x1b[m\x1b[K\xe2\x80\x99:\n'}
[9.149813] (serial_def_sdk) StderrLine: {'line': b'\x1b[01m\x1b[K/home/hjh/RMserial/serial/serial_def_sdk/uart/uart_hd.h:17:22:\x1b[m\x1b[K \x1b[01;35m\x1b[Kwarning: \x1b[m\x1b[Kunused parameter \xe2\x80\x98\x1b[01m\x1b[Kuart_name\x1b[m\x1b[K\xe2\x80\x99 [\x1b[01;35m\x1b[K\x1b]8;;https://gcc.gnu.org/onlinedocs/gcc/Warning-Options.html#index-Wunused-parameter\x07-Wunused-parameter\x1b]8;;\x07\x1b[m\x1b[K]\n'}
[9.149903] (serial_def_sdk) StderrLine: {'line': b'   17 |     UartLinux(\x1b[01;35m\x1b[Kstring uart_name = "/dev/ttyUSB0"\x1b[m\x1b[K, int nSpeed = 115200, char nEvent = \'N\', int nBits = 8, int nStop = 1) {}\n'}
[9.149985] (serial_def_sdk) StderrLine: {'line': b'      |               \x1b[01;35m\x1b[K~~~~~~~^~~~~~~~~~~~~~~~~~~~~~~~~~\x1b[m\x1b[K\n'}
[9.150058] (serial_def_sdk) StderrLine: {'line': b'\x1b[01m\x1b[K/home/hjh/RMserial/serial/serial_def_sdk/uart/uart_hd.h:17:54:\x1b[m\x1b[K \x1b[01;35m\x1b[Kwarning: \x1b[m\x1b[Kunused parameter \xe2\x80\x98\x1b[01m\x1b[KnSpeed\x1b[m\x1b[K\xe2\x80\x99 [\x1b[01;35m\x1b[K\x1b]8;;https://gcc.gnu.org/onlinedocs/gcc/Warning-Options.html#index-Wunused-parameter\x07-Wunused-parameter\x1b]8;;\x07\x1b[m\x1b[K]\n'}
[9.150134] (serial_def_sdk) StderrLine: {'line': b'   17 |     UartLinux(string uart_name = "/dev/ttyUSB0", \x1b[01;35m\x1b[Kint nSpeed = 115200\x1b[m\x1b[K, char nEvent = \'N\', int nBits = 8, int nStop = 1) {}\n'}
[9.150207] (serial_def_sdk) StderrLine: {'line': b'      |                                                  \x1b[01;35m\x1b[K~~~~^~~~~~~~~~~~~~~\x1b[m\x1b[K\n'}
[9.150279] (serial_def_sdk) StderrLine: {'line': b'\x1b[01m\x1b[K/home/hjh/RMserial/serial/serial_def_sdk/uart/uart_hd.h:17:76:\x1b[m\x1b[K \x1b[01;35m\x1b[Kwarning: \x1b[m\x1b[Kunused parameter \xe2\x80\x98\x1b[01m\x1b[KnEvent\x1b[m\x1b[K\xe2\x80\x99 [\x1b[01;35m\x1b[K\x1b]8;;https://gcc.gnu.org/onlinedocs/gcc/Warning-Options.html#index-Wunused-parameter\x07-Wunused-parameter\x1b]8;;\x07\x1b[m\x1b[K]\n'}
[9.150352] (serial_def_sdk) StderrLine: {'line': b'   17 |     UartLinux(string uart_name = "/dev/ttyUSB0", int nSpeed = 115200, \x1b[01;35m\x1b[Kchar nEvent = \'N\'\x1b[m\x1b[K, int nBits = 8, int nStop = 1) {}\n'}
[9.150424] (serial_def_sdk) StderrLine: {'line': b'      |                                                                       \x1b[01;35m\x1b[K~~~~~^~~~~~~~~~~~\x1b[m\x1b[K\n'}
[9.150495] (serial_def_sdk) StderrLine: {'line': b'\x1b[01m\x1b[K/home/hjh/RMserial/serial/serial_def_sdk/uart/uart_hd.h:17:94:\x1b[m\x1b[K \x1b[01;35m\x1b[Kwarning: \x1b[m\x1b[Kunused parameter \xe2\x80\x98\x1b[01m\x1b[KnBits\x1b[m\x1b[K\xe2\x80\x99 [\x1b[01;35m\x1b[K\x1b]8;;https://gcc.gnu.org/onlinedocs/gcc/Warning-Options.html#index-Wunused-parameter\x07-Wunused-parameter\x1b]8;;\x07\x1b[m\x1b[K]\n'}
[9.150569] (serial_def_sdk) StderrLine: {'line': b'   17 |     UartLinux(string uart_name = "/dev/ttyUSB0", int nSpeed = 115200, char nEvent = \'N\', \x1b[01;35m\x1b[Kint nBits = 8\x1b[m\x1b[K, int nStop = 1) {}\n'}
[9.150640] (serial_def_sdk) StderrLine: {'line': b'      |                                                                                          \x1b[01;35m\x1b[K~~~~^~~~~~~~~\x1b[m\x1b[K\n'}
[9.150724] (serial_def_sdk) StderrLine: {'line': b'\x1b[01m\x1b[K/home/hjh/RMserial/serial/serial_def_sdk/uart/uart_hd.h:17:109:\x1b[m\x1b[K \x1b[01;35m\x1b[Kwarning: \x1b[m\x1b[Kunused parameter \xe2\x80\x98\x1b[01m\x1b[KnStop\x1b[m\x1b[K\xe2\x80\x99 [\x1b[01;35m\x1b[K\x1b]8;;https://gcc.gnu.org/onlinedocs/gcc/Warning-Options.html#index-Wunused-parameter\x07-Wunused-parameter\x1b]8;;\x07\x1b[m\x1b[K]\n'}
[9.150801] (serial_def_sdk) StderrLine: {'line': b'   17 |     UartLinux(string uart_name = "/dev/ttyUSB0", int nSpeed = 115200, char nEvent = \'N\', int nBits = 8, \x1b[01;35m\x1b[Kint nStop = 1\x1b[m\x1b[K) {}\n'}
[9.150872] (serial_def_sdk) StderrLine: {'line': b'      |                                                                                                         \x1b[01;35m\x1b[K~~~~^~~~~~~~~\x1b[m\x1b[K\n'}
[9.154115] (serial_def_sdk) StderrLine: {'line': b'\x1b[01m\x1b[K/home/hjh/RMserial/serial/serial_def_sdk/uart/uart_interface.cpp:\x1b[m\x1b[K In function \xe2\x80\x98\x1b[01m\x1b[Kvoid defUartRead(uint8_t*, int)\x1b[m\x1b[K\xe2\x80\x99:\n'}
[9.154347] (serial_def_sdk) StderrLine: {'line': b'\x1b[01m\x1b[K/home/hjh/RMserial/serial/serial_def_sdk/uart/uart_interface.cpp:77:27:\x1b[m\x1b[K \x1b[01;35m\x1b[Kwarning: \x1b[m\x1b[Kunused parameter \xe2\x80\x98\x1b[01m\x1b[Kreadbuff\x1b[m\x1b[K\xe2\x80\x99 [\x1b[01;35m\x1b[K\x1b]8;;https://gcc.gnu.org/onlinedocs/gcc/Warning-Options.html#index-Wunused-parameter\x07-Wunused-parameter\x1b]8;;\x07\x1b[m\x1b[K]\n'}
[9.154459] (serial_def_sdk) StderrLine: {'line': b'   77 | void defUartRead(\x1b[01;35m\x1b[Kuint8_t* readbuff\x1b[m\x1b[K, int nread) {\n'}
[9.154539] (serial_def_sdk) StderrLine: {'line': b'      |                  \x1b[01;35m\x1b[K~~~~~~~~~^~~~~~~~\x1b[m\x1b[K\n'}
[9.154616] (serial_def_sdk) StderrLine: {'line': b'\x1b[01m\x1b[K/home/hjh/RMserial/serial/serial_def_sdk/uart/uart_interface.cpp:77:41:\x1b[m\x1b[K \x1b[01;35m\x1b[Kwarning: \x1b[m\x1b[Kunused parameter \xe2\x80\x98\x1b[01m\x1b[Knread\x1b[m\x1b[K\xe2\x80\x99 [\x1b[01;35m\x1b[K\x1b]8;;https://gcc.gnu.org/onlinedocs/gcc/Warning-Options.html#index-Wunused-parameter\x07-Wunused-parameter\x1b]8;;\x07\x1b[m\x1b[K]\n'}
[9.154707] (serial_def_sdk) StderrLine: {'line': b'   77 | void defUartRead(uint8_t* readbuff, \x1b[01;35m\x1b[Kint nread\x1b[m\x1b[K) {\n'}
[9.154789] (serial_def_sdk) StderrLine: {'line': b'      |                                     \x1b[01;35m\x1b[K~~~~^~~~~\x1b[m\x1b[K\n'}
[9.154863] (serial_def_sdk) StderrLine: {'line': b'\x1b[01m\x1b[K/home/hjh/RMserial/serial/serial_def_sdk/uart/uart_interface.cpp:\x1b[m\x1b[K In function \xe2\x80\x98\x1b[01m\x1b[Kvoid print_frame(const char*, uint8_t*, int)\x1b[m\x1b[K\xe2\x80\x99:\n'}
[9.154945] (serial_def_sdk) StderrLine: {'line': b'\x1b[01m\x1b[K/home/hjh/RMserial/serial/serial_def_sdk/uart/uart_interface.cpp:84:30:\x1b[m\x1b[K \x1b[01;35m\x1b[Kwarning: \x1b[m\x1b[Kunused parameter \xe2\x80\x98\x1b[01m\x1b[Kdesc\x1b[m\x1b[K\xe2\x80\x99 [\x1b[01;35m\x1b[K\x1b]8;;https://gcc.gnu.org/onlinedocs/gcc/Warning-Options.html#index-Wunused-parameter\x07-Wunused-parameter\x1b]8;;\x07\x1b[m\x1b[K]\n'}
[9.155031] (serial_def_sdk) StderrLine: {'line': b'   84 | void print_frame(\x1b[01;35m\x1b[Kconst char *desc\x1b[m\x1b[K, uint8_t *buf, int size) {}\n'}
[9.155105] (serial_def_sdk) StderrLine: {'line': b'      |                  \x1b[01;35m\x1b[K~~~~~~~~~~~~^~~~\x1b[m\x1b[K\n'}
[9.155178] (serial_def_sdk) StderrLine: {'line': b'\x1b[01m\x1b[K/home/hjh/RMserial/serial/serial_def_sdk/uart/uart_interface.cpp:84:45:\x1b[m\x1b[K \x1b[01;35m\x1b[Kwarning: \x1b[m\x1b[Kunused parameter \xe2\x80\x98\x1b[01m\x1b[Kbuf\x1b[m\x1b[K\xe2\x80\x99 [\x1b[01;35m\x1b[K\x1b]8;;https://gcc.gnu.org/onlinedocs/gcc/Warning-Options.html#index-Wunused-parameter\x07-Wunused-parameter\x1b]8;;\x07\x1b[m\x1b[K]\n'}
[9.155254] (serial_def_sdk) StderrLine: {'line': b'   84 | void print_frame(const char *desc, \x1b[01;35m\x1b[Kuint8_t *buf\x1b[m\x1b[K, int size) {}\n'}
[9.155328] (serial_def_sdk) StderrLine: {'line': b'      |                                    \x1b[01;35m\x1b[K~~~~~~~~~^~~\x1b[m\x1b[K\n'}
[9.155400] (serial_def_sdk) StderrLine: {'line': b'\x1b[01m\x1b[K/home/hjh/RMserial/serial/serial_def_sdk/uart/uart_interface.cpp:84:54:\x1b[m\x1b[K \x1b[01;35m\x1b[Kwarning: \x1b[m\x1b[Kunused parameter \xe2\x80\x98\x1b[01m\x1b[Ksize\x1b[m\x1b[K\xe2\x80\x99 [\x1b[01;35m\x1b[K\x1b]8;;https://gcc.gnu.org/onlinedocs/gcc/Warning-Options.html#index-Wunused-parameter\x07-Wunused-parameter\x1b]8;;\x07\x1b[m\x1b[K]\n'}
[9.155476] (serial_def_sdk) StderrLine: {'line': b'   84 | void print_frame(const char *desc, uint8_t *buf, \x1b[01;35m\x1b[Kint size\x1b[m\x1b[K) {}\n'}
[9.155548] (serial_def_sdk) StderrLine: {'line': b'      |                                                  \x1b[01;35m\x1b[K~~~~^~~~\x1b[m\x1b[K\n'}
[9.155621] (serial_def_sdk) StderrLine: {'line': b'\x1b[01m\x1b[K/home/hjh/RMserial/serial/serial_def_sdk/uart/uart_interface.cpp:\x1b[m\x1b[K In function \xe2\x80\x98\x1b[01m\x1b[Kbool WriteDataWapper(const unsigned char*, unsigned int)\x1b[m\x1b[K\xe2\x80\x99:\n'}
[9.155711] (serial_def_sdk) StderrLine: {'line': b'\x1b[01m\x1b[K/home/hjh/RMserial/serial/serial_def_sdk/uart/uart_interface.cpp:85:43:\x1b[m\x1b[K \x1b[01;35m\x1b[Kwarning: \x1b[m\x1b[Kunused parameter \xe2\x80\x98\x1b[01m\x1b[KpData\x1b[m\x1b[K\xe2\x80\x99 [\x1b[01;35m\x1b[K\x1b]8;;https://gcc.gnu.org/onlinedocs/gcc/Warning-Options.html#index-Wunused-parameter\x07-Wunused-parameter\x1b]8;;\x07\x1b[m\x1b[K]\n'}
[9.155800] (serial_def_sdk) StderrLine: {'line': b'   85 | bool WriteDataWapper(\x1b[01;35m\x1b[Kconst unsigned char* pData\x1b[m\x1b[K, unsigned int length) { return false; }\n'}
[9.155874] (serial_def_sdk) StderrLine: {'line': b'      |                      \x1b[01;35m\x1b[K~~~~~~~~~~~~~~~~~~~~~^~~~~\x1b[m\x1b[K\n'}
[9.155947] (serial_def_sdk) StderrLine: {'line': b'\x1b[01m\x1b[K/home/hjh/RMserial/serial/serial_def_sdk/uart/uart_interface.cpp:85:63:\x1b[m\x1b[K \x1b[01;35m\x1b[Kwarning: \x1b[m\x1b[Kunused parameter \xe2\x80\x98\x1b[01m\x1b[Klength\x1b[m\x1b[K\xe2\x80\x99 [\x1b[01;35m\x1b[K\x1b]8;;https://gcc.gnu.org/onlinedocs/gcc/Warning-Options.html#index-Wunused-parameter\x07-Wunused-parameter\x1b]8;;\x07\x1b[m\x1b[K]\n'}
[9.156022] (serial_def_sdk) StderrLine: {'line': b'   85 | bool WriteDataWapper(const unsigned char* pData, \x1b[01;35m\x1b[Kunsigned int length\x1b[m\x1b[K) { return false; }\n'}
[9.156095] (serial_def_sdk) StderrLine: {'line': b'      |                                                  \x1b[01;35m\x1b[K~~~~~~~~~~~~~^~~~~~\x1b[m\x1b[K\n'}
[9.226887] (-) TimerEvent: {}
[9.327213] (-) TimerEvent: {}
[9.427524] (-) TimerEvent: {}
[9.527836] (-) TimerEvent: {}
[9.628153] (-) TimerEvent: {}
[9.728487] (-) TimerEvent: {}
[9.828781] (-) TimerEvent: {}
[9.929094] (-) TimerEvent: {}
[10.029420] (-) TimerEvent: {}
[10.129792] (-) TimerEvent: {}
[10.230079] (-) TimerEvent: {}
[10.305963] (serial_def_sdk) StderrLine: {'line': b'In file included from \x1b[01m\x1b[K/home/hjh/RMserial/serial/serial_def_sdk/./include/serial/base_controller.h:25\x1b[m\x1b[K,\n'}
[10.306162] (serial_def_sdk) StderrLine: {'line': b'                 from \x1b[01m\x1b[K/home/hjh/RMserial/serial/serial_def_sdk/src/base_controller.cpp:1\x1b[m\x1b[K:\n'}
[10.306252] (serial_def_sdk) StderrLine: {'line': b'\x1b[01m\x1b[K/home/hjh/RMserial/serial/serial_def_sdk/./uart/uart_hd.h:\x1b[m\x1b[K In constructor \xe2\x80\x98\x1b[01m\x1b[KUartLinux::UartLinux(std::string, int, char, int, int)\x1b[m\x1b[K\xe2\x80\x99:\n'}
[10.306334] (serial_def_sdk) StderrLine: {'line': b'\x1b[01m\x1b[K/home/hjh/RMserial/serial/serial_def_sdk/./uart/uart_hd.h:17:22:\x1b[m\x1b[K \x1b[01;35m\x1b[Kwarning: \x1b[m\x1b[Kunused parameter \xe2\x80\x98\x1b[01m\x1b[Kuart_name\x1b[m\x1b[K\xe2\x80\x99 [\x1b[01;35m\x1b[K\x1b]8;;https://gcc.gnu.org/onlinedocs/gcc/Warning-Options.html#index-Wunused-parameter\x07-Wunused-parameter\x1b]8;;\x07\x1b[m\x1b[K]\n'}
[10.306417] (serial_def_sdk) StderrLine: {'line': b'   17 |     UartLinux(\x1b[01;35m\x1b[Kstring uart_name = "/dev/ttyUSB0"\x1b[m\x1b[K, int nSpeed = 115200, char nEvent = \'N\', int nBits = 8, int nStop = 1) {}\n'}
[10.306495] (serial_def_sdk) StderrLine: {'line': b'      |               \x1b[01;35m\x1b[K~~~~~~~^~~~~~~~~~~~~~~~~~~~~~~~~~\x1b[m\x1b[K\n'}
[10.306571] (serial_def_sdk) StderrLine: {'line': b'\x1b[01m\x1b[K/home/hjh/RMserial/serial/serial_def_sdk/./uart/uart_hd.h:17:54:\x1b[m\x1b[K \x1b[01;35m\x1b[Kwarning: \x1b[m\x1b[Kunused parameter \xe2\x80\x98\x1b[01m\x1b[KnSpeed\x1b[m\x1b[K\xe2\x80\x99 [\x1b[01;35m\x1b[K\x1b]8;;https://gcc.gnu.org/onlinedocs/gcc/Warning-Options.html#index-Wunused-parameter\x07-Wunused-parameter\x1b]8;;\x07\x1b[m\x1b[K]\n'}
[10.306649] (serial_def_sdk) StderrLine: {'line': b'   17 |     UartLinux(string uart_name = "/dev/ttyUSB0", \x1b[01;35m\x1b[Kint nSpeed = 115200\x1b[m\x1b[K, char nEvent = \'N\', int nBits = 8, int nStop = 1) {}\n'}
[10.306750] (serial_def_sdk) StderrLine: {'line': b'      |                                                  \x1b[01;35m\x1b[K~~~~^~~~~~~~~~~~~~~\x1b[m\x1b[K\n'}
[10.306831] (serial_def_sdk) StderrLine: {'line': b'\x1b[01m\x1b[K/home/hjh/RMserial/serial/serial_def_sdk/./uart/uart_hd.h:17:76:\x1b[m\x1b[K \x1b[01;35m\x1b[Kwarning: \x1b[m\x1b[Kunused parameter \xe2\x80\x98\x1b[01m\x1b[KnEvent\x1b[m\x1b[K\xe2\x80\x99 [\x1b[01;35m\x1b[K\x1b]8;;https://gcc.gnu.org/onlinedocs/gcc/Warning-Options.html#index-Wunused-parameter\x07-Wunused-parameter\x1b]8;;\x07\x1b[m\x1b[K]\n'}
[10.306935] (serial_def_sdk) StderrLine: {'line': b'   17 | tring uart_name = "/dev/ttyUSB0", int nSpeed = 115200, \x1b[01;35m\x1b[Kchar nEvent = \'N\'\x1b[m\x1b[K, int nBits = 8, int nStop = 1) {}\n'}
[10.307026] (serial_def_sdk) StderrLine: {'line': b'      |                                                        \x1b[01;35m\x1b[K~~~~~^~~~~~~~~~~~\x1b[m\x1b[K\n'}
[10.307105] (serial_def_sdk) StderrLine: {'line': b'\n'}
[10.307183] (serial_def_sdk) StderrLine: {'line': b'\x1b[01m\x1b[K/home/hjh/RMserial/serial/serial_def_sdk/./uart/uart_hd.h:17:94:\x1b[m\x1b[K \x1b[01;35m\x1b[Kwarning: \x1b[m\x1b[Kunused parameter \xe2\x80\x98\x1b[01m\x1b[KnBits\x1b[m\x1b[K\xe2\x80\x99 [\x1b[01;35m\x1b[K\x1b]8;;https://gcc.gnu.org/onlinedocs/gcc/Warning-Options.html#index-Wunused-parameter\x07-Wunused-parameter\x1b]8;;\x07\x1b[m\x1b[K]\n'}
[10.307266] (serial_def_sdk) StderrLine: {'line': b'   17 | "/dev/ttyUSB0", int nSpeed = 115200, char nEvent = \'N\', \x1b[01;35m\x1b[Kint nBits = 8\x1b[m\x1b[K, int nStop = 1) {}\n'}
[10.307345] (serial_def_sdk) StderrLine: {'line': b'      |                                                         \x1b[01;35m\x1b[K~~~~^~~~~~~~~\x1b[m\x1b[K\n'}
[10.307422] (serial_def_sdk) StderrLine: {'line': b'\n'}
[10.307500] (serial_def_sdk) StderrLine: {'line': b'\x1b[01m\x1b[K/home/hjh/RMserial/serial/serial_def_sdk/./uart/uart_hd.h:17:109:\x1b[m\x1b[K \x1b[01;35m\x1b[Kwarning: \x1b[m\x1b[Kunused parameter \xe2\x80\x98\x1b[01m\x1b[KnStop\x1b[m\x1b[K\xe2\x80\x99 [\x1b[01;35m\x1b[K\x1b]8;;https://gcc.gnu.org/onlinedocs/gcc/Warning-Options.html#index-Wunused-parameter\x07-Wunused-parameter\x1b]8;;\x07\x1b[m\x1b[K]\n'}
[10.307578] (serial_def_sdk) StderrLine: {'line': b"   17 |  int nSpeed = 115200, char nEvent = 'N', int nBits = 8, \x1b[01;35m\x1b[Kint nStop = 1\x1b[m\x1b[K) {}\n"}
[10.307651] (serial_def_sdk) StderrLine: {'line': b'      |                                                         \x1b[01;35m\x1b[K~~~~^~~~~~~~~\x1b[m\x1b[K\n'}
[10.307741] (serial_def_sdk) StderrLine: {'line': b'\n'}
[10.330182] (-) TimerEvent: {}
[10.430521] (-) TimerEvent: {}
[10.530890] (-) TimerEvent: {}
[10.631209] (-) TimerEvent: {}
[10.731504] (-) TimerEvent: {}
[10.831874] (-) TimerEvent: {}
[10.932185] (-) TimerEvent: {}
[11.032584] (-) TimerEvent: {}
[11.132893] (-) TimerEvent: {}
[11.233222] (-) TimerEvent: {}
[11.333620] (-) TimerEvent: {}
[11.433911] (-) TimerEvent: {}
[11.534193] (-) TimerEvent: {}
[11.634590] (-) TimerEvent: {}
[11.706324] (serial_def_sdk) StdoutLine: {'line': b'[ 90%] \x1b[1m\x1b[32mLinking CXX executable talker\x1b[0m\n'}
[11.734774] (-) TimerEvent: {}
[11.835060] (-) TimerEvent: {}
[11.854234] (serial_def_sdk) StdoutLine: {'line': b'[ 90%] Built target talker\n'}
[11.935164] (-) TimerEvent: {}
[12.035528] (-) TimerEvent: {}
[12.135820] (-) TimerEvent: {}
[12.236205] (-) TimerEvent: {}
[12.336513] (-) TimerEvent: {}
[12.436871] (-) TimerEvent: {}
[12.537193] (-) TimerEvent: {}
[12.637610] (-) TimerEvent: {}
[12.737903] (-) TimerEvent: {}
[12.838342] (-) TimerEvent: {}
[12.938748] (-) TimerEvent: {}
[13.039205] (-) TimerEvent: {}
[13.139570] (-) TimerEvent: {}
[13.239948] (-) TimerEvent: {}
[13.340299] (-) TimerEvent: {}
[13.440643] (-) TimerEvent: {}
[13.541026] (-) TimerEvent: {}
[13.641394] (-) TimerEvent: {}
[13.741801] (-) TimerEvent: {}
[13.842046] (-) TimerEvent: {}
[13.942333] (-) TimerEvent: {}
[14.042711] (-) TimerEvent: {}
[14.143079] (-) TimerEvent: {}
[14.243467] (-) TimerEvent: {}
[14.343847] (-) TimerEvent: {}
[14.444172] (-) TimerEvent: {}
[14.544528] (-) TimerEvent: {}
[14.644866] (-) TimerEvent: {}
[14.745131] (-) TimerEvent: {}
[14.845386] (-) TimerEvent: {}
[14.945614] (-) TimerEvent: {}
[15.046012] (-) TimerEvent: {}
[15.146306] (-) TimerEvent: {}
[15.246744] (-) TimerEvent: {}
[15.346984] (-) TimerEvent: {}
[15.447254] (-) TimerEvent: {}
[15.547604] (-) TimerEvent: {}
[15.647844] (-) TimerEvent: {}
[15.748071] (-) TimerEvent: {}
[15.848325] (-) TimerEvent: {}
[15.948662] (-) TimerEvent: {}
[16.048942] (-) TimerEvent: {}
[16.149240] (-) TimerEvent: {}
[16.249625] (-) TimerEvent: {}
[16.349907] (-) TimerEvent: {}
[16.450232] (-) TimerEvent: {}
[16.550613] (-) TimerEvent: {}
[16.650899] (-) TimerEvent: {}
[16.751297] (-) TimerEvent: {}
[16.851704] (-) TimerEvent: {}
[16.952111] (-) TimerEvent: {}
[17.052342] (-) TimerEvent: {}
[17.152584] (-) TimerEvent: {}
[17.252843] (-) TimerEvent: {}
[17.353096] (-) TimerEvent: {}
[17.453342] (-) TimerEvent: {}
[17.553579] (-) TimerEvent: {}
[17.653834] (-) TimerEvent: {}
[17.754110] (-) TimerEvent: {}
[17.854356] (-) TimerEvent: {}
[17.954751] (-) TimerEvent: {}
[18.055033] (-) TimerEvent: {}
[18.155521] (-) TimerEvent: {}
[18.255897] (-) TimerEvent: {}
[18.356245] (-) TimerEvent: {}
[18.456536] (-) TimerEvent: {}
[18.556917] (-) TimerEvent: {}
[18.657166] (-) TimerEvent: {}
[18.757518] (-) TimerEvent: {}
[18.857920] (-) TimerEvent: {}
[18.958182] (-) TimerEvent: {}
[19.058533] (-) TimerEvent: {}
[19.158843] (-) TimerEvent: {}
[19.259105] (-) TimerEvent: {}
[19.359433] (-) TimerEvent: {}
[19.459683] (-) TimerEvent: {}
[19.559969] (-) TimerEvent: {}
[19.660226] (-) TimerEvent: {}
[19.760487] (-) TimerEvent: {}
[19.860752] (-) TimerEvent: {}
[19.960990] (-) TimerEvent: {}
[20.061246] (-) TimerEvent: {}
[20.161497] (-) TimerEvent: {}
[20.261767] (-) TimerEvent: {}
[20.362197] (-) TimerEvent: {}
[20.462576] (-) TimerEvent: {}
[20.562881] (-) TimerEvent: {}
[20.663220] (-) TimerEvent: {}
[20.763551] (-) TimerEvent: {}
[20.863886] (-) TimerEvent: {}
[20.964232] (-) TimerEvent: {}
[21.064555] (-) TimerEvent: {}
[21.164851] (-) TimerEvent: {}
[21.265098] (-) TimerEvent: {}
[21.365479] (-) TimerEvent: {}
[21.465861] (-) TimerEvent: {}
[21.566111] (-) TimerEvent: {}
[21.666490] (-) TimerEvent: {}
[21.766874] (-) TimerEvent: {}
[21.867148] (-) TimerEvent: {}
[21.967460] (-) TimerEvent: {}
[22.067860] (-) TimerEvent: {}
[22.168160] (-) TimerEvent: {}
[22.268477] (-) TimerEvent: {}
[22.321593] (serial_def_sdk) StdoutLine: {'line': b'[100%] \x1b[1m\x1b[32mLinking CXX executable uart\x1b[0m\n'}
[22.368606] (-) TimerEvent: {}
[22.468866] (-) TimerEvent: {}
[22.569127] (-) TimerEvent: {}
[22.669442] (-) TimerEvent: {}
[22.769954] (-) TimerEvent: {}
[22.870214] (-) TimerEvent: {}
[22.970566] (-) TimerEvent: {}
[23.070837] (-) TimerEvent: {}
[23.171122] (-) TimerEvent: {}
[23.237582] (serial_def_sdk) StdoutLine: {'line': b'[100%] Built target uart\n'}
[23.244625] (serial_def_sdk) CommandEnded: {'returncode': 0}
[23.246072] (serial_def_sdk) JobProgress: {'identifier': 'serial_def_sdk', 'progress': 'install'}
[23.246493] (serial_def_sdk) Command: {'cmd': ['/usr/bin/cmake', '--install', '/home/hjh/RMserial/build/serial_def_sdk'], 'cwd': '/home/hjh/RMserial/build/serial_def_sdk', 'env': OrderedDict([('LESSOPEN', '| /usr/bin/lesspipe %s'), ('HTTPS_PROXY', 'http://127.0.0.1:7890/'), ('no_proxy', 'localhost,127.0.0.1,::1'), ('LANGUAGE', 'zh_CN:en'), ('USER', 'hjh'), ('LC_TIME', 'zh_CN.UTF-8'), ('all_proxy', 'socks://127.0.0.1:7890/'), ('XDG_SESSION_TYPE', 'wayland'), ('SHLVL', '1'), ('LD_LIBRARY_PATH', '/home/hjh/RMserial/install/vision_msg/lib:/home/hjh/RMserial/install/pb_rm_interfaces/lib:/home/hjh/RMserial/install/def_msg/lib:/opt/ros/humble/opt/openvdb_vendor/lib:/home/hjh/ros2_ws/install/lib:/home/hjh/ros2_ws/install/lib:/usr/lib/x86_64-linux-gnu/gazebo-11/plugins:/opt/ros/humble/opt/rviz_ogre_vendor/lib:/opt/ros/humble/lib/x86_64-linux-gnu:/opt/ros/humble/lib'), ('HOME', '/home/hjh'), ('CONDA_SHLVL', '0'), ('DESKTOP_SESSION', 'ubuntu'), ('NO_PROXY', 'localhost,127.0.0.1,::1'), ('ROS_PYTHON_VERSION', '3'), ('GNOME_SHELL_SESSION_MODE', 'ubuntu'), ('GTK_MODULES', 'gail:atk-bridge'), ('LC_MONETARY', 'zh_CN.UTF-8'), ('DBUS_STARTER_BUS_TYPE', 'session'), ('SYSTEMD_EXEC_PID', '1746'), ('DBUS_SESSION_BUS_ADDRESS', 'unix:path=/run/user/1000/bus,guid=da9e182f6a398809d3ec8f1069c578ca'), ('COLORTERM', 'truecolor'), ('_CE_M', ''), ('IM_CONFIG_PHASE', '1'), ('WAYLAND_DISPLAY', 'wayland-0'), ('https_proxy', 'http://127.0.0.1:7890/'), ('ROS_DISTRO', 'humble'), ('GTK_IM_MODULE', 'fcitx'), ('LOGNAME', 'hjh'), ('ALL_PROXY', 'socks://127.0.0.1:7890/'), ('http_proxy', 'http://127.0.0.1:7890/'), ('_', '/usr/bin/colcon'), ('ROS_VERSION', '2'), ('XDG_SESSION_CLASS', 'user'), ('USERNAME', 'hjh'), ('TERM', 'xterm-256color'), ('GNOME_DESKTOP_SESSION_ID', 'this-is-deprecated'), ('_CE_CONDA', ''), ('ROS_LOCALHOST_ONLY', '0'), ('PATH', '/home/hjh/miniconda3/condabin:/opt/ros/humble/bin:/home/hjh/.local/bin:/usr/local/sbin:/usr/local/bin:/usr/sbin:/usr/bin:/sbin:/bin:/usr/games:/usr/local/games:/snap/bin:/snap/bin'), ('SESSION_MANAGER', 'local/hjh-Lenovo-G5000-IRH8:@/tmp/.ICE-unix/1746,unix/hjh-Lenovo-G5000-IRH8:/tmp/.ICE-unix/1746'), ('PAPERSIZE', 'a4'), ('XDG_MENU_PREFIX', 'gnome-'), ('LC_ADDRESS', 'zh_CN.UTF-8'), ('GNOME_TERMINAL_SCREEN', '/org/gnome/Terminal/screen/d4c127c6_0c8e_45b3_8c66_2cd1158f5318'), ('GNOME_SETUP_DISPLAY', ':1'), ('XDG_RUNTIME_DIR', '/run/user/1000'), ('DISPLAY', ':0'), ('LANG', 'zh_CN.UTF-8'), ('XDG_CURRENT_DESKTOP', 'ubuntu:GNOME'), ('LC_TELEPHONE', 'zh_CN.UTF-8'), ('XMODIFIERS', '@im=fcitx'), ('XDG_SESSION_DESKTOP', 'ubuntu'), ('XAUTHORITY', '/run/user/1000/.mutter-Xwaylandauth.3AY2M3'), ('LS_COLORS', 'rs=0:di=01;34:ln=01;36:mh=00:pi=40;33:so=01;35:do=01;35:bd=40;33;01:cd=40;33;01:or=40;31;01:mi=00:su=37;41:sg=30;43:ca=30;41:tw=30;42:ow=34;42:st=37;44:ex=01;32:*.tar=01;31:*.tgz=01;31:*.arc=01;31:*.arj=01;31:*.taz=01;31:*.lha=01;31:*.lz4=01;31:*.lzh=01;31:*.lzma=01;31:*.tlz=01;31:*.txz=01;31:*.tzo=01;31:*.t7z=01;31:*.zip=01;31:*.z=01;31:*.dz=01;31:*.gz=01;31:*.lrz=01;31:*.lz=01;31:*.lzo=01;31:*.xz=01;31:*.zst=01;31:*.tzst=01;31:*.bz2=01;31:*.bz=01;31:*.tbz=01;31:*.tbz2=01;31:*.tz=01;31:*.deb=01;31:*.rpm=01;31:*.jar=01;31:*.war=01;31:*.ear=01;31:*.sar=01;31:*.rar=01;31:*.alz=01;31:*.ace=01;31:*.zoo=01;31:*.cpio=01;31:*.7z=01;31:*.rz=01;31:*.cab=01;31:*.wim=01;31:*.swm=01;31:*.dwm=01;31:*.esd=01;31:*.jpg=01;35:*.jpeg=01;35:*.mjpg=01;35:*.mjpeg=01;35:*.gif=01;35:*.bmp=01;35:*.pbm=01;35:*.pgm=01;35:*.ppm=01;35:*.tga=01;35:*.xbm=01;35:*.xpm=01;35:*.tif=01;35:*.tiff=01;35:*.png=01;35:*.svg=01;35:*.svgz=01;35:*.mng=01;35:*.pcx=01;35:*.mov=01;35:*.mpg=01;35:*.mpeg=01;35:*.m2v=01;35:*.mkv=01;35:*.webm=01;35:*.webp=01;35:*.ogm=01;35:*.mp4=01;35:*.m4v=01;35:*.mp4v=01;35:*.vob=01;35:*.qt=01;35:*.nuv=01;35:*.wmv=01;35:*.asf=01;35:*.rm=01;35:*.rmvb=01;35:*.flc=01;35:*.avi=01;35:*.fli=01;35:*.flv=01;35:*.gl=01;35:*.dl=01;35:*.xcf=01;35:*.xwd=01;35:*.yuv=01;35:*.cgm=01;35:*.emf=01;35:*.ogv=01;35:*.ogx=01;35:*.aac=00;36:*.au=00;36:*.flac=00;36:*.m4a=00;36:*.mid=00;36:*.midi=00;36:*.mka=00;36:*.mp3=00;36:*.mpc=00;36:*.ogg=00;36:*.ra=00;36:*.wav=00;36:*.oga=00;36:*.opus=00;36:*.spx=00;36:*.xspf=00;36:'), ('GNOME_TERMINAL_SERVICE', ':1.102'), ('SSH_AGENT_LAUNCHER', 'gnome-keyring'), ('SSH_AUTH_SOCK', '/run/user/1000/keyring/ssh'), ('AMENT_PREFIX_PATH', '/home/hjh/RMserial/install/vision_msg:/home/hjh/RMserial/install/pb_rm_interfaces:/home/hjh/RMserial/install/def_msg:/opt/ros/humble'), ('CONDA_PYTHON_EXE', '/home/hjh/miniconda3/bin/python'), ('SHELL', '/bin/bash'), ('LC_NAME', 'zh_CN.UTF-8'), ('QT_ACCESSIBILITY', '1'), ('GDMSESSION', 'ubuntu'), ('LESSCLOSE', '/usr/bin/lesspipe %s %s'), ('LC_MEASUREMENT', 'zh_CN.UTF-8'), ('LC_IDENTIFICATION', 'zh_CN.UTF-8'), ('QT_IM_MODULE', 'fcitx'), ('PWD', '/home/hjh/RMserial/build/serial_def_sdk'), ('XDG_CONFIG_DIRS', '/etc/xdg/xdg-ubuntu:/etc/xdg'), ('CONDA_EXE', '/home/hjh/miniconda3/bin/conda'), ('CLUTTER_IM_MODULE', 'fcitx'), ('DBUS_STARTER_ADDRESS', 'unix:path=/run/user/1000/bus,guid=da9e182f6a398809d3ec8f1069c578ca'), ('XDG_DATA_DIRS', '/usr/share/ubuntu:/usr/local/share/:/usr/share/:/var/lib/snapd/desktop'), ('PYTHONPATH', '/home/hjh/RMserial/install/vision_msg/local/lib/python3.10/dist-packages:/home/hjh/RMserial/install/pb_rm_interfaces/local/lib/python3.10/dist-packages:/home/hjh/RMserial/install/def_msg/local/lib/python3.10/dist-packages:/opt/ros/humble/lib/python3.10/site-packages:/opt/ros/humble/local/lib/python3.10/dist-packages'), ('HTTP_PROXY', 'http://127.0.0.1:7890/'), ('LC_NUMERIC', 'en_US.UTF-8'), ('LC_PAPER', 'zh_CN.UTF-8'), ('COLCON', '1'), ('VTE_VERSION', '6800'), ('CMAKE_PREFIX_PATH', '/home/hjh/RMserial/install/vision_msg:/home/hjh/RMserial/install/pb_rm_interfaces:/home/hjh/RMserial/install/def_msg:/opt/ros/humble')]), 'shell': False}
[23.250934] (serial_def_sdk) StdoutLine: {'line': b'-- Install configuration: ""\n'}
[23.251096] (serial_def_sdk) StdoutLine: {'line': b'-- Installing: /home/hjh/RMserial/install/serial_def_sdk/lib/serial_def_sdk/uart\n'}
[23.261270] (serial_def_sdk) StdoutLine: {'line': b'-- Set non-toolchain portion of runtime path of "/home/hjh/RMserial/install/serial_def_sdk/lib/serial_def_sdk/uart" to ""\n'}
[23.261412] (serial_def_sdk) StdoutLine: {'line': b'-- Installing: /home/hjh/RMserial/install/serial_def_sdk/lib/serial_def_sdk/talker\n'}
[23.261862] (serial_def_sdk) StdoutLine: {'line': b'-- Set non-toolchain portion of runtime path of "/home/hjh/RMserial/install/serial_def_sdk/lib/serial_def_sdk/talker" to ""\n'}
[23.261906] (serial_def_sdk) StdoutLine: {'line': b'-- Installing: /home/hjh/RMserial/install/serial_def_sdk/share/serial_def_sdk/launch\n'}
[23.262070] (serial_def_sdk) StdoutLine: {'line': b'-- Installing: /home/hjh/RMserial/install/serial_def_sdk/share/serial_def_sdk/launch/serial.launch.py\n'}
[23.262145] (serial_def_sdk) StdoutLine: {'line': b'-- Installing: /home/hjh/RMserial/install/serial_def_sdk/share/ament_index/resource_index/package_run_dependencies/serial_def_sdk\n'}
[23.262183] (serial_def_sdk) StdoutLine: {'line': b'-- Installing: /home/hjh/RMserial/install/serial_def_sdk/share/ament_index/resource_index/parent_prefix_path/serial_def_sdk\n'}
[23.262244] (serial_def_sdk) StdoutLine: {'line': b'-- Installing: /home/hjh/RMserial/install/serial_def_sdk/share/serial_def_sdk/environment/ament_prefix_path.sh\n'}
[23.262310] (serial_def_sdk) StdoutLine: {'line': b'-- Installing: /home/hjh/RMserial/install/serial_def_sdk/share/serial_def_sdk/environment/ament_prefix_path.dsv\n'}
[23.262343] (serial_def_sdk) StdoutLine: {'line': b'-- Installing: /home/hjh/RMserial/install/serial_def_sdk/share/serial_def_sdk/environment/path.sh\n'}
[23.262373] (serial_def_sdk) StdoutLine: {'line': b'-- Installing: /home/hjh/RMserial/install/serial_def_sdk/share/serial_def_sdk/environment/path.dsv\n'}
[23.262427] (serial_def_sdk) StdoutLine: {'line': b'-- Installing: /home/hjh/RMserial/install/serial_def_sdk/share/serial_def_sdk/local_setup.bash\n'}
[23.262486] (serial_def_sdk) StdoutLine: {'line': b'-- Installing: /home/hjh/RMserial/install/serial_def_sdk/share/serial_def_sdk/local_setup.sh\n'}
[23.262518] (serial_def_sdk) StdoutLine: {'line': b'-- Installing: /home/hjh/RMserial/install/serial_def_sdk/share/serial_def_sdk/local_setup.zsh\n'}
[23.262573] (serial_def_sdk) StdoutLine: {'line': b'-- Installing: /home/hjh/RMserial/install/serial_def_sdk/share/serial_def_sdk/local_setup.dsv\n'}
[23.262604] (serial_def_sdk) StdoutLine: {'line': b'-- Installing: /home/hjh/RMserial/install/serial_def_sdk/share/serial_def_sdk/package.dsv\n'}
[23.262663] (serial_def_sdk) StdoutLine: {'line': b'-- Installing: /home/hjh/RMserial/install/serial_def_sdk/share/ament_index/resource_index/packages/serial_def_sdk\n'}
[23.262701] (serial_def_sdk) StdoutLine: {'line': b'-- Installing: /home/hjh/RMserial/install/serial_def_sdk/share/serial_def_sdk/cmake/serial_def_sdkConfig.cmake\n'}
[23.262807] (serial_def_sdk) StdoutLine: {'line': b'-- Installing: /home/hjh/RMserial/install/serial_def_sdk/share/serial_def_sdk/cmake/serial_def_sdkConfig-version.cmake\n'}
[23.262984] (serial_def_sdk) StdoutLine: {'line': b'-- Installing: /home/hjh/RMserial/install/serial_def_sdk/share/serial_def_sdk/package.xml\n'}
[23.264559] (serial_def_sdk) CommandEnded: {'returncode': 0}
[23.271208] (-) TimerEvent: {}
[23.279395] (serial_def_sdk) JobEnded: {'identifier': 'serial_def_sdk', 'rc': 0}
[23.280205] (-) EventReactorShutdown: {}
