[0.000000] (-) TimerEvent: {}
[0.000313] (def_msg) JobQueued: {'identifier': 'def_msg', 'dependencies': OrderedDict()}
[0.000649] (pb_rm_interfaces) JobQueued: {'identifier': 'pb_rm_interfaces', 'dependencies': OrderedDict()}
[0.000745] (vision_msg) JobQueued: {'identifier': 'vision_msg', 'dependencies': OrderedDict()}
[0.000787] (serial_def_sdk) JobQueued: {'identifier': 'serial_def_sdk', 'dependencies': OrderedDict([('def_msg', '/home/hjh/RMserial/install/def_msg'), ('vision_msg', '/home/hjh/RMserial/install/vision_msg')])}
[0.000864] (def_msg) JobStarted: {'identifier': 'def_msg'}
[0.005311] (vision_msg) JobStarted: {'identifier': 'vision_msg'}
[0.007324] (pb_rm_interfaces) JobStarted: {'identifier': 'pb_rm_interfaces'}
[0.010686] (def_msg) JobProgress: {'identifier': 'def_msg', 'progress': 'cmake'}
[0.011040] (def_msg) Command: {'cmd': ['/usr/bin/cmake', '/home/hjh/RMserial/serial/def_msg', '-DCMAKE_INSTALL_PREFIX=/home/hjh/RMserial/install/def_msg'], 'cwd': '/home/hjh/RMserial/build/def_msg', 'env': OrderedDict([('LESSOPEN', '| /usr/bin/lesspipe %s'), ('HTTPS_PROXY', 'http://127.0.0.1:7890/'), ('no_proxy', 'localhost,127.0.0.1,::1'), ('LANGUAGE', 'zh_CN:en'), ('USER', 'hjh'), ('LC_TIME', 'zh_CN.UTF-8'), ('all_proxy', 'socks://127.0.0.1:7890/'), ('XDG_SESSION_TYPE', 'wayland'), ('SHLVL', '1'), ('LD_LIBRARY_PATH', '/opt/ros/humble/opt/openvdb_vendor/lib:/home/hjh/ros2_ws/install/lib:/home/hjh/ros2_ws/install/lib:/usr/lib/x86_64-linux-gnu/gazebo-11/plugins:/opt/ros/humble/opt/rviz_ogre_vendor/lib:/opt/ros/humble/lib/x86_64-linux-gnu:/opt/ros/humble/lib'), ('HOME', '/home/hjh'), ('CONDA_SHLVL', '0'), ('DESKTOP_SESSION', 'ubuntu'), ('NO_PROXY', 'localhost,127.0.0.1,::1'), ('ROS_PYTHON_VERSION', '3'), ('GNOME_SHELL_SESSION_MODE', 'ubuntu'), ('GTK_MODULES', 'gail:atk-bridge'), ('LC_MONETARY', 'zh_CN.UTF-8'), ('DBUS_STARTER_BUS_TYPE', 'session'), ('SYSTEMD_EXEC_PID', '1799'), ('DBUS_SESSION_BUS_ADDRESS', 'unix:path=/run/user/1000/bus,guid=3dfda3e1fa4d316e9c28dc7469c4bd2d'), ('COLORTERM', 'truecolor'), ('_CE_M', ''), ('IM_CONFIG_PHASE', '1'), ('WAYLAND_DISPLAY', 'wayland-0'), ('https_proxy', 'http://127.0.0.1:7890/'), ('ROS_DISTRO', 'humble'), ('GTK_IM_MODULE', 'fcitx'), ('LOGNAME', 'hjh'), ('ALL_PROXY', 'socks://127.0.0.1:7890/'), ('http_proxy', 'http://127.0.0.1:7890/'), ('_', '/usr/bin/colcon'), ('ROS_VERSION', '2'), ('XDG_SESSION_CLASS', 'user'), ('USERNAME', 'hjh'), ('TERM', 'xterm-256color'), ('GNOME_DESKTOP_SESSION_ID', 'this-is-deprecated'), ('_CE_CONDA', ''), ('ROS_LOCALHOST_ONLY', '0'), ('PATH', '/home/hjh/miniconda3/condabin:/opt/ros/humble/bin:/home/hjh/.local/bin:/usr/local/sbin:/usr/local/bin:/usr/sbin:/usr/bin:/sbin:/bin:/usr/games:/usr/local/games:/snap/bin:/snap/bin'), ('SESSION_MANAGER', 'local/hjh-Lenovo-G5000-IRH8:@/tmp/.ICE-unix/1799,unix/hjh-Lenovo-G5000-IRH8:/tmp/.ICE-unix/1799'), ('PAPERSIZE', 'a4'), ('XDG_MENU_PREFIX', 'gnome-'), ('LC_ADDRESS', 'zh_CN.UTF-8'), ('GNOME_TERMINAL_SCREEN', '/org/gnome/Terminal/screen/2167da3e_d4a9_465d_a86f_ec405522a8fd'), ('GNOME_SETUP_DISPLAY', ':1'), ('XDG_RUNTIME_DIR', '/run/user/1000'), ('DISPLAY', ':0'), ('LANG', 'zh_CN.UTF-8'), ('XDG_CURRENT_DESKTOP', 'ubuntu:GNOME'), ('LC_TELEPHONE', 'zh_CN.UTF-8'), ('XMODIFIERS', '@im=fcitx'), ('XDG_SESSION_DESKTOP', 'ubuntu'), ('XAUTHORITY', '/run/user/1000/.mutter-Xwaylandauth.C2E3M3'), ('LS_COLORS', 'rs=0:di=01;34:ln=01;36:mh=00:pi=40;33:so=01;35:do=01;35:bd=40;33;01:cd=40;33;01:or=40;31;01:mi=00:su=37;41:sg=30;43:ca=30;41:tw=30;42:ow=34;42:st=37;44:ex=01;32:*.tar=01;31:*.tgz=01;31:*.arc=01;31:*.arj=01;31:*.taz=01;31:*.lha=01;31:*.lz4=01;31:*.lzh=01;31:*.lzma=01;31:*.tlz=01;31:*.txz=01;31:*.tzo=01;31:*.t7z=01;31:*.zip=01;31:*.z=01;31:*.dz=01;31:*.gz=01;31:*.lrz=01;31:*.lz=01;31:*.lzo=01;31:*.xz=01;31:*.zst=01;31:*.tzst=01;31:*.bz2=01;31:*.bz=01;31:*.tbz=01;31:*.tbz2=01;31:*.tz=01;31:*.deb=01;31:*.rpm=01;31:*.jar=01;31:*.war=01;31:*.ear=01;31:*.sar=01;31:*.rar=01;31:*.alz=01;31:*.ace=01;31:*.zoo=01;31:*.cpio=01;31:*.7z=01;31:*.rz=01;31:*.cab=01;31:*.wim=01;31:*.swm=01;31:*.dwm=01;31:*.esd=01;31:*.jpg=01;35:*.jpeg=01;35:*.mjpg=01;35:*.mjpeg=01;35:*.gif=01;35:*.bmp=01;35:*.pbm=01;35:*.pgm=01;35:*.ppm=01;35:*.tga=01;35:*.xbm=01;35:*.xpm=01;35:*.tif=01;35:*.tiff=01;35:*.png=01;35:*.svg=01;35:*.svgz=01;35:*.mng=01;35:*.pcx=01;35:*.mov=01;35:*.mpg=01;35:*.mpeg=01;35:*.m2v=01;35:*.mkv=01;35:*.webm=01;35:*.webp=01;35:*.ogm=01;35:*.mp4=01;35:*.m4v=01;35:*.mp4v=01;35:*.vob=01;35:*.qt=01;35:*.nuv=01;35:*.wmv=01;35:*.asf=01;35:*.rm=01;35:*.rmvb=01;35:*.flc=01;35:*.avi=01;35:*.fli=01;35:*.flv=01;35:*.gl=01;35:*.dl=01;35:*.xcf=01;35:*.xwd=01;35:*.yuv=01;35:*.cgm=01;35:*.emf=01;35:*.ogv=01;35:*.ogx=01;35:*.aac=00;36:*.au=00;36:*.flac=00;36:*.m4a=00;36:*.mid=00;36:*.midi=00;36:*.mka=00;36:*.mp3=00;36:*.mpc=00;36:*.ogg=00;36:*.ra=00;36:*.wav=00;36:*.oga=00;36:*.opus=00;36:*.spx=00;36:*.xspf=00;36:'), ('GNOME_TERMINAL_SERVICE', ':1.461'), ('SSH_AGENT_LAUNCHER', 'gnome-keyring'), ('SSH_AUTH_SOCK', '/run/user/1000/keyring/ssh'), ('AMENT_PREFIX_PATH', '/opt/ros/humble'), ('CONDA_PYTHON_EXE', '/home/hjh/miniconda3/bin/python'), ('SHELL', '/bin/bash'), ('LC_NAME', 'zh_CN.UTF-8'), ('QT_ACCESSIBILITY', '1'), ('GDMSESSION', 'ubuntu'), ('LESSCLOSE', '/usr/bin/lesspipe %s %s'), ('LC_MEASUREMENT', 'zh_CN.UTF-8'), ('LC_IDENTIFICATION', 'zh_CN.UTF-8'), ('QT_IM_MODULE', 'fcitx'), ('PWD', '/home/hjh/RMserial/build/def_msg'), ('XDG_CONFIG_DIRS', '/etc/xdg/xdg-ubuntu:/etc/xdg'), ('CONDA_EXE', '/home/hjh/miniconda3/bin/conda'), ('CLUTTER_IM_MODULE', 'fcitx'), ('DBUS_STARTER_ADDRESS', 'unix:path=/run/user/1000/bus,guid=3dfda3e1fa4d316e9c28dc7469c4bd2d'), ('XDG_DATA_DIRS', '/usr/share/ubuntu:/usr/local/share/:/usr/share/:/var/lib/snapd/desktop'), ('PYTHONPATH', '/opt/ros/humble/lib/python3.10/site-packages:/opt/ros/humble/local/lib/python3.10/dist-packages'), ('HTTP_PROXY', 'http://127.0.0.1:7890/'), ('LC_NUMERIC', 'en_US.UTF-8'), ('LC_PAPER', 'zh_CN.UTF-8'), ('COLCON', '1'), ('VTE_VERSION', '6800'), ('CMAKE_PREFIX_PATH', '/opt/ros/humble')]), 'shell': False}
[0.013062] (vision_msg) JobProgress: {'identifier': 'vision_msg', 'progress': 'cmake'}
[0.013248] (vision_msg) Command: {'cmd': ['/usr/bin/cmake', '/home/hjh/RMserial/serial/vision_msg', '-DCMAKE_INSTALL_PREFIX=/home/hjh/RMserial/install/vision_msg'], 'cwd': '/home/hjh/RMserial/build/vision_msg', 'env': OrderedDict([('LESSOPEN', '| /usr/bin/lesspipe %s'), ('HTTPS_PROXY', 'http://127.0.0.1:7890/'), ('no_proxy', 'localhost,127.0.0.1,::1'), ('LANGUAGE', 'zh_CN:en'), ('USER', 'hjh'), ('LC_TIME', 'zh_CN.UTF-8'), ('all_proxy', 'socks://127.0.0.1:7890/'), ('XDG_SESSION_TYPE', 'wayland'), ('SHLVL', '1'), ('LD_LIBRARY_PATH', '/opt/ros/humble/opt/openvdb_vendor/lib:/home/hjh/ros2_ws/install/lib:/home/hjh/ros2_ws/install/lib:/usr/lib/x86_64-linux-gnu/gazebo-11/plugins:/opt/ros/humble/opt/rviz_ogre_vendor/lib:/opt/ros/humble/lib/x86_64-linux-gnu:/opt/ros/humble/lib'), ('HOME', '/home/hjh'), ('CONDA_SHLVL', '0'), ('DESKTOP_SESSION', 'ubuntu'), ('NO_PROXY', 'localhost,127.0.0.1,::1'), ('ROS_PYTHON_VERSION', '3'), ('GNOME_SHELL_SESSION_MODE', 'ubuntu'), ('GTK_MODULES', 'gail:atk-bridge'), ('LC_MONETARY', 'zh_CN.UTF-8'), ('DBUS_STARTER_BUS_TYPE', 'session'), ('SYSTEMD_EXEC_PID', '1799'), ('DBUS_SESSION_BUS_ADDRESS', 'unix:path=/run/user/1000/bus,guid=3dfda3e1fa4d316e9c28dc7469c4bd2d'), ('COLORTERM', 'truecolor'), ('_CE_M', ''), ('IM_CONFIG_PHASE', '1'), ('WAYLAND_DISPLAY', 'wayland-0'), ('https_proxy', 'http://127.0.0.1:7890/'), ('ROS_DISTRO', 'humble'), ('GTK_IM_MODULE', 'fcitx'), ('LOGNAME', 'hjh'), ('ALL_PROXY', 'socks://127.0.0.1:7890/'), ('http_proxy', 'http://127.0.0.1:7890/'), ('_', '/usr/bin/colcon'), ('ROS_VERSION', '2'), ('XDG_SESSION_CLASS', 'user'), ('USERNAME', 'hjh'), ('TERM', 'xterm-256color'), ('GNOME_DESKTOP_SESSION_ID', 'this-is-deprecated'), ('_CE_CONDA', ''), ('ROS_LOCALHOST_ONLY', '0'), ('PATH', '/home/hjh/miniconda3/condabin:/opt/ros/humble/bin:/home/hjh/.local/bin:/usr/local/sbin:/usr/local/bin:/usr/sbin:/usr/bin:/sbin:/bin:/usr/games:/usr/local/games:/snap/bin:/snap/bin'), ('SESSION_MANAGER', 'local/hjh-Lenovo-G5000-IRH8:@/tmp/.ICE-unix/1799,unix/hjh-Lenovo-G5000-IRH8:/tmp/.ICE-unix/1799'), ('PAPERSIZE', 'a4'), ('XDG_MENU_PREFIX', 'gnome-'), ('LC_ADDRESS', 'zh_CN.UTF-8'), ('GNOME_TERMINAL_SCREEN', '/org/gnome/Terminal/screen/2167da3e_d4a9_465d_a86f_ec405522a8fd'), ('GNOME_SETUP_DISPLAY', ':1'), ('XDG_RUNTIME_DIR', '/run/user/1000'), ('DISPLAY', ':0'), ('LANG', 'zh_CN.UTF-8'), ('XDG_CURRENT_DESKTOP', 'ubuntu:GNOME'), ('LC_TELEPHONE', 'zh_CN.UTF-8'), ('XMODIFIERS', '@im=fcitx'), ('XDG_SESSION_DESKTOP', 'ubuntu'), ('XAUTHORITY', '/run/user/1000/.mutter-Xwaylandauth.C2E3M3'), ('LS_COLORS', 'rs=0:di=01;34:ln=01;36:mh=00:pi=40;33:so=01;35:do=01;35:bd=40;33;01:cd=40;33;01:or=40;31;01:mi=00:su=37;41:sg=30;43:ca=30;41:tw=30;42:ow=34;42:st=37;44:ex=01;32:*.tar=01;31:*.tgz=01;31:*.arc=01;31:*.arj=01;31:*.taz=01;31:*.lha=01;31:*.lz4=01;31:*.lzh=01;31:*.lzma=01;31:*.tlz=01;31:*.txz=01;31:*.tzo=01;31:*.t7z=01;31:*.zip=01;31:*.z=01;31:*.dz=01;31:*.gz=01;31:*.lrz=01;31:*.lz=01;31:*.lzo=01;31:*.xz=01;31:*.zst=01;31:*.tzst=01;31:*.bz2=01;31:*.bz=01;31:*.tbz=01;31:*.tbz2=01;31:*.tz=01;31:*.deb=01;31:*.rpm=01;31:*.jar=01;31:*.war=01;31:*.ear=01;31:*.sar=01;31:*.rar=01;31:*.alz=01;31:*.ace=01;31:*.zoo=01;31:*.cpio=01;31:*.7z=01;31:*.rz=01;31:*.cab=01;31:*.wim=01;31:*.swm=01;31:*.dwm=01;31:*.esd=01;31:*.jpg=01;35:*.jpeg=01;35:*.mjpg=01;35:*.mjpeg=01;35:*.gif=01;35:*.bmp=01;35:*.pbm=01;35:*.pgm=01;35:*.ppm=01;35:*.tga=01;35:*.xbm=01;35:*.xpm=01;35:*.tif=01;35:*.tiff=01;35:*.png=01;35:*.svg=01;35:*.svgz=01;35:*.mng=01;35:*.pcx=01;35:*.mov=01;35:*.mpg=01;35:*.mpeg=01;35:*.m2v=01;35:*.mkv=01;35:*.webm=01;35:*.webp=01;35:*.ogm=01;35:*.mp4=01;35:*.m4v=01;35:*.mp4v=01;35:*.vob=01;35:*.qt=01;35:*.nuv=01;35:*.wmv=01;35:*.asf=01;35:*.rm=01;35:*.rmvb=01;35:*.flc=01;35:*.avi=01;35:*.fli=01;35:*.flv=01;35:*.gl=01;35:*.dl=01;35:*.xcf=01;35:*.xwd=01;35:*.yuv=01;35:*.cgm=01;35:*.emf=01;35:*.ogv=01;35:*.ogx=01;35:*.aac=00;36:*.au=00;36:*.flac=00;36:*.m4a=00;36:*.mid=00;36:*.midi=00;36:*.mka=00;36:*.mp3=00;36:*.mpc=00;36:*.ogg=00;36:*.ra=00;36:*.wav=00;36:*.oga=00;36:*.opus=00;36:*.spx=00;36:*.xspf=00;36:'), ('GNOME_TERMINAL_SERVICE', ':1.461'), ('SSH_AGENT_LAUNCHER', 'gnome-keyring'), ('SSH_AUTH_SOCK', '/run/user/1000/keyring/ssh'), ('AMENT_PREFIX_PATH', '/opt/ros/humble'), ('CONDA_PYTHON_EXE', '/home/hjh/miniconda3/bin/python'), ('SHELL', '/bin/bash'), ('LC_NAME', 'zh_CN.UTF-8'), ('QT_ACCESSIBILITY', '1'), ('GDMSESSION', 'ubuntu'), ('LESSCLOSE', '/usr/bin/lesspipe %s %s'), ('LC_MEASUREMENT', 'zh_CN.UTF-8'), ('LC_IDENTIFICATION', 'zh_CN.UTF-8'), ('QT_IM_MODULE', 'fcitx'), ('PWD', '/home/hjh/RMserial/build/vision_msg'), ('XDG_CONFIG_DIRS', '/etc/xdg/xdg-ubuntu:/etc/xdg'), ('CONDA_EXE', '/home/hjh/miniconda3/bin/conda'), ('CLUTTER_IM_MODULE', 'fcitx'), ('DBUS_STARTER_ADDRESS', 'unix:path=/run/user/1000/bus,guid=3dfda3e1fa4d316e9c28dc7469c4bd2d'), ('XDG_DATA_DIRS', '/usr/share/ubuntu:/usr/local/share/:/usr/share/:/var/lib/snapd/desktop'), ('PYTHONPATH', '/opt/ros/humble/lib/python3.10/site-packages:/opt/ros/humble/local/lib/python3.10/dist-packages'), ('HTTP_PROXY', 'http://127.0.0.1:7890/'), ('LC_NUMERIC', 'en_US.UTF-8'), ('LC_PAPER', 'zh_CN.UTF-8'), ('COLCON', '1'), ('VTE_VERSION', '6800'), ('CMAKE_PREFIX_PATH', '/opt/ros/humble')]), 'shell': False}
[0.015882] (pb_rm_interfaces) JobProgress: {'identifier': 'pb_rm_interfaces', 'progress': 'cmake'}
[0.016542] (pb_rm_interfaces) Command: {'cmd': ['/usr/bin/cmake', '/home/hjh/RMserial/serial/pb_rm_interfaces', '-DCMAKE_INSTALL_PREFIX=/home/hjh/RMserial/install/pb_rm_interfaces'], 'cwd': '/home/hjh/RMserial/build/pb_rm_interfaces', 'env': OrderedDict([('LESSOPEN', '| /usr/bin/lesspipe %s'), ('HTTPS_PROXY', 'http://127.0.0.1:7890/'), ('no_proxy', 'localhost,127.0.0.1,::1'), ('LANGUAGE', 'zh_CN:en'), ('USER', 'hjh'), ('LC_TIME', 'zh_CN.UTF-8'), ('all_proxy', 'socks://127.0.0.1:7890/'), ('XDG_SESSION_TYPE', 'wayland'), ('SHLVL', '1'), ('LD_LIBRARY_PATH', '/opt/ros/humble/opt/openvdb_vendor/lib:/home/hjh/ros2_ws/install/lib:/home/hjh/ros2_ws/install/lib:/usr/lib/x86_64-linux-gnu/gazebo-11/plugins:/opt/ros/humble/opt/rviz_ogre_vendor/lib:/opt/ros/humble/lib/x86_64-linux-gnu:/opt/ros/humble/lib'), ('HOME', '/home/hjh'), ('CONDA_SHLVL', '0'), ('DESKTOP_SESSION', 'ubuntu'), ('NO_PROXY', 'localhost,127.0.0.1,::1'), ('ROS_PYTHON_VERSION', '3'), ('GNOME_SHELL_SESSION_MODE', 'ubuntu'), ('GTK_MODULES', 'gail:atk-bridge'), ('LC_MONETARY', 'zh_CN.UTF-8'), ('DBUS_STARTER_BUS_TYPE', 'session'), ('SYSTEMD_EXEC_PID', '1799'), ('DBUS_SESSION_BUS_ADDRESS', 'unix:path=/run/user/1000/bus,guid=3dfda3e1fa4d316e9c28dc7469c4bd2d'), ('COLORTERM', 'truecolor'), ('_CE_M', ''), ('IM_CONFIG_PHASE', '1'), ('WAYLAND_DISPLAY', 'wayland-0'), ('https_proxy', 'http://127.0.0.1:7890/'), ('ROS_DISTRO', 'humble'), ('GTK_IM_MODULE', 'fcitx'), ('LOGNAME', 'hjh'), ('ALL_PROXY', 'socks://127.0.0.1:7890/'), ('http_proxy', 'http://127.0.0.1:7890/'), ('_', '/usr/bin/colcon'), ('ROS_VERSION', '2'), ('XDG_SESSION_CLASS', 'user'), ('USERNAME', 'hjh'), ('TERM', 'xterm-256color'), ('GNOME_DESKTOP_SESSION_ID', 'this-is-deprecated'), ('_CE_CONDA', ''), ('ROS_LOCALHOST_ONLY', '0'), ('PATH', '/home/hjh/miniconda3/condabin:/opt/ros/humble/bin:/home/hjh/.local/bin:/usr/local/sbin:/usr/local/bin:/usr/sbin:/usr/bin:/sbin:/bin:/usr/games:/usr/local/games:/snap/bin:/snap/bin'), ('SESSION_MANAGER', 'local/hjh-Lenovo-G5000-IRH8:@/tmp/.ICE-unix/1799,unix/hjh-Lenovo-G5000-IRH8:/tmp/.ICE-unix/1799'), ('PAPERSIZE', 'a4'), ('XDG_MENU_PREFIX', 'gnome-'), ('LC_ADDRESS', 'zh_CN.UTF-8'), ('GNOME_TERMINAL_SCREEN', '/org/gnome/Terminal/screen/2167da3e_d4a9_465d_a86f_ec405522a8fd'), ('GNOME_SETUP_DISPLAY', ':1'), ('XDG_RUNTIME_DIR', '/run/user/1000'), ('DISPLAY', ':0'), ('LANG', 'zh_CN.UTF-8'), ('XDG_CURRENT_DESKTOP', 'ubuntu:GNOME'), ('LC_TELEPHONE', 'zh_CN.UTF-8'), ('XMODIFIERS', '@im=fcitx'), ('XDG_SESSION_DESKTOP', 'ubuntu'), ('XAUTHORITY', '/run/user/1000/.mutter-Xwaylandauth.C2E3M3'), ('LS_COLORS', 'rs=0:di=01;34:ln=01;36:mh=00:pi=40;33:so=01;35:do=01;35:bd=40;33;01:cd=40;33;01:or=40;31;01:mi=00:su=37;41:sg=30;43:ca=30;41:tw=30;42:ow=34;42:st=37;44:ex=01;32:*.tar=01;31:*.tgz=01;31:*.arc=01;31:*.arj=01;31:*.taz=01;31:*.lha=01;31:*.lz4=01;31:*.lzh=01;31:*.lzma=01;31:*.tlz=01;31:*.txz=01;31:*.tzo=01;31:*.t7z=01;31:*.zip=01;31:*.z=01;31:*.dz=01;31:*.gz=01;31:*.lrz=01;31:*.lz=01;31:*.lzo=01;31:*.xz=01;31:*.zst=01;31:*.tzst=01;31:*.bz2=01;31:*.bz=01;31:*.tbz=01;31:*.tbz2=01;31:*.tz=01;31:*.deb=01;31:*.rpm=01;31:*.jar=01;31:*.war=01;31:*.ear=01;31:*.sar=01;31:*.rar=01;31:*.alz=01;31:*.ace=01;31:*.zoo=01;31:*.cpio=01;31:*.7z=01;31:*.rz=01;31:*.cab=01;31:*.wim=01;31:*.swm=01;31:*.dwm=01;31:*.esd=01;31:*.jpg=01;35:*.jpeg=01;35:*.mjpg=01;35:*.mjpeg=01;35:*.gif=01;35:*.bmp=01;35:*.pbm=01;35:*.pgm=01;35:*.ppm=01;35:*.tga=01;35:*.xbm=01;35:*.xpm=01;35:*.tif=01;35:*.tiff=01;35:*.png=01;35:*.svg=01;35:*.svgz=01;35:*.mng=01;35:*.pcx=01;35:*.mov=01;35:*.mpg=01;35:*.mpeg=01;35:*.m2v=01;35:*.mkv=01;35:*.webm=01;35:*.webp=01;35:*.ogm=01;35:*.mp4=01;35:*.m4v=01;35:*.mp4v=01;35:*.vob=01;35:*.qt=01;35:*.nuv=01;35:*.wmv=01;35:*.asf=01;35:*.rm=01;35:*.rmvb=01;35:*.flc=01;35:*.avi=01;35:*.fli=01;35:*.flv=01;35:*.gl=01;35:*.dl=01;35:*.xcf=01;35:*.xwd=01;35:*.yuv=01;35:*.cgm=01;35:*.emf=01;35:*.ogv=01;35:*.ogx=01;35:*.aac=00;36:*.au=00;36:*.flac=00;36:*.m4a=00;36:*.mid=00;36:*.midi=00;36:*.mka=00;36:*.mp3=00;36:*.mpc=00;36:*.ogg=00;36:*.ra=00;36:*.wav=00;36:*.oga=00;36:*.opus=00;36:*.spx=00;36:*.xspf=00;36:'), ('GNOME_TERMINAL_SERVICE', ':1.461'), ('SSH_AGENT_LAUNCHER', 'gnome-keyring'), ('SSH_AUTH_SOCK', '/run/user/1000/keyring/ssh'), ('AMENT_PREFIX_PATH', '/opt/ros/humble'), ('CONDA_PYTHON_EXE', '/home/hjh/miniconda3/bin/python'), ('SHELL', '/bin/bash'), ('LC_NAME', 'zh_CN.UTF-8'), ('QT_ACCESSIBILITY', '1'), ('GDMSESSION', 'ubuntu'), ('LESSCLOSE', '/usr/bin/lesspipe %s %s'), ('LC_MEASUREMENT', 'zh_CN.UTF-8'), ('LC_IDENTIFICATION', 'zh_CN.UTF-8'), ('QT_IM_MODULE', 'fcitx'), ('PWD', '/home/hjh/RMserial/build/pb_rm_interfaces'), ('XDG_CONFIG_DIRS', '/etc/xdg/xdg-ubuntu:/etc/xdg'), ('CONDA_EXE', '/home/hjh/miniconda3/bin/conda'), ('CLUTTER_IM_MODULE', 'fcitx'), ('DBUS_STARTER_ADDRESS', 'unix:path=/run/user/1000/bus,guid=3dfda3e1fa4d316e9c28dc7469c4bd2d'), ('XDG_DATA_DIRS', '/usr/share/ubuntu:/usr/local/share/:/usr/share/:/var/lib/snapd/desktop'), ('PYTHONPATH', '/opt/ros/humble/lib/python3.10/site-packages:/opt/ros/humble/local/lib/python3.10/dist-packages'), ('HTTP_PROXY', 'http://127.0.0.1:7890/'), ('LC_NUMERIC', 'en_US.UTF-8'), ('LC_PAPER', 'zh_CN.UTF-8'), ('COLCON', '1'), ('VTE_VERSION', '6800'), ('CMAKE_PREFIX_PATH', '/opt/ros/humble')]), 'shell': False}
[0.017887] (def_msg) StderrLine: {'line': b'\x1b[0mCMake Deprecation Warning at CMakeLists.txt:1 (cmake_minimum_required):\n'}
[0.018019] (def_msg) StderrLine: {'line': b'  Compatibility with CMake < 3.10 will be removed from a future version of\n'}
[0.018111] (def_msg) StderrLine: {'line': b'  CMake.\n'}
[0.018188] (def_msg) StderrLine: {'line': b'\n'}
[0.018264] (def_msg) StderrLine: {'line': b'  Update the VERSION argument <min> value.  Or, use the <min>...<max> syntax\n'}
[0.018338] (def_msg) StderrLine: {'line': b'  to tell CMake that the project requires at least <min> but has been updated\n'}
[0.018413] (def_msg) StderrLine: {'line': b'  to work with policies introduced by <max> or earlier.\n'}
[0.018491] (def_msg) StderrLine: {'line': b'\n'}
[0.018567] (def_msg) StderrLine: {'line': b'\x1b[0m\n'}
[0.018704] (vision_msg) StderrLine: {'line': b'\x1b[0mCMake Deprecation Warning at CMakeLists.txt:1 (cmake_minimum_required):\n'}
[0.018801] (vision_msg) StderrLine: {'line': b'  Compatibility with CMake < 3.10 will be removed from a future version of\n'}
[0.018874] (vision_msg) StderrLine: {'line': b'  CMake.\n'}
[0.018946] (vision_msg) StderrLine: {'line': b'\n'}
[0.019026] (vision_msg) StderrLine: {'line': b'  Update the VERSION argument <min> value.  Or, use the <min>...<max> syntax\n'}
[0.019111] (vision_msg) StderrLine: {'line': b'  to tell CMake that the project requires at least <min> but has been updated\n'}
[0.019187] (vision_msg) StderrLine: {'line': b'  to work with policies introduced by <max> or earlier.\n'}
[0.019265] (vision_msg) StderrLine: {'line': b'\n'}
[0.019346] (vision_msg) StderrLine: {'line': b'\x1b[0m\n'}
[0.022387] (pb_rm_interfaces) StderrLine: {'line': b'\x1b[0mCMake Deprecation Warning at CMakeLists.txt:1 (cmake_minimum_required):\n'}
[0.022615] (pb_rm_interfaces) StderrLine: {'line': b'  Compatibility with CMake < 3.10 will be removed from a future version of\n'}
[0.022719] (pb_rm_interfaces) StderrLine: {'line': b'  CMake.\n'}
[0.022807] (pb_rm_interfaces) StderrLine: {'line': b'\n'}
[0.022888] (pb_rm_interfaces) StderrLine: {'line': b'  Update the VERSION argument <min> value.  Or, use the <min>...<max> syntax\n'}
[0.022967] (pb_rm_interfaces) StderrLine: {'line': b'  to tell CMake that the project requires at least <min> but has been updated\n'}
[0.023063] (pb_rm_interfaces) StderrLine: {'line': b'  to work with policies introduced by <max> or earlier.\n'}
[0.023150] (pb_rm_interfaces) StderrLine: {'line': b'\n'}
[0.023228] (pb_rm_interfaces) StderrLine: {'line': b'\x1b[0m\n'}
[0.065152] (pb_rm_interfaces) StdoutLine: {'line': b'-- The C compiler identification is GNU 11.4.0\n'}
[0.068443] (def_msg) StdoutLine: {'line': b'-- The C compiler identification is GNU 11.4.0\n'}
[0.068645] (vision_msg) StdoutLine: {'line': b'-- The C compiler identification is GNU 11.4.0\n'}
[0.099832] (-) TimerEvent: {}
[0.122296] (pb_rm_interfaces) StdoutLine: {'line': b'-- The CXX compiler identification is GNU 11.4.0\n'}
[0.128474] (pb_rm_interfaces) StdoutLine: {'line': b'-- Detecting C compiler ABI info\n'}
[0.129260] (vision_msg) StdoutLine: {'line': b'-- The CXX compiler identification is GNU 11.4.0\n'}
[0.138648] (def_msg) StdoutLine: {'line': b'-- The CXX compiler identification is GNU 11.4.0\n'}
[0.138916] (vision_msg) StdoutLine: {'line': b'-- Detecting C compiler ABI info\n'}
[0.147629] (def_msg) StdoutLine: {'line': b'-- Detecting C compiler ABI info\n'}
[0.182197] (pb_rm_interfaces) StdoutLine: {'line': b'-- Detecting C compiler ABI info - done\n'}
[0.194334] (pb_rm_interfaces) StdoutLine: {'line': b'-- Check for working C compiler: /usr/bin/cc - skipped\n'}
[0.194692] (pb_rm_interfaces) StdoutLine: {'line': b'-- Detecting C compile features\n'}
[0.195215] (pb_rm_interfaces) StdoutLine: {'line': b'-- Detecting C compile features - done\n'}
[0.199939] (-) TimerEvent: {}
[0.200974] (vision_msg) StdoutLine: {'line': b'-- Detecting C compiler ABI info - done\n'}
[0.207762] (pb_rm_interfaces) StdoutLine: {'line': b'-- Detecting CXX compiler ABI info\n'}
[0.209364] (def_msg) StdoutLine: {'line': b'-- Detecting C compiler ABI info - done\n'}
[0.220441] (def_msg) StdoutLine: {'line': b'-- Check for working C compiler: /usr/bin/cc - skipped\n'}
[0.220656] (def_msg) StdoutLine: {'line': b'-- Detecting C compile features\n'}
[0.220835] (def_msg) StdoutLine: {'line': b'-- Detecting C compile features - done\n'}
[0.221572] (vision_msg) StdoutLine: {'line': b'-- Check for working C compiler: /usr/bin/cc - skipped\n'}
[0.221979] (vision_msg) StdoutLine: {'line': b'-- Detecting C compile features\n'}
[0.222476] (vision_msg) StdoutLine: {'line': b'-- Detecting C compile features - done\n'}
[0.233462] (def_msg) StdoutLine: {'line': b'-- Detecting CXX compiler ABI info\n'}
[0.235127] (vision_msg) StdoutLine: {'line': b'-- Detecting CXX compiler ABI info\n'}
[0.268010] (pb_rm_interfaces) StdoutLine: {'line': b'-- Detecting CXX compiler ABI info - done\n'}
[0.287383] (pb_rm_interfaces) StdoutLine: {'line': b'-- Check for working CXX compiler: /usr/bin/c++ - skipped\n'}
[0.287754] (pb_rm_interfaces) StdoutLine: {'line': b'-- Detecting CXX compile features\n'}
[0.288541] (pb_rm_interfaces) StdoutLine: {'line': b'-- Detecting CXX compile features - done\n'}
[0.297738] (pb_rm_interfaces) StdoutLine: {'line': b'-- Found ament_cmake: 1.3.11 (/opt/ros/humble/share/ament_cmake/cmake)\n'}
[0.297954] (def_msg) StdoutLine: {'line': b'-- Detecting CXX compiler ABI info - done\n'}
[0.299833] (vision_msg) StdoutLine: {'line': b'-- Detecting CXX compiler ABI info - done\n'}
[0.299929] (-) TimerEvent: {}
[0.308817] (def_msg) StdoutLine: {'line': b'-- Check for working CXX compiler: /usr/bin/c++ - skipped\n'}
[0.309195] (def_msg) StdoutLine: {'line': b'-- Detecting CXX compile features\n'}
[0.309886] (def_msg) StdoutLine: {'line': b'-- Detecting CXX compile features - done\n'}
[0.316900] (def_msg) StdoutLine: {'line': b'-- Found ament_cmake: 1.3.11 (/opt/ros/humble/share/ament_cmake/cmake)\n'}
[0.321144] (vision_msg) StdoutLine: {'line': b'-- Check for working CXX compiler: /usr/bin/c++ - skipped\n'}
[0.321563] (vision_msg) StdoutLine: {'line': b'-- Detecting CXX compile features\n'}
[0.322420] (vision_msg) StdoutLine: {'line': b'-- Detecting CXX compile features - done\n'}
[0.331935] (vision_msg) StdoutLine: {'line': b'-- Found ament_cmake: 1.3.11 (/opt/ros/humble/share/ament_cmake/cmake)\n'}
[0.400075] (-) TimerEvent: {}
[0.417790] (pb_rm_interfaces) StdoutLine: {'line': b'-- Found Python3: /usr/bin/python3 (found version "3.10.12") found components: Interpreter\n'}
[0.447118] (def_msg) StdoutLine: {'line': b'-- Found Python3: /usr/bin/python3 (found version "3.10.12") found components: Interpreter\n'}
[0.474228] (vision_msg) StdoutLine: {'line': b'-- Found Python3: /usr/bin/python3 (found version "3.10.12") found components: Interpreter\n'}
[0.500166] (-) TimerEvent: {}
[0.518161] (pb_rm_interfaces) StdoutLine: {'line': b'-- Found rosidl_default_generators: 1.2.0 (/opt/ros/humble/share/rosidl_default_generators/cmake)\n'}
[0.520453] (pb_rm_interfaces) StdoutLine: {'line': b'-- Using all available rosidl_typesupport_c: rosidl_typesupport_fastrtps_c;rosidl_typesupport_introspection_c\n'}
[0.526270] (pb_rm_interfaces) StdoutLine: {'line': b'-- Found rosidl_adapter: 3.1.6 (/opt/ros/humble/share/rosidl_adapter/cmake)\n'}
[0.558794] (vision_msg) StdoutLine: {'line': b'-- Found rosidl_default_generators: 1.2.0 (/opt/ros/humble/share/rosidl_default_generators/cmake)\n'}
[0.560978] (vision_msg) StdoutLine: {'line': b'-- Using all available rosidl_typesupport_c: rosidl_typesupport_fastrtps_c;rosidl_typesupport_introspection_c\n'}
[0.562873] (def_msg) StdoutLine: {'line': b'-- Found std_msgs: 4.2.4 (/opt/ros/humble/share/std_msgs/cmake)\n'}
[0.564859] (pb_rm_interfaces) StdoutLine: {'line': b'-- Using all available rosidl_typesupport_cpp: rosidl_typesupport_fastrtps_cpp;rosidl_typesupport_introspection_cpp\n'}
[0.566400] (vision_msg) StdoutLine: {'line': b'-- Found rosidl_adapter: 3.1.6 (/opt/ros/humble/share/rosidl_adapter/cmake)\n'}
[0.593732] (pb_rm_interfaces) StdoutLine: {'line': b'-- Found geometry_msgs: 4.8.0 (/opt/ros/humble/share/geometry_msgs/cmake)\n'}
[0.593921] (def_msg) StdoutLine: {'line': b'-- Found rosidl_generator_c: 3.1.6 (/opt/ros/humble/share/rosidl_generator_c/cmake)\n'}
[0.597766] (def_msg) StdoutLine: {'line': b'-- Found rosidl_adapter: 3.1.6 (/opt/ros/humble/share/rosidl_adapter/cmake)\n'}
[0.600273] (-) TimerEvent: {}
[0.604975] (def_msg) StdoutLine: {'line': b'-- Found rosidl_generator_cpp: 3.1.6 (/opt/ros/humble/share/rosidl_generator_cpp/cmake)\n'}
[0.606690] (vision_msg) StdoutLine: {'line': b'-- Using all available rosidl_typesupport_cpp: rosidl_typesupport_fastrtps_cpp;rosidl_typesupport_introspection_cpp\n'}
[0.615028] (def_msg) StdoutLine: {'line': b'-- Using all available rosidl_typesupport_c: rosidl_typesupport_fastrtps_c;rosidl_typesupport_introspection_c\n'}
[0.628915] (def_msg) StdoutLine: {'line': b'-- Using all available rosidl_typesupport_cpp: rosidl_typesupport_fastrtps_cpp;rosidl_typesupport_introspection_cpp\n'}
[0.653080] (def_msg) StdoutLine: {'line': b'-- Found rosidl_default_generators: 1.2.0 (/opt/ros/humble/share/rosidl_default_generators/cmake)\n'}
[0.660688] (vision_msg) StdoutLine: {'line': b'-- Found std_msgs: 4.2.4 (/opt/ros/humble/share/std_msgs/cmake)\n'}
[0.665200] (def_msg) StdoutLine: {'line': b'-- Found ament_lint_auto: 0.12.11 (/opt/ros/humble/share/ament_lint_auto/cmake)\n'}
[0.696524] (vision_msg) StdoutLine: {'line': b'-- Found ament_lint_auto: 0.12.11 (/opt/ros/humble/share/ament_lint_auto/cmake)\n'}
[0.700372] (-) TimerEvent: {}
[0.800698] (-) TimerEvent: {}
[0.901028] (-) TimerEvent: {}
[0.990714] (pb_rm_interfaces) StdoutLine: {'line': b'-- Found ament_cmake_ros: 0.10.0 (/opt/ros/humble/share/ament_cmake_ros/cmake)\n'}
[1.001099] (-) TimerEvent: {}
[1.060643] (vision_msg) StdoutLine: {'line': b'-- Found ament_cmake_ros: 0.10.0 (/opt/ros/humble/share/ament_cmake_ros/cmake)\n'}
[1.101203] (-) TimerEvent: {}
[1.164727] (def_msg) StdoutLine: {'line': b'-- Found ament_cmake_ros: 0.10.0 (/opt/ros/humble/share/ament_cmake_ros/cmake)\n'}
[1.201331] (-) TimerEvent: {}
[1.301732] (-) TimerEvent: {}
[1.402111] (-) TimerEvent: {}
[1.432790] (pb_rm_interfaces) StdoutLine: {'line': b'-- Using all available rosidl_typesupport_c: rosidl_typesupport_fastrtps_c;rosidl_typesupport_introspection_c\n'}
[1.440842] (vision_msg) StdoutLine: {'line': b'-- Using all available rosidl_typesupport_c: rosidl_typesupport_fastrtps_c;rosidl_typesupport_introspection_c\n'}
[1.502209] (-) TimerEvent: {}
[1.602543] (-) TimerEvent: {}
[1.702878] (-) TimerEvent: {}
[1.803198] (-) TimerEvent: {}
[1.898838] (def_msg) StdoutLine: {'line': b'-- Using all available rosidl_typesupport_c: rosidl_typesupport_fastrtps_c;rosidl_typesupport_introspection_c\n'}
[1.903296] (-) TimerEvent: {}
[1.946659] (vision_msg) StdoutLine: {'line': b'-- Using all available rosidl_typesupport_cpp: rosidl_typesupport_fastrtps_cpp;rosidl_typesupport_introspection_cpp\n'}
[1.948205] (vision_msg) StderrLine: {'line': b'\x1b[33mCMake Warning (dev) at /opt/ros/humble/share/rosidl_generator_py/cmake/rosidl_generator_py_generate_interfaces.cmake:20 (find_package):\n'}
[1.948352] (vision_msg) StderrLine: {'line': b'  Policy CMP0148 is not set: The FindPythonInterp and FindPythonLibs modules\n'}
[1.948441] (vision_msg) StderrLine: {'line': b'  are removed.  Run "cmake --help-policy CMP0148" for policy details.  Use\n'}
[1.948522] (vision_msg) StderrLine: {'line': b'  the cmake_policy command to set the policy and suppress this warning.\n'}
[1.948600] (vision_msg) StderrLine: {'line': b'\n'}
[1.948676] (vision_msg) StderrLine: {'line': b'Call Stack (most recent call first):\n'}
[1.948750] (vision_msg) StderrLine: {'line': b'  /opt/ros/humble/share/ament_cmake_core/cmake/core/ament_execute_extensions.cmake:48 (include)\n'}
[1.948825] (vision_msg) StderrLine: {'line': b'  /opt/ros/humble/share/rosidl_cmake/cmake/rosidl_generate_interfaces.cmake:286 (ament_execute_extensions)\n'}
[1.948914] (vision_msg) StderrLine: {'line': b'  CMakeLists.txt:37 (rosidl_generate_interfaces)\n'}
[1.948990] (vision_msg) StderrLine: {'line': b'This warning is for project developers.  Use -Wno-dev to suppress it.\n'}
[1.949144] (vision_msg) StderrLine: {'line': b'\x1b[0m\n'}
[1.972544] (vision_msg) StdoutLine: {'line': b'-- Found PythonInterp: /usr/bin/python3 (found suitable version "3.10.12", minimum required is "3.6")\n'}
[1.975220] (pb_rm_interfaces) StdoutLine: {'line': b'-- Using all available rosidl_typesupport_cpp: rosidl_typesupport_fastrtps_cpp;rosidl_typesupport_introspection_cpp\n'}
[1.975663] (vision_msg) StdoutLine: {'line': b'-- Found python_cmake_module: 0.10.0 (/opt/ros/humble/share/python_cmake_module/cmake)\n'}
[1.976459] (vision_msg) StderrLine: {'line': b'\x1b[33mCMake Warning (dev) at /opt/ros/humble/share/python_cmake_module/cmake/Modules/FindPythonExtra.cmake:52 (find_package):\n'}
[1.976552] (vision_msg) StderrLine: {'line': b'  Policy CMP0148 is not set: The FindPythonInterp and FindPythonLibs modules\n'}
[1.976592] (vision_msg) StderrLine: {'line': b'  are removed.  Run "cmake --help-policy CMP0148" for policy details.  Use\n'}
[1.976626] (vision_msg) StderrLine: {'line': b'  the cmake_policy command to set the policy and suppress this warning.\n'}
[1.976658] (vision_msg) StderrLine: {'line': b'\n'}
[1.976689] (vision_msg) StderrLine: {'line': b'Call Stack (most recent call first):\n'}
[1.976719] (vision_msg) StderrLine: {'line': b'  /opt/ros/humble/share/rosidl_generator_py/cmake/rosidl_generator_py_generate_interfaces.cmake:23 (find_package)\n'}
[1.976749] (vision_msg) StderrLine: {'line': b'  /opt/ros/humble/share/ament_cmake_core/cmake/core/ament_execute_extensions.cmake:48 (include)\n'}
[1.976788] (vision_msg) StderrLine: {'line': b'  /opt/ros/humble/share/rosidl_cmake/cmake/rosidl_generate_interfaces.cmake:286 (ament_execute_extensions)\n'}
[1.976818] (vision_msg) StderrLine: {'line': b'  CMakeLists.txt:37 (rosidl_generate_interfaces)\n'}
[1.976848] (vision_msg) StderrLine: {'line': b'This warning is for project developers.  Use -Wno-dev to suppress it.\n'}
[1.976878] (vision_msg) StderrLine: {'line': b'\x1b[0m\n'}
[1.977745] (pb_rm_interfaces) StderrLine: {'line': b'\x1b[33mCMake Warning (dev) at /opt/ros/humble/share/rosidl_generator_py/cmake/rosidl_generator_py_generate_interfaces.cmake:20 (find_package):\n'}
[1.977845] (pb_rm_interfaces) StderrLine: {'line': b'  Policy CMP0148 is not set: The FindPythonInterp and FindPythonLibs modules\n'}
[1.977906] (pb_rm_interfaces) StderrLine: {'line': b'  are removed.  Run "cmake --help-policy CMP0148" for policy details.  Use\n'}
[1.977939] (pb_rm_interfaces) StderrLine: {'line': b'  the cmake_policy command to set the policy and suppress this warning.\n'}
[1.977972] (pb_rm_interfaces) StderrLine: {'line': b'\n'}
[1.978004] (pb_rm_interfaces) StderrLine: {'line': b'Call Stack (most recent call first):\n'}
[1.978041] (pb_rm_interfaces) StderrLine: {'line': b'  /opt/ros/humble/share/ament_cmake_core/cmake/core/ament_execute_extensions.cmake:48 (include)\n'}
[1.978070] (pb_rm_interfaces) StderrLine: {'line': b'  /opt/ros/humble/share/rosidl_cmake/cmake/rosidl_generate_interfaces.cmake:286 (ament_execute_extensions)\n'}
[1.978100] (pb_rm_interfaces) StderrLine: {'line': b'  CMakeLists.txt:20 (rosidl_generate_interfaces)\n'}
[1.978128] (pb_rm_interfaces) StderrLine: {'line': b'This warning is for project developers.  Use -Wno-dev to suppress it.\n'}
[1.978156] (pb_rm_interfaces) StderrLine: {'line': b'\x1b[0m\n'}
[1.992401] (vision_msg) StderrLine: {'line': b'\x1b[33mCMake Warning (dev) at /opt/ros/humble/share/python_cmake_module/cmake/Modules/FindPythonExtra.cmake:140 (find_package):\n'}
[1.992620] (vision_msg) StderrLine: {'line': b'  Policy CMP0148 is not set: The FindPythonInterp and FindPythonLibs modules\n'}
[1.992715] (vision_msg) StderrLine: {'line': b'  are removed.  Run "cmake --help-policy CMP0148" for policy details.  Use\n'}
[1.992815] (vision_msg) StderrLine: {'line': b'  the cmake_policy command to set the policy and suppress this warning.\n'}
[1.992899] (vision_msg) StderrLine: {'line': b'\n'}
[1.992977] (vision_msg) StderrLine: {'line': b'Call Stack (most recent call first):\n'}
[1.993070] (vision_msg) StderrLine: {'line': b'  /opt/ros/humble/share/rosidl_generator_py/cmake/rosidl_generator_py_generate_interfaces.cmake:23 (find_package)\n'}
[1.993161] (vision_msg) StderrLine: {'line': b'  /opt/ros/humble/share/ament_cmake_core/cmake/core/ament_execute_extensions.cmake:48 (include)\n'}
[1.993243] (vision_msg) StderrLine: {'line': b'  /opt/ros/humble/share/rosidl_cmake/cmake/rosidl_generate_interfaces.cmake:286 (ament_execute_extensions)\n'}
[1.993320] (vision_msg) StderrLine: {'line': b'  CMakeLists.txt:37 (rosidl_generate_interfaces)\n'}
[1.993396] (vision_msg) StderrLine: {'line': b'This warning is for project developers.  Use -Wno-dev to suppress it.\n'}
[1.993474] (vision_msg) StderrLine: {'line': b'\x1b[0m\n'}
[1.993722] (pb_rm_interfaces) StdoutLine: {'line': b'-- Found PythonInterp: /usr/bin/python3 (found suitable version "3.10.12", minimum required is "3.6")\n'}
[1.994993] (pb_rm_interfaces) StdoutLine: {'line': b'-- Found python_cmake_module: 0.10.0 (/opt/ros/humble/share/python_cmake_module/cmake)\n'}
[1.995348] (pb_rm_interfaces) StderrLine: {'line': b'\x1b[33mCMake Warning (dev) at /opt/ros/humble/share/python_cmake_module/cmake/Modules/FindPythonExtra.cmake:52 (find_package):\n'}
[1.995469] (pb_rm_interfaces) StderrLine: {'line': b'  Policy CMP0148 is not set: The FindPythonInterp and FindPythonLibs modules\n'}
[1.995553] (pb_rm_interfaces) StderrLine: {'line': b'  are removed.  Run "cmake --help-policy CMP0148" for policy details.  Use\n'}
[1.995631] (pb_rm_interfaces) StderrLine: {'line': b'  the cmake_policy command to set the policy and suppress this warning.\n'}
[1.995706] (pb_rm_interfaces) StderrLine: {'line': b'\n'}
[1.995782] (pb_rm_interfaces) StderrLine: {'line': b'Call Stack (most recent call first):\n'}
[1.995856] (pb_rm_interfaces) StderrLine: {'line': b'  /opt/ros/humble/share/rosidl_generator_py/cmake/rosidl_generator_py_generate_interfaces.cmake:23 (find_package)\n'}
[1.995932] (pb_rm_interfaces) StderrLine: {'line': b'  /opt/ros/humble/share/ament_cmake_core/cmake/core/ament_execute_extensions.cmake:48 (include)\n'}
[1.996013] (pb_rm_interfaces) StderrLine: {'line': b'  /opt/ros/humble/share/rosidl_cmake/cmake/rosidl_generate_interfaces.cmake:286 (ament_execute_extensions)\n'}
[1.996108] (pb_rm_interfaces) StderrLine: {'line': b'  CMakeLists.txt:20 (rosidl_generate_interfaces)\n'}
[1.996184] (pb_rm_interfaces) StderrLine: {'line': b'This warning is for project developers.  Use -Wno-dev to suppress it.\n'}
[1.996258] (pb_rm_interfaces) StderrLine: {'line': b'\x1b[0m\n'}
[2.002050] (vision_msg) StdoutLine: {'line': b'-- Found PythonLibs: /usr/lib/x86_64-linux-gnu/libpython3.10.so (found suitable version "3.10.12", minimum required is "3.5")\n'}
[2.002213] (vision_msg) StdoutLine: {'line': b'-- Using PYTHON_EXECUTABLE: /usr/bin/python3\n'}
[2.002355] (vision_msg) StdoutLine: {'line': b'-- Using PYTHON_INCLUDE_DIRS: /usr/include/python3.10\n'}
[2.002441] (vision_msg) StdoutLine: {'line': b'-- Using PYTHON_LIBRARIES: /usr/lib/x86_64-linux-gnu/libpython3.10.so\n'}
[2.003370] (-) TimerEvent: {}
[2.010540] (pb_rm_interfaces) StderrLine: {'line': b'\x1b[33mCMake Warning (dev) at /opt/ros/humble/share/python_cmake_module/cmake/Modules/FindPythonExtra.cmake:140 (find_package):\n'}
[2.010726] (pb_rm_interfaces) StderrLine: {'line': b'  Policy CMP0148 is not set: The FindPythonInterp and FindPythonLibs modules\n'}
[2.010811] (pb_rm_interfaces) StderrLine: {'line': b'  are removed.  Run "cmake --help-policy CMP0148" for policy details.  Use\n'}
[2.010890] (pb_rm_interfaces) StderrLine: {'line': b'  the cmake_policy command to set the policy and suppress this warning.\n'}
[2.010968] (pb_rm_interfaces) StderrLine: {'line': b'\n'}
[2.011060] (pb_rm_interfaces) StderrLine: {'line': b'Call Stack (most recent call first):\n'}
[2.011161] (pb_rm_interfaces) StderrLine: {'line': b'  /opt/ros/humble/share/rosidl_generator_py/cmake/rosidl_generator_py_generate_interfaces.cmake:23 (find_package)\n'}
[2.011237] (pb_rm_interfaces) StderrLine: {'line': b'  /opt/ros/humble/share/ament_cmake_core/cmake/core/ament_execute_extensions.cmake:48 (include)\n'}
[2.011318] (pb_rm_interfaces) StderrLine: {'line': b'  /opt/ros/humble/share/rosidl_cmake/cmake/rosidl_generate_interfaces.cmake:286 (ament_execute_extensions)\n'}
[2.011392] (pb_rm_interfaces) StderrLine: {'line': b'  CMakeLists.txt:20 (rosidl_generate_interfaces)\n'}
[2.011466] (pb_rm_interfaces) StderrLine: {'line': b'This warning is for project developers.  Use -Wno-dev to suppress it.\n'}
[2.011538] (pb_rm_interfaces) StderrLine: {'line': b'\x1b[0m\n'}
[2.018209] (pb_rm_interfaces) StdoutLine: {'line': b'-- Found PythonLibs: /usr/lib/x86_64-linux-gnu/libpython3.10.so (found suitable version "3.10.12", minimum required is "3.5")\n'}
[2.018391] (pb_rm_interfaces) StdoutLine: {'line': b'-- Using PYTHON_EXECUTABLE: /usr/bin/python3\n'}
[2.018471] (pb_rm_interfaces) StdoutLine: {'line': b'-- Using PYTHON_INCLUDE_DIRS: /usr/include/python3.10\n'}
[2.018545] (pb_rm_interfaces) StdoutLine: {'line': b'-- Using PYTHON_LIBRARIES: /usr/lib/x86_64-linux-gnu/libpython3.10.so\n'}
[2.019501] (vision_msg) StdoutLine: {'line': b'-- Found PythonExtra: .so\n'}
[2.033633] (pb_rm_interfaces) StdoutLine: {'line': b'-- Found PythonExtra: .so\n'}
[2.060089] (vision_msg) StdoutLine: {'line': b"-- Added test 'copyright' to check source files copyright and LICENSE\n"}
[2.061479] (vision_msg) StdoutLine: {'line': b"-- Added test 'lint_cmake' to check CMake code style\n"}
[2.062513] (vision_msg) StdoutLine: {'line': b"-- Added test 'xmllint' to check XML markup files\n"}
[2.065098] (vision_msg) StdoutLine: {'line': b'-- Configuring done (2.0s)\n'}
[2.090409] (vision_msg) StdoutLine: {'line': b'-- Generating done (0.0s)\n'}
[2.092144] (pb_rm_interfaces) StdoutLine: {'line': b'-- Configuring done (2.1s)\n'}
[2.096505] (vision_msg) StdoutLine: {'line': b'-- Build files have been written to: /home/hjh/RMserial/build/vision_msg\n'}
[2.103403] (vision_msg) CommandEnded: {'returncode': 0}
[2.103878] (-) TimerEvent: {}
[2.105291] (vision_msg) JobProgress: {'identifier': 'vision_msg', 'progress': 'build'}
[2.105433] (vision_msg) Command: {'cmd': ['/usr/bin/cmake', '--build', '/home/hjh/RMserial/build/vision_msg', '--', '-j16', '-l16'], 'cwd': '/home/hjh/RMserial/build/vision_msg', 'env': OrderedDict([('LESSOPEN', '| /usr/bin/lesspipe %s'), ('HTTPS_PROXY', 'http://127.0.0.1:7890/'), ('no_proxy', 'localhost,127.0.0.1,::1'), ('LANGUAGE', 'zh_CN:en'), ('USER', 'hjh'), ('LC_TIME', 'zh_CN.UTF-8'), ('all_proxy', 'socks://127.0.0.1:7890/'), ('XDG_SESSION_TYPE', 'wayland'), ('SHLVL', '1'), ('LD_LIBRARY_PATH', '/opt/ros/humble/opt/openvdb_vendor/lib:/home/hjh/ros2_ws/install/lib:/home/hjh/ros2_ws/install/lib:/usr/lib/x86_64-linux-gnu/gazebo-11/plugins:/opt/ros/humble/opt/rviz_ogre_vendor/lib:/opt/ros/humble/lib/x86_64-linux-gnu:/opt/ros/humble/lib'), ('HOME', '/home/hjh'), ('CONDA_SHLVL', '0'), ('DESKTOP_SESSION', 'ubuntu'), ('NO_PROXY', 'localhost,127.0.0.1,::1'), ('ROS_PYTHON_VERSION', '3'), ('GNOME_SHELL_SESSION_MODE', 'ubuntu'), ('GTK_MODULES', 'gail:atk-bridge'), ('LC_MONETARY', 'zh_CN.UTF-8'), ('DBUS_STARTER_BUS_TYPE', 'session'), ('SYSTEMD_EXEC_PID', '1799'), ('DBUS_SESSION_BUS_ADDRESS', 'unix:path=/run/user/1000/bus,guid=3dfda3e1fa4d316e9c28dc7469c4bd2d'), ('COLORTERM', 'truecolor'), ('_CE_M', ''), ('IM_CONFIG_PHASE', '1'), ('WAYLAND_DISPLAY', 'wayland-0'), ('https_proxy', 'http://127.0.0.1:7890/'), ('ROS_DISTRO', 'humble'), ('GTK_IM_MODULE', 'fcitx'), ('LOGNAME', 'hjh'), ('ALL_PROXY', 'socks://127.0.0.1:7890/'), ('http_proxy', 'http://127.0.0.1:7890/'), ('_', '/usr/bin/colcon'), ('ROS_VERSION', '2'), ('XDG_SESSION_CLASS', 'user'), ('USERNAME', 'hjh'), ('TERM', 'xterm-256color'), ('GNOME_DESKTOP_SESSION_ID', 'this-is-deprecated'), ('_CE_CONDA', ''), ('ROS_LOCALHOST_ONLY', '0'), ('PATH', '/home/hjh/miniconda3/condabin:/opt/ros/humble/bin:/home/hjh/.local/bin:/usr/local/sbin:/usr/local/bin:/usr/sbin:/usr/bin:/sbin:/bin:/usr/games:/usr/local/games:/snap/bin:/snap/bin'), ('SESSION_MANAGER', 'local/hjh-Lenovo-G5000-IRH8:@/tmp/.ICE-unix/1799,unix/hjh-Lenovo-G5000-IRH8:/tmp/.ICE-unix/1799'), ('PAPERSIZE', 'a4'), ('XDG_MENU_PREFIX', 'gnome-'), ('LC_ADDRESS', 'zh_CN.UTF-8'), ('GNOME_TERMINAL_SCREEN', '/org/gnome/Terminal/screen/2167da3e_d4a9_465d_a86f_ec405522a8fd'), ('GNOME_SETUP_DISPLAY', ':1'), ('XDG_RUNTIME_DIR', '/run/user/1000'), ('DISPLAY', ':0'), ('LANG', 'zh_CN.UTF-8'), ('XDG_CURRENT_DESKTOP', 'ubuntu:GNOME'), ('LC_TELEPHONE', 'zh_CN.UTF-8'), ('XMODIFIERS', '@im=fcitx'), ('XDG_SESSION_DESKTOP', 'ubuntu'), ('XAUTHORITY', '/run/user/1000/.mutter-Xwaylandauth.C2E3M3'), ('LS_COLORS', 'rs=0:di=01;34:ln=01;36:mh=00:pi=40;33:so=01;35:do=01;35:bd=40;33;01:cd=40;33;01:or=40;31;01:mi=00:su=37;41:sg=30;43:ca=30;41:tw=30;42:ow=34;42:st=37;44:ex=01;32:*.tar=01;31:*.tgz=01;31:*.arc=01;31:*.arj=01;31:*.taz=01;31:*.lha=01;31:*.lz4=01;31:*.lzh=01;31:*.lzma=01;31:*.tlz=01;31:*.txz=01;31:*.tzo=01;31:*.t7z=01;31:*.zip=01;31:*.z=01;31:*.dz=01;31:*.gz=01;31:*.lrz=01;31:*.lz=01;31:*.lzo=01;31:*.xz=01;31:*.zst=01;31:*.tzst=01;31:*.bz2=01;31:*.bz=01;31:*.tbz=01;31:*.tbz2=01;31:*.tz=01;31:*.deb=01;31:*.rpm=01;31:*.jar=01;31:*.war=01;31:*.ear=01;31:*.sar=01;31:*.rar=01;31:*.alz=01;31:*.ace=01;31:*.zoo=01;31:*.cpio=01;31:*.7z=01;31:*.rz=01;31:*.cab=01;31:*.wim=01;31:*.swm=01;31:*.dwm=01;31:*.esd=01;31:*.jpg=01;35:*.jpeg=01;35:*.mjpg=01;35:*.mjpeg=01;35:*.gif=01;35:*.bmp=01;35:*.pbm=01;35:*.pgm=01;35:*.ppm=01;35:*.tga=01;35:*.xbm=01;35:*.xpm=01;35:*.tif=01;35:*.tiff=01;35:*.png=01;35:*.svg=01;35:*.svgz=01;35:*.mng=01;35:*.pcx=01;35:*.mov=01;35:*.mpg=01;35:*.mpeg=01;35:*.m2v=01;35:*.mkv=01;35:*.webm=01;35:*.webp=01;35:*.ogm=01;35:*.mp4=01;35:*.m4v=01;35:*.mp4v=01;35:*.vob=01;35:*.qt=01;35:*.nuv=01;35:*.wmv=01;35:*.asf=01;35:*.rm=01;35:*.rmvb=01;35:*.flc=01;35:*.avi=01;35:*.fli=01;35:*.flv=01;35:*.gl=01;35:*.dl=01;35:*.xcf=01;35:*.xwd=01;35:*.yuv=01;35:*.cgm=01;35:*.emf=01;35:*.ogv=01;35:*.ogx=01;35:*.aac=00;36:*.au=00;36:*.flac=00;36:*.m4a=00;36:*.mid=00;36:*.midi=00;36:*.mka=00;36:*.mp3=00;36:*.mpc=00;36:*.ogg=00;36:*.ra=00;36:*.wav=00;36:*.oga=00;36:*.opus=00;36:*.spx=00;36:*.xspf=00;36:'), ('GNOME_TERMINAL_SERVICE', ':1.461'), ('SSH_AGENT_LAUNCHER', 'gnome-keyring'), ('SSH_AUTH_SOCK', '/run/user/1000/keyring/ssh'), ('AMENT_PREFIX_PATH', '/opt/ros/humble'), ('CONDA_PYTHON_EXE', '/home/hjh/miniconda3/bin/python'), ('SHELL', '/bin/bash'), ('LC_NAME', 'zh_CN.UTF-8'), ('QT_ACCESSIBILITY', '1'), ('GDMSESSION', 'ubuntu'), ('LESSCLOSE', '/usr/bin/lesspipe %s %s'), ('LC_MEASUREMENT', 'zh_CN.UTF-8'), ('LC_IDENTIFICATION', 'zh_CN.UTF-8'), ('QT_IM_MODULE', 'fcitx'), ('PWD', '/home/hjh/RMserial/build/vision_msg'), ('XDG_CONFIG_DIRS', '/etc/xdg/xdg-ubuntu:/etc/xdg'), ('CONDA_EXE', '/home/hjh/miniconda3/bin/conda'), ('CLUTTER_IM_MODULE', 'fcitx'), ('DBUS_STARTER_ADDRESS', 'unix:path=/run/user/1000/bus,guid=3dfda3e1fa4d316e9c28dc7469c4bd2d'), ('XDG_DATA_DIRS', '/usr/share/ubuntu:/usr/local/share/:/usr/share/:/var/lib/snapd/desktop'), ('PYTHONPATH', '/opt/ros/humble/lib/python3.10/site-packages:/opt/ros/humble/local/lib/python3.10/dist-packages'), ('HTTP_PROXY', 'http://127.0.0.1:7890/'), ('LC_NUMERIC', 'en_US.UTF-8'), ('LC_PAPER', 'zh_CN.UTF-8'), ('COLCON', '1'), ('VTE_VERSION', '6800'), ('CMAKE_PREFIX_PATH', '/opt/ros/humble')]), 'shell': False}
[2.127420] (vision_msg) StdoutLine: {'line': b'[  2%] \x1b[1m\x1b[34mGenerating C code for ROS interfaces\x1b[0m\n'}
[2.132877] (vision_msg) StdoutLine: {'line': b'[  4%] \x1b[1m\x1b[34mGenerating C++ code for ROS interfaces\x1b[0m\n'}
[2.134406] (vision_msg) StdoutLine: {'line': b'[  4%] Built target ament_cmake_python_copy_vision_msg\n'}
[2.142713] (pb_rm_interfaces) StdoutLine: {'line': b'-- Generating done (0.1s)\n'}
[2.154096] (pb_rm_interfaces) StdoutLine: {'line': b'-- Build files have been written to: /home/hjh/RMserial/build/pb_rm_interfaces\n'}
[2.154417] (def_msg) StdoutLine: {'line': b'-- Using all available rosidl_typesupport_cpp: rosidl_typesupport_fastrtps_cpp;rosidl_typesupport_introspection_cpp\n'}
[2.156934] (def_msg) StderrLine: {'line': b'\x1b[33mCMake Warning (dev) at /opt/ros/humble/share/rosidl_generator_py/cmake/rosidl_generator_py_generate_interfaces.cmake:20 (find_package):\n'}
[2.157151] (def_msg) StderrLine: {'line': b'  Policy CMP0148 is not set: The FindPythonInterp and FindPythonLibs modules\n'}
[2.157251] (def_msg) StderrLine: {'line': b'  are removed.  Run "cmake --help-policy CMP0148" for policy details.  Use\n'}
[2.157338] (def_msg) StderrLine: {'line': b'  the cmake_policy command to set the policy and suppress this warning.\n'}
[2.157422] (def_msg) StderrLine: {'line': b'\n'}
[2.157505] (def_msg) StderrLine: {'line': b'Call Stack (most recent call first):\n'}
[2.157587] (def_msg) StderrLine: {'line': b'  /opt/ros/humble/share/ament_cmake_core/cmake/core/ament_execute_extensions.cmake:48 (include)\n'}
[2.157671] (def_msg) StderrLine: {'line': b'  /opt/ros/humble/share/rosidl_cmake/cmake/rosidl_generate_interfaces.cmake:286 (ament_execute_extensions)\n'}
[2.157753] (def_msg) StderrLine: {'line': b'  CMakeLists.txt:28 (rosidl_generate_interfaces)\n'}
[2.157836] (def_msg) StderrLine: {'line': b'This warning is for project developers.  Use -Wno-dev to suppress it.\n'}
[2.157918] (def_msg) StderrLine: {'line': b'\x1b[0m\n'}
[2.165613] (pb_rm_interfaces) CommandEnded: {'returncode': 0}
[2.166249] (pb_rm_interfaces) JobProgress: {'identifier': 'pb_rm_interfaces', 'progress': 'build'}
[2.166748] (pb_rm_interfaces) Command: {'cmd': ['/usr/bin/cmake', '--build', '/home/hjh/RMserial/build/pb_rm_interfaces', '--', '-j16', '-l16'], 'cwd': '/home/hjh/RMserial/build/pb_rm_interfaces', 'env': OrderedDict([('LESSOPEN', '| /usr/bin/lesspipe %s'), ('HTTPS_PROXY', 'http://127.0.0.1:7890/'), ('no_proxy', 'localhost,127.0.0.1,::1'), ('LANGUAGE', 'zh_CN:en'), ('USER', 'hjh'), ('LC_TIME', 'zh_CN.UTF-8'), ('all_proxy', 'socks://127.0.0.1:7890/'), ('XDG_SESSION_TYPE', 'wayland'), ('SHLVL', '1'), ('LD_LIBRARY_PATH', '/opt/ros/humble/opt/openvdb_vendor/lib:/home/hjh/ros2_ws/install/lib:/home/hjh/ros2_ws/install/lib:/usr/lib/x86_64-linux-gnu/gazebo-11/plugins:/opt/ros/humble/opt/rviz_ogre_vendor/lib:/opt/ros/humble/lib/x86_64-linux-gnu:/opt/ros/humble/lib'), ('HOME', '/home/hjh'), ('CONDA_SHLVL', '0'), ('DESKTOP_SESSION', 'ubuntu'), ('NO_PROXY', 'localhost,127.0.0.1,::1'), ('ROS_PYTHON_VERSION', '3'), ('GNOME_SHELL_SESSION_MODE', 'ubuntu'), ('GTK_MODULES', 'gail:atk-bridge'), ('LC_MONETARY', 'zh_CN.UTF-8'), ('DBUS_STARTER_BUS_TYPE', 'session'), ('SYSTEMD_EXEC_PID', '1799'), ('DBUS_SESSION_BUS_ADDRESS', 'unix:path=/run/user/1000/bus,guid=3dfda3e1fa4d316e9c28dc7469c4bd2d'), ('COLORTERM', 'truecolor'), ('_CE_M', ''), ('IM_CONFIG_PHASE', '1'), ('WAYLAND_DISPLAY', 'wayland-0'), ('https_proxy', 'http://127.0.0.1:7890/'), ('ROS_DISTRO', 'humble'), ('GTK_IM_MODULE', 'fcitx'), ('LOGNAME', 'hjh'), ('ALL_PROXY', 'socks://127.0.0.1:7890/'), ('http_proxy', 'http://127.0.0.1:7890/'), ('_', '/usr/bin/colcon'), ('ROS_VERSION', '2'), ('XDG_SESSION_CLASS', 'user'), ('USERNAME', 'hjh'), ('TERM', 'xterm-256color'), ('GNOME_DESKTOP_SESSION_ID', 'this-is-deprecated'), ('_CE_CONDA', ''), ('ROS_LOCALHOST_ONLY', '0'), ('PATH', '/home/hjh/miniconda3/condabin:/opt/ros/humble/bin:/home/hjh/.local/bin:/usr/local/sbin:/usr/local/bin:/usr/sbin:/usr/bin:/sbin:/bin:/usr/games:/usr/local/games:/snap/bin:/snap/bin'), ('SESSION_MANAGER', 'local/hjh-Lenovo-G5000-IRH8:@/tmp/.ICE-unix/1799,unix/hjh-Lenovo-G5000-IRH8:/tmp/.ICE-unix/1799'), ('PAPERSIZE', 'a4'), ('XDG_MENU_PREFIX', 'gnome-'), ('LC_ADDRESS', 'zh_CN.UTF-8'), ('GNOME_TERMINAL_SCREEN', '/org/gnome/Terminal/screen/2167da3e_d4a9_465d_a86f_ec405522a8fd'), ('GNOME_SETUP_DISPLAY', ':1'), ('XDG_RUNTIME_DIR', '/run/user/1000'), ('DISPLAY', ':0'), ('LANG', 'zh_CN.UTF-8'), ('XDG_CURRENT_DESKTOP', 'ubuntu:GNOME'), ('LC_TELEPHONE', 'zh_CN.UTF-8'), ('XMODIFIERS', '@im=fcitx'), ('XDG_SESSION_DESKTOP', 'ubuntu'), ('XAUTHORITY', '/run/user/1000/.mutter-Xwaylandauth.C2E3M3'), ('LS_COLORS', 'rs=0:di=01;34:ln=01;36:mh=00:pi=40;33:so=01;35:do=01;35:bd=40;33;01:cd=40;33;01:or=40;31;01:mi=00:su=37;41:sg=30;43:ca=30;41:tw=30;42:ow=34;42:st=37;44:ex=01;32:*.tar=01;31:*.tgz=01;31:*.arc=01;31:*.arj=01;31:*.taz=01;31:*.lha=01;31:*.lz4=01;31:*.lzh=01;31:*.lzma=01;31:*.tlz=01;31:*.txz=01;31:*.tzo=01;31:*.t7z=01;31:*.zip=01;31:*.z=01;31:*.dz=01;31:*.gz=01;31:*.lrz=01;31:*.lz=01;31:*.lzo=01;31:*.xz=01;31:*.zst=01;31:*.tzst=01;31:*.bz2=01;31:*.bz=01;31:*.tbz=01;31:*.tbz2=01;31:*.tz=01;31:*.deb=01;31:*.rpm=01;31:*.jar=01;31:*.war=01;31:*.ear=01;31:*.sar=01;31:*.rar=01;31:*.alz=01;31:*.ace=01;31:*.zoo=01;31:*.cpio=01;31:*.7z=01;31:*.rz=01;31:*.cab=01;31:*.wim=01;31:*.swm=01;31:*.dwm=01;31:*.esd=01;31:*.jpg=01;35:*.jpeg=01;35:*.mjpg=01;35:*.mjpeg=01;35:*.gif=01;35:*.bmp=01;35:*.pbm=01;35:*.pgm=01;35:*.ppm=01;35:*.tga=01;35:*.xbm=01;35:*.xpm=01;35:*.tif=01;35:*.tiff=01;35:*.png=01;35:*.svg=01;35:*.svgz=01;35:*.mng=01;35:*.pcx=01;35:*.mov=01;35:*.mpg=01;35:*.mpeg=01;35:*.m2v=01;35:*.mkv=01;35:*.webm=01;35:*.webp=01;35:*.ogm=01;35:*.mp4=01;35:*.m4v=01;35:*.mp4v=01;35:*.vob=01;35:*.qt=01;35:*.nuv=01;35:*.wmv=01;35:*.asf=01;35:*.rm=01;35:*.rmvb=01;35:*.flc=01;35:*.avi=01;35:*.fli=01;35:*.flv=01;35:*.gl=01;35:*.dl=01;35:*.xcf=01;35:*.xwd=01;35:*.yuv=01;35:*.cgm=01;35:*.emf=01;35:*.ogv=01;35:*.ogx=01;35:*.aac=00;36:*.au=00;36:*.flac=00;36:*.m4a=00;36:*.mid=00;36:*.midi=00;36:*.mka=00;36:*.mp3=00;36:*.mpc=00;36:*.ogg=00;36:*.ra=00;36:*.wav=00;36:*.oga=00;36:*.opus=00;36:*.spx=00;36:*.xspf=00;36:'), ('GNOME_TERMINAL_SERVICE', ':1.461'), ('SSH_AGENT_LAUNCHER', 'gnome-keyring'), ('SSH_AUTH_SOCK', '/run/user/1000/keyring/ssh'), ('AMENT_PREFIX_PATH', '/opt/ros/humble'), ('CONDA_PYTHON_EXE', '/home/hjh/miniconda3/bin/python'), ('SHELL', '/bin/bash'), ('LC_NAME', 'zh_CN.UTF-8'), ('QT_ACCESSIBILITY', '1'), ('GDMSESSION', 'ubuntu'), ('LESSCLOSE', '/usr/bin/lesspipe %s %s'), ('LC_MEASUREMENT', 'zh_CN.UTF-8'), ('LC_IDENTIFICATION', 'zh_CN.UTF-8'), ('QT_IM_MODULE', 'fcitx'), ('PWD', '/home/hjh/RMserial/build/pb_rm_interfaces'), ('XDG_CONFIG_DIRS', '/etc/xdg/xdg-ubuntu:/etc/xdg'), ('CONDA_EXE', '/home/hjh/miniconda3/bin/conda'), ('CLUTTER_IM_MODULE', 'fcitx'), ('DBUS_STARTER_ADDRESS', 'unix:path=/run/user/1000/bus,guid=3dfda3e1fa4d316e9c28dc7469c4bd2d'), ('XDG_DATA_DIRS', '/usr/share/ubuntu:/usr/local/share/:/usr/share/:/var/lib/snapd/desktop'), ('PYTHONPATH', '/opt/ros/humble/lib/python3.10/site-packages:/opt/ros/humble/local/lib/python3.10/dist-packages'), ('HTTP_PROXY', 'http://127.0.0.1:7890/'), ('LC_NUMERIC', 'en_US.UTF-8'), ('LC_PAPER', 'zh_CN.UTF-8'), ('COLCON', '1'), ('VTE_VERSION', '6800'), ('CMAKE_PREFIX_PATH', '/opt/ros/humble')]), 'shell': False}
[2.182526] (def_msg) StdoutLine: {'line': b'-- Found PythonInterp: /usr/bin/python3 (found suitable version "3.10.12", minimum required is "3.6")\n'}
[2.185491] (def_msg) StdoutLine: {'line': b'-- Found python_cmake_module: 0.10.0 (/opt/ros/humble/share/python_cmake_module/cmake)\n'}
[2.186289] (def_msg) StderrLine: {'line': b'\x1b[33mCMake Warning (dev) at /opt/ros/humble/share/python_cmake_module/cmake/Modules/FindPythonExtra.cmake:52 (find_package):\n'}
[2.186420] (def_msg) StderrLine: {'line': b'  Policy CMP0148 is not set: The FindPythonInterp and FindPythonLibs modules\n'}
[2.186502] (def_msg) StderrLine: {'line': b'  are removed.  Run "cmake --help-policy CMP0148" for policy details.  Use\n'}
[2.186576] (def_msg) StderrLine: {'line': b'  the cmake_policy command to set the policy and suppress this warning.\n'}
[2.186649] (def_msg) StderrLine: {'line': b'\n'}
[2.186721] (def_msg) StderrLine: {'line': b'Call Stack (most recent call first):\n'}
[2.186792] (def_msg) StderrLine: {'line': b'  /opt/ros/humble/share/rosidl_generator_py/cmake/rosidl_generator_py_generate_interfaces.cmake:23 (find_package)\n'}
[2.186875] (def_msg) StderrLine: {'line': b'  /opt/ros/humble/share/ament_cmake_core/cmake/core/ament_execute_extensions.cmake:48 (include)\n'}
[2.186949] (def_msg) StderrLine: {'line': b'  /opt/ros/humble/share/rosidl_cmake/cmake/rosidl_generate_interfaces.cmake:286 (ament_execute_extensions)\n'}
[2.187027] (def_msg) StderrLine: {'line': b'  CMakeLists.txt:28 (rosidl_generate_interfaces)\n'}
[2.187125] (def_msg) StderrLine: {'line': b'This warning is for project developers.  Use -Wno-dev to suppress it.\n'}
[2.187199] (def_msg) StderrLine: {'line': b'\x1b[0m\n'}
[2.193453] (pb_rm_interfaces) StdoutLine: {'line': b'[  2%] \x1b[1m\x1b[34mGenerating C code for ROS interfaces\x1b[0m\n'}
[2.200090] (pb_rm_interfaces) StdoutLine: {'line': b'[  5%] \x1b[1m\x1b[34mGenerating C++ code for ROS interfaces\x1b[0m\n'}
[2.203508] (pb_rm_interfaces) StdoutLine: {'line': b'[  5%] Built target ament_cmake_python_copy_pb_rm_interfaces\n'}
[2.203951] (-) TimerEvent: {}
[2.212514] (def_msg) StderrLine: {'line': b'\x1b[33mCMake Warning (dev) at /opt/ros/humble/share/python_cmake_module/cmake/Modules/FindPythonExtra.cmake:140 (find_package):\n'}
[2.212690] (def_msg) StderrLine: {'line': b'  Policy CMP0148 is not set: The FindPythonInterp and FindPythonLibs modules\n'}
[2.212773] (def_msg) StderrLine: {'line': b'  are removed.  Run "cmake --help-policy CMP0148" for policy details.  Use\n'}
[2.212849] (def_msg) StderrLine: {'line': b'  the cmake_policy command to set the policy and suppress this warning.\n'}
[2.212936] (def_msg) StderrLine: {'line': b'\n'}
[2.213020] (def_msg) StderrLine: {'line': b'Call Stack (most recent call first):\n'}
[2.213101] (def_msg) StderrLine: {'line': b'  /opt/ros/humble/share/rosidl_generator_py/cmake/rosidl_generator_py_generate_interfaces.cmake:23 (find_package)\n'}
[2.213174] (def_msg) StderrLine: {'line': b'  /opt/ros/humble/share/ament_cmake_core/cmake/core/ament_execute_extensions.cmake:48 (include)\n'}
[2.213244] (def_msg) StderrLine: {'line': b'  /opt/ros/humble/share/rosidl_cmake/cmake/rosidl_generate_interfaces.cmake:286 (ament_execute_extensions)\n'}
[2.213316] (def_msg) StderrLine: {'line': b'  CMakeLists.txt:28 (rosidl_generate_interfaces)\n'}
[2.213387] (def_msg) StderrLine: {'line': b'This warning is for project developers.  Use -Wno-dev to suppress it.\n'}
[2.213459] (def_msg) StderrLine: {'line': b'\x1b[0m\n'}
[2.225881] (def_msg) StdoutLine: {'line': b'-- Found PythonLibs: /usr/lib/x86_64-linux-gnu/libpython3.10.so (found suitable version "3.10.12", minimum required is "3.5")\n'}
[2.226154] (def_msg) StdoutLine: {'line': b'-- Using PYTHON_EXECUTABLE: /usr/bin/python3\n'}
[2.226251] (def_msg) StdoutLine: {'line': b'-- Using PYTHON_INCLUDE_DIRS: /usr/include/python3.10\n'}
[2.226332] (def_msg) StdoutLine: {'line': b'-- Using PYTHON_LIBRARIES: /usr/lib/x86_64-linux-gnu/libpython3.10.so\n'}
[2.251899] (def_msg) StdoutLine: {'line': b'-- Found PythonExtra: .so\n'}
[2.298388] (vision_msg) StdoutLine: {'line': b'running egg_info\n'}
[2.298774] (vision_msg) StdoutLine: {'line': b'creating vision_msg.egg-info\n'}
[2.298934] (vision_msg) StdoutLine: {'line': b'writing vision_msg.egg-info/PKG-INFO\n'}
[2.299028] (vision_msg) StdoutLine: {'line': b'writing dependency_links to vision_msg.egg-info/dependency_links.txt\n'}
[2.299239] (vision_msg) StdoutLine: {'line': b'writing top-level names to vision_msg.egg-info/top_level.txt\n'}
[2.299324] (vision_msg) StdoutLine: {'line': b"writing manifest file 'vision_msg.egg-info/SOURCES.txt'\n"}
[2.300478] (vision_msg) StdoutLine: {'line': b"reading manifest file 'vision_msg.egg-info/SOURCES.txt'\n"}
[2.300722] (vision_msg) StdoutLine: {'line': b"writing manifest file 'vision_msg.egg-info/SOURCES.txt'\n"}
[2.304104] (-) TimerEvent: {}
[2.319140] (vision_msg) StdoutLine: {'line': b'[  4%] Built target ament_cmake_python_build_vision_msg_egg\n'}
[2.323694] (def_msg) StdoutLine: {'line': b"-- Added test 'lint_cmake' to check CMake code style\n"}
[2.325350] (def_msg) StdoutLine: {'line': b"-- Added test 'xmllint' to check XML markup files\n"}
[2.330366] (def_msg) StdoutLine: {'line': b'-- Configuring done (2.3s)\n'}
[2.383593] (def_msg) StdoutLine: {'line': b'-- Generating done (0.1s)\n'}
[2.392648] (vision_msg) StdoutLine: {'line': b'[  6%] \x1b[32mBuilding C object CMakeFiles/vision_msg__rosidl_generator_c.dir/rosidl_generator_c/vision_msg/msg/detail/detected_id__functions.c.o\x1b[0m\n'}
[2.392863] (vision_msg) StdoutLine: {'line': b'[  8%] \x1b[32mBuilding C object CMakeFiles/vision_msg__rosidl_generator_c.dir/rosidl_generator_c/vision_msg/msg/detail/selected_id__functions.c.o\x1b[0m\n'}
[2.393382] (vision_msg) StdoutLine: {'line': b'[ 10%] \x1b[32mBuilding C object CMakeFiles/vision_msg__rosidl_generator_c.dir/rosidl_generator_c/vision_msg/msg/detail/gimble_position__functions.c.o\x1b[0m\n'}
[2.396396] (def_msg) StdoutLine: {'line': b'-- Build files have been written to: /home/hjh/RMserial/build/def_msg\n'}
[2.404211] (-) TimerEvent: {}
[2.407415] (def_msg) CommandEnded: {'returncode': 0}
[2.408016] (def_msg) JobProgress: {'identifier': 'def_msg', 'progress': 'build'}
[2.408466] (def_msg) Command: {'cmd': ['/usr/bin/cmake', '--build', '/home/hjh/RMserial/build/def_msg', '--', '-j16', '-l16'], 'cwd': '/home/hjh/RMserial/build/def_msg', 'env': OrderedDict([('LESSOPEN', '| /usr/bin/lesspipe %s'), ('HTTPS_PROXY', 'http://127.0.0.1:7890/'), ('no_proxy', 'localhost,127.0.0.1,::1'), ('LANGUAGE', 'zh_CN:en'), ('USER', 'hjh'), ('LC_TIME', 'zh_CN.UTF-8'), ('all_proxy', 'socks://127.0.0.1:7890/'), ('XDG_SESSION_TYPE', 'wayland'), ('SHLVL', '1'), ('LD_LIBRARY_PATH', '/opt/ros/humble/opt/openvdb_vendor/lib:/home/hjh/ros2_ws/install/lib:/home/hjh/ros2_ws/install/lib:/usr/lib/x86_64-linux-gnu/gazebo-11/plugins:/opt/ros/humble/opt/rviz_ogre_vendor/lib:/opt/ros/humble/lib/x86_64-linux-gnu:/opt/ros/humble/lib'), ('HOME', '/home/hjh'), ('CONDA_SHLVL', '0'), ('DESKTOP_SESSION', 'ubuntu'), ('NO_PROXY', 'localhost,127.0.0.1,::1'), ('ROS_PYTHON_VERSION', '3'), ('GNOME_SHELL_SESSION_MODE', 'ubuntu'), ('GTK_MODULES', 'gail:atk-bridge'), ('LC_MONETARY', 'zh_CN.UTF-8'), ('DBUS_STARTER_BUS_TYPE', 'session'), ('SYSTEMD_EXEC_PID', '1799'), ('DBUS_SESSION_BUS_ADDRESS', 'unix:path=/run/user/1000/bus,guid=3dfda3e1fa4d316e9c28dc7469c4bd2d'), ('COLORTERM', 'truecolor'), ('_CE_M', ''), ('IM_CONFIG_PHASE', '1'), ('WAYLAND_DISPLAY', 'wayland-0'), ('https_proxy', 'http://127.0.0.1:7890/'), ('ROS_DISTRO', 'humble'), ('GTK_IM_MODULE', 'fcitx'), ('LOGNAME', 'hjh'), ('ALL_PROXY', 'socks://127.0.0.1:7890/'), ('http_proxy', 'http://127.0.0.1:7890/'), ('_', '/usr/bin/colcon'), ('ROS_VERSION', '2'), ('XDG_SESSION_CLASS', 'user'), ('USERNAME', 'hjh'), ('TERM', 'xterm-256color'), ('GNOME_DESKTOP_SESSION_ID', 'this-is-deprecated'), ('_CE_CONDA', ''), ('ROS_LOCALHOST_ONLY', '0'), ('PATH', '/home/hjh/miniconda3/condabin:/opt/ros/humble/bin:/home/hjh/.local/bin:/usr/local/sbin:/usr/local/bin:/usr/sbin:/usr/bin:/sbin:/bin:/usr/games:/usr/local/games:/snap/bin:/snap/bin'), ('SESSION_MANAGER', 'local/hjh-Lenovo-G5000-IRH8:@/tmp/.ICE-unix/1799,unix/hjh-Lenovo-G5000-IRH8:/tmp/.ICE-unix/1799'), ('PAPERSIZE', 'a4'), ('XDG_MENU_PREFIX', 'gnome-'), ('LC_ADDRESS', 'zh_CN.UTF-8'), ('GNOME_TERMINAL_SCREEN', '/org/gnome/Terminal/screen/2167da3e_d4a9_465d_a86f_ec405522a8fd'), ('GNOME_SETUP_DISPLAY', ':1'), ('XDG_RUNTIME_DIR', '/run/user/1000'), ('DISPLAY', ':0'), ('LANG', 'zh_CN.UTF-8'), ('XDG_CURRENT_DESKTOP', 'ubuntu:GNOME'), ('LC_TELEPHONE', 'zh_CN.UTF-8'), ('XMODIFIERS', '@im=fcitx'), ('XDG_SESSION_DESKTOP', 'ubuntu'), ('XAUTHORITY', '/run/user/1000/.mutter-Xwaylandauth.C2E3M3'), ('LS_COLORS', 'rs=0:di=01;34:ln=01;36:mh=00:pi=40;33:so=01;35:do=01;35:bd=40;33;01:cd=40;33;01:or=40;31;01:mi=00:su=37;41:sg=30;43:ca=30;41:tw=30;42:ow=34;42:st=37;44:ex=01;32:*.tar=01;31:*.tgz=01;31:*.arc=01;31:*.arj=01;31:*.taz=01;31:*.lha=01;31:*.lz4=01;31:*.lzh=01;31:*.lzma=01;31:*.tlz=01;31:*.txz=01;31:*.tzo=01;31:*.t7z=01;31:*.zip=01;31:*.z=01;31:*.dz=01;31:*.gz=01;31:*.lrz=01;31:*.lz=01;31:*.lzo=01;31:*.xz=01;31:*.zst=01;31:*.tzst=01;31:*.bz2=01;31:*.bz=01;31:*.tbz=01;31:*.tbz2=01;31:*.tz=01;31:*.deb=01;31:*.rpm=01;31:*.jar=01;31:*.war=01;31:*.ear=01;31:*.sar=01;31:*.rar=01;31:*.alz=01;31:*.ace=01;31:*.zoo=01;31:*.cpio=01;31:*.7z=01;31:*.rz=01;31:*.cab=01;31:*.wim=01;31:*.swm=01;31:*.dwm=01;31:*.esd=01;31:*.jpg=01;35:*.jpeg=01;35:*.mjpg=01;35:*.mjpeg=01;35:*.gif=01;35:*.bmp=01;35:*.pbm=01;35:*.pgm=01;35:*.ppm=01;35:*.tga=01;35:*.xbm=01;35:*.xpm=01;35:*.tif=01;35:*.tiff=01;35:*.png=01;35:*.svg=01;35:*.svgz=01;35:*.mng=01;35:*.pcx=01;35:*.mov=01;35:*.mpg=01;35:*.mpeg=01;35:*.m2v=01;35:*.mkv=01;35:*.webm=01;35:*.webp=01;35:*.ogm=01;35:*.mp4=01;35:*.m4v=01;35:*.mp4v=01;35:*.vob=01;35:*.qt=01;35:*.nuv=01;35:*.wmv=01;35:*.asf=01;35:*.rm=01;35:*.rmvb=01;35:*.flc=01;35:*.avi=01;35:*.fli=01;35:*.flv=01;35:*.gl=01;35:*.dl=01;35:*.xcf=01;35:*.xwd=01;35:*.yuv=01;35:*.cgm=01;35:*.emf=01;35:*.ogv=01;35:*.ogx=01;35:*.aac=00;36:*.au=00;36:*.flac=00;36:*.m4a=00;36:*.mid=00;36:*.midi=00;36:*.mka=00;36:*.mp3=00;36:*.mpc=00;36:*.ogg=00;36:*.ra=00;36:*.wav=00;36:*.oga=00;36:*.opus=00;36:*.spx=00;36:*.xspf=00;36:'), ('GNOME_TERMINAL_SERVICE', ':1.461'), ('SSH_AGENT_LAUNCHER', 'gnome-keyring'), ('SSH_AUTH_SOCK', '/run/user/1000/keyring/ssh'), ('AMENT_PREFIX_PATH', '/opt/ros/humble'), ('CONDA_PYTHON_EXE', '/home/hjh/miniconda3/bin/python'), ('SHELL', '/bin/bash'), ('LC_NAME', 'zh_CN.UTF-8'), ('QT_ACCESSIBILITY', '1'), ('GDMSESSION', 'ubuntu'), ('LESSCLOSE', '/usr/bin/lesspipe %s %s'), ('LC_MEASUREMENT', 'zh_CN.UTF-8'), ('LC_IDENTIFICATION', 'zh_CN.UTF-8'), ('QT_IM_MODULE', 'fcitx'), ('PWD', '/home/hjh/RMserial/build/def_msg'), ('XDG_CONFIG_DIRS', '/etc/xdg/xdg-ubuntu:/etc/xdg'), ('CONDA_EXE', '/home/hjh/miniconda3/bin/conda'), ('CLUTTER_IM_MODULE', 'fcitx'), ('DBUS_STARTER_ADDRESS', 'unix:path=/run/user/1000/bus,guid=3dfda3e1fa4d316e9c28dc7469c4bd2d'), ('XDG_DATA_DIRS', '/usr/share/ubuntu:/usr/local/share/:/usr/share/:/var/lib/snapd/desktop'), ('PYTHONPATH', '/opt/ros/humble/lib/python3.10/site-packages:/opt/ros/humble/local/lib/python3.10/dist-packages'), ('HTTP_PROXY', 'http://127.0.0.1:7890/'), ('LC_NUMERIC', 'en_US.UTF-8'), ('LC_PAPER', 'zh_CN.UTF-8'), ('COLCON', '1'), ('VTE_VERSION', '6800'), ('CMAKE_PREFIX_PATH', '/opt/ros/humble')]), 'shell': False}
[2.432648] (def_msg) StdoutLine: {'line': b'[  1%] \x1b[1m\x1b[34mGenerating C code for ROS interfaces\x1b[0m\n'}
[2.432885] (vision_msg) StdoutLine: {'line': b'[ 12%] \x1b[1m\x1b[32mLinking C shared library libvision_msg__rosidl_generator_c.so\x1b[0m\n'}
[2.439988] (def_msg) StdoutLine: {'line': b'[  2%] \x1b[1m\x1b[34mGenerating C++ code for ROS interfaces\x1b[0m\n'}
[2.442386] (def_msg) StdoutLine: {'line': b'[  2%] Built target ament_cmake_python_copy_def_msg\n'}
[2.461379] (vision_msg) StdoutLine: {'line': b'[ 12%] Built target vision_msg__cpp\n'}
[2.463276] (vision_msg) StdoutLine: {'line': b'[ 12%] Built target vision_msg__rosidl_generator_c\n'}
[2.465890] (vision_msg) StdoutLine: {'line': b'[ 14%] \x1b[1m\x1b[34mGenerating C++ type support for eProsima Fast-RTPS\x1b[0m\n'}
[2.466503] (vision_msg) StdoutLine: {'line': b'[ 17%] \x1b[1m\x1b[34mGenerating C++ type support dispatch for ROS interfaces\x1b[0m\n'}
[2.466672] (vision_msg) StdoutLine: {'line': b'[ 19%] \x1b[1m\x1b[34mGenerating C++ introspection for ROS interfaces\x1b[0m\n'}
[2.467707] (vision_msg) StdoutLine: {'line': b'[ 21%] \x1b[1m\x1b[34mGenerating C introspection for ROS interfaces\x1b[0m\n'}
[2.468792] (vision_msg) StdoutLine: {'line': b'[ 23%] \x1b[1m\x1b[34mGenerating C type support dispatch for ROS interfaces\x1b[0m\n'}
[2.469635] (vision_msg) StdoutLine: {'line': b'[ 25%] \x1b[1m\x1b[34mGenerating C type support for eProsima Fast-RTPS\x1b[0m\n'}
[2.504306] (-) TimerEvent: {}
[2.517113] (pb_rm_interfaces) StdoutLine: {'line': b'running egg_info\n'}
[2.517264] (pb_rm_interfaces) StdoutLine: {'line': b'creating pb_rm_interfaces.egg-info\n'}
[2.517387] (pb_rm_interfaces) StdoutLine: {'line': b'writing pb_rm_interfaces.egg-info/PKG-INFO\n'}
[2.517461] (pb_rm_interfaces) StdoutLine: {'line': b'writing dependency_links to pb_rm_interfaces.egg-info/dependency_links.txt\n'}
[2.517658] (pb_rm_interfaces) StdoutLine: {'line': b'writing top-level names to pb_rm_interfaces.egg-info/top_level.txt\n'}
[2.517968] (pb_rm_interfaces) StdoutLine: {'line': b"writing manifest file 'pb_rm_interfaces.egg-info/SOURCES.txt'\n"}
[2.521335] (pb_rm_interfaces) StdoutLine: {'line': b"reading manifest file 'pb_rm_interfaces.egg-info/SOURCES.txt'\n"}
[2.521512] (pb_rm_interfaces) StdoutLine: {'line': b"writing manifest file 'pb_rm_interfaces.egg-info/SOURCES.txt'\n"}
[2.553802] (pb_rm_interfaces) StdoutLine: {'line': b'[  5%] Built target ament_cmake_python_build_pb_rm_interfaces_egg\n'}
[2.604399] (-) TimerEvent: {}
[2.638505] (pb_rm_interfaces) StdoutLine: {'line': b'[  5%] Built target pb_rm_interfaces__cpp\n'}
[2.643159] (pb_rm_interfaces) StdoutLine: {'line': b'[  7%] \x1b[1m\x1b[34mGenerating C++ type support dispatch for ROS interfaces\x1b[0m\n'}
[2.643579] (pb_rm_interfaces) StdoutLine: {'line': b'[ 10%] \x1b[1m\x1b[34mGenerating C++ introspection for ROS interfaces\x1b[0m\n'}
[2.643936] (pb_rm_interfaces) StdoutLine: {'line': b'[ 12%] \x1b[1m\x1b[34mGenerating C++ type support for eProsima Fast-RTPS\x1b[0m\n'}
[2.704563] (-) TimerEvent: {}
[2.785113] (def_msg) StdoutLine: {'line': b'running egg_info\n'}
[2.785271] (def_msg) StdoutLine: {'line': b'creating def_msg.egg-info\n'}
[2.785339] (def_msg) StdoutLine: {'line': b'writing def_msg.egg-info/PKG-INFO\n'}
[2.785422] (def_msg) StdoutLine: {'line': b'writing dependency_links to def_msg.egg-info/dependency_links.txt\n'}
[2.785497] (def_msg) StdoutLine: {'line': b'writing top-level names to def_msg.egg-info/top_level.txt\n'}
[2.785815] (def_msg) StdoutLine: {'line': b"writing manifest file 'def_msg.egg-info/SOURCES.txt'\n"}
[2.788969] (def_msg) StdoutLine: {'line': b"reading manifest file 'def_msg.egg-info/SOURCES.txt'\n"}
[2.789219] (def_msg) StdoutLine: {'line': b"writing manifest file 'def_msg.egg-info/SOURCES.txt'\n"}
[2.792115] (vision_msg) StdoutLine: {'line': b'[ 29%] \x1b[32mBuilding C object CMakeFiles/vision_msg__rosidl_typesupport_introspection_c.dir/rosidl_typesupport_introspection_c/vision_msg/msg/detail/gimble_position__type_support.c.o\x1b[0m\n'}
[2.792328] (vision_msg) StdoutLine: {'line': b'[ 29%] \x1b[32mBuilding C object CMakeFiles/vision_msg__rosidl_typesupport_introspection_c.dir/rosidl_typesupport_introspection_c/vision_msg/msg/detail/detected_id__type_support.c.o\x1b[0m\n'}
[2.792419] (vision_msg) StdoutLine: {'line': b'[ 31%] \x1b[32mBuilding C object CMakeFiles/vision_msg__rosidl_typesupport_introspection_c.dir/rosidl_typesupport_introspection_c/vision_msg/msg/detail/selected_id__type_support.c.o\x1b[0m\n'}
[2.804665] (-) TimerEvent: {}
[2.819205] (def_msg) StdoutLine: {'line': b'[  2%] Built target ament_cmake_python_build_def_msg_egg\n'}
[2.828971] (vision_msg) StdoutLine: {'line': b'[ 34%] \x1b[1m\x1b[32mLinking C shared library libvision_msg__rosidl_typesupport_introspection_c.so\x1b[0m\n'}
[2.849136] (vision_msg) StdoutLine: {'line': b'[ 36%] \x1b[32mBuilding CXX object CMakeFiles/vision_msg__rosidl_typesupport_introspection_cpp.dir/rosidl_typesupport_introspection_cpp/vision_msg/msg/detail/gimble_position__type_support.cpp.o\x1b[0m\n'}
[2.849337] (vision_msg) StdoutLine: {'line': b'[ 38%] \x1b[32mBuilding CXX object CMakeFiles/vision_msg__rosidl_typesupport_introspection_cpp.dir/rosidl_typesupport_introspection_cpp/vision_msg/msg/detail/selected_id__type_support.cpp.o\x1b[0m\n'}
[2.849440] (vision_msg) StdoutLine: {'line': b'[ 40%] \x1b[32mBuilding CXX object CMakeFiles/vision_msg__rosidl_typesupport_introspection_cpp.dir/rosidl_typesupport_introspection_cpp/vision_msg/msg/detail/detected_id__type_support.cpp.o\x1b[0m\n'}
[2.857656] (vision_msg) StdoutLine: {'line': b'[ 40%] Built target vision_msg__rosidl_typesupport_introspection_c\n'}
[2.858478] (vision_msg) StdoutLine: {'line': b'[ 42%] \x1b[32mBuilding CXX object CMakeFiles/vision_msg__rosidl_typesupport_c.dir/rosidl_typesupport_c/vision_msg/msg/gimble_position__type_support.cpp.o\x1b[0m\n'}
[2.858903] (vision_msg) StdoutLine: {'line': b'[ 44%] \x1b[32mBuilding CXX object CMakeFiles/vision_msg__rosidl_typesupport_c.dir/rosidl_typesupport_c/vision_msg/msg/detected_id__type_support.cpp.o\x1b[0m\n'}
[2.861802] (vision_msg) StdoutLine: {'line': b'[ 46%] \x1b[32mBuilding CXX object CMakeFiles/vision_msg__rosidl_typesupport_c.dir/rosidl_typesupport_c/vision_msg/msg/selected_id__type_support.cpp.o\x1b[0m\n'}
[2.885782] (vision_msg) StdoutLine: {'line': b'[ 48%] \x1b[1m\x1b[32mLinking CXX shared library libvision_msg__rosidl_typesupport_c.so\x1b[0m\n'}
[2.889905] (vision_msg) StdoutLine: {'line': b'[ 51%] \x1b[32mBuilding CXX object CMakeFiles/vision_msg__rosidl_typesupport_cpp.dir/rosidl_typesupport_cpp/vision_msg/msg/selected_id__type_support.cpp.o\x1b[0m\n'}
[2.890473] (vision_msg) StdoutLine: {'line': b'[ 53%] \x1b[32mBuilding CXX object CMakeFiles/vision_msg__rosidl_typesupport_cpp.dir/rosidl_typesupport_cpp/vision_msg/msg/gimble_position__type_support.cpp.o\x1b[0m\n'}
[2.890799] (vision_msg) StdoutLine: {'line': b'[ 55%] \x1b[32mBuilding CXX object CMakeFiles/vision_msg__rosidl_typesupport_cpp.dir/rosidl_typesupport_cpp/vision_msg/msg/detected_id__type_support.cpp.o\x1b[0m\n'}
[2.904756] (-) TimerEvent: {}
[2.928055] (vision_msg) StdoutLine: {'line': b'[ 55%] Built target vision_msg__rosidl_typesupport_c\n'}
[2.939344] (vision_msg) StdoutLine: {'line': b'[ 57%] \x1b[32mBuilding CXX object CMakeFiles/vision_msg__rosidl_typesupport_fastrtps_c.dir/rosidl_typesupport_fastrtps_c/vision_msg/msg/detail/gimble_position__type_support_c.cpp.o\x1b[0m\n'}
[2.940291] (vision_msg) StdoutLine: {'line': b'[ 59%] \x1b[32mBuilding CXX object CMakeFiles/vision_msg__rosidl_typesupport_fastrtps_c.dir/rosidl_typesupport_fastrtps_c/vision_msg/msg/detail/detected_id__type_support_c.cpp.o\x1b[0m\n'}
[2.941249] (vision_msg) StdoutLine: {'line': b'[ 61%] \x1b[32mBuilding CXX object CMakeFiles/vision_msg__rosidl_typesupport_fastrtps_c.dir/rosidl_typesupport_fastrtps_c/vision_msg/msg/detail/selected_id__type_support_c.cpp.o\x1b[0m\n'}
[2.952047] (pb_rm_interfaces) StdoutLine: {'line': b'[ 15%] \x1b[32mBuilding C object CMakeFiles/pb_rm_interfaces__rosidl_generator_c.dir/rosidl_generator_c/pb_rm_interfaces/msg/detail/game_status__functions.c.o\x1b[0m\n'}
[2.952206] (pb_rm_interfaces) StdoutLine: {'line': b'[ 17%] \x1b[32mBuilding C object CMakeFiles/pb_rm_interfaces__rosidl_generator_c.dir/rosidl_generator_c/pb_rm_interfaces/msg/detail/robot_status__functions.c.o\x1b[0m\n'}
[2.977116] (vision_msg) StdoutLine: {'line': b'[ 63%] \x1b[32mBuilding CXX object CMakeFiles/vision_msg__rosidl_typesupport_fastrtps_cpp.dir/rosidl_typesupport_fastrtps_cpp/vision_msg/msg/detail/dds_fastrtps/gimble_position__type_support.cpp.o\x1b[0m\n'}
[2.984164] (vision_msg) StdoutLine: {'line': b'[ 65%] \x1b[32mBuilding CXX object CMakeFiles/vision_msg__rosidl_typesupport_fastrtps_cpp.dir/rosidl_typesupport_fastrtps_cpp/vision_msg/msg/detail/dds_fastrtps/detected_id__type_support.cpp.o\x1b[0m\n'}
[2.992017] (vision_msg) StdoutLine: {'line': b'[ 68%] \x1b[32mBuilding CXX object CMakeFiles/vision_msg__rosidl_typesupport_fastrtps_cpp.dir/rosidl_typesupport_fastrtps_cpp/vision_msg/msg/detail/dds_fastrtps/selected_id__type_support.cpp.o\x1b[0m\n'}
[3.004861] (-) TimerEvent: {}
[3.056288] (pb_rm_interfaces) StdoutLine: {'line': b'[ 20%] \x1b[1m\x1b[32mLinking C shared library libpb_rm_interfaces__rosidl_generator_c.so\x1b[0m\n'}
[3.105063] (-) TimerEvent: {}
[3.114204] (pb_rm_interfaces) StdoutLine: {'line': b'[ 20%] Built target pb_rm_interfaces__rosidl_generator_c\n'}
[3.130133] (pb_rm_interfaces) StdoutLine: {'line': b'[ 23%] \x1b[1m\x1b[34mGenerating C type support for eProsima Fast-RTPS\x1b[0m\n'}
[3.132101] (pb_rm_interfaces) StdoutLine: {'line': b'[ 25%] \x1b[1m\x1b[34mGenerating C introspection for ROS interfaces\x1b[0m\n'}
[3.135455] (pb_rm_interfaces) StdoutLine: {'line': b'[ 28%] \x1b[1m\x1b[34mGenerating C type support dispatch for ROS interfaces\x1b[0m\n'}
[3.205165] (-) TimerEvent: {}
[3.229166] (pb_rm_interfaces) StdoutLine: {'line': b'[ 30%] \x1b[32mBuilding CXX object CMakeFiles/pb_rm_interfaces__rosidl_typesupport_fastrtps_cpp.dir/rosidl_typesupport_fastrtps_cpp/pb_rm_interfaces/msg/detail/dds_fastrtps/game_status__type_support.cpp.o\x1b[0m\n'}
[3.232024] (pb_rm_interfaces) StdoutLine: {'line': b'[ 33%] \x1b[32mBuilding CXX object CMakeFiles/pb_rm_interfaces__rosidl_typesupport_fastrtps_cpp.dir/rosidl_typesupport_fastrtps_cpp/pb_rm_interfaces/msg/detail/dds_fastrtps/robot_status__type_support.cpp.o\x1b[0m\n'}
[3.305270] (-) TimerEvent: {}
[3.320845] (vision_msg) StdoutLine: {'line': b'[ 70%] \x1b[1m\x1b[32mLinking CXX shared library libvision_msg__rosidl_typesupport_cpp.so\x1b[0m\n'}
[3.346483] (pb_rm_interfaces) StdoutLine: {'line': b'[ 35%] \x1b[32mBuilding CXX object CMakeFiles/pb_rm_interfaces__rosidl_typesupport_cpp.dir/rosidl_typesupport_cpp/pb_rm_interfaces/msg/game_status__type_support.cpp.o\x1b[0m\n'}
[3.349496] (pb_rm_interfaces) StdoutLine: {'line': b'[ 38%] \x1b[32mBuilding CXX object CMakeFiles/pb_rm_interfaces__rosidl_typesupport_cpp.dir/rosidl_typesupport_cpp/pb_rm_interfaces/msg/robot_status__type_support.cpp.o\x1b[0m\n'}
[3.381107] (pb_rm_interfaces) StdoutLine: {'line': b'[ 41%] \x1b[32mBuilding CXX object CMakeFiles/pb_rm_interfaces__rosidl_typesupport_introspection_cpp.dir/rosidl_typesupport_introspection_cpp/pb_rm_interfaces/msg/detail/game_status__type_support.cpp.o\x1b[0m\n'}
[3.381274] (pb_rm_interfaces) StdoutLine: {'line': b'[ 43%] \x1b[32mBuilding CXX object CMakeFiles/pb_rm_interfaces__rosidl_typesupport_introspection_cpp.dir/rosidl_typesupport_introspection_cpp/pb_rm_interfaces/msg/detail/robot_status__type_support.cpp.o\x1b[0m\n'}
[3.386990] (vision_msg) StdoutLine: {'line': b'[ 70%] Built target vision_msg__rosidl_typesupport_cpp\n'}
[3.405378] (-) TimerEvent: {}
[3.469132] (vision_msg) StdoutLine: {'line': b'[ 72%] \x1b[1m\x1b[32mLinking CXX shared library libvision_msg__rosidl_typesupport_fastrtps_c.so\x1b[0m\n'}
[3.505485] (-) TimerEvent: {}
[3.515077] (vision_msg) StdoutLine: {'line': b'[ 74%] \x1b[1m\x1b[32mLinking CXX shared library libvision_msg__rosidl_typesupport_introspection_cpp.so\x1b[0m\n'}
[3.602263] (vision_msg) StdoutLine: {'line': b'[ 74%] Built target vision_msg__rosidl_typesupport_fastrtps_c\n'}
[3.605033] (vision_msg) StdoutLine: {'line': b'[ 74%] Built target vision_msg__rosidl_typesupport_introspection_cpp\n'}
[3.605574] (-) TimerEvent: {}
[3.667515] (def_msg) StdoutLine: {'line': b'[  2%] Built target def_msg__cpp\n'}
[3.675130] (def_msg) StdoutLine: {'line': b'[  3%] \x1b[1m\x1b[34mGenerating C++ type support dispatch for ROS interfaces\x1b[0m\n'}
[3.675349] (def_msg) StdoutLine: {'line': b'[  4%] \x1b[1m\x1b[34mGenerating C++ introspection for ROS interfaces\x1b[0m\n'}
[3.675432] (def_msg) StdoutLine: {'line': b'[  5%] \x1b[1m\x1b[34mGenerating C++ type support for eProsima Fast-RTPS\x1b[0m\n'}
[3.680792] (vision_msg) StdoutLine: {'line': b'[ 76%] \x1b[1m\x1b[32mLinking CXX shared library libvision_msg__rosidl_typesupport_fastrtps_cpp.so\x1b[0m\n'}
[3.683616] (pb_rm_interfaces) StdoutLine: {'line': b'[ 46%] \x1b[1m\x1b[32mLinking CXX shared library libpb_rm_interfaces__rosidl_typesupport_fastrtps_cpp.so\x1b[0m\n'}
[3.706363] (-) TimerEvent: {}
[3.745119] (def_msg) StdoutLine: {'line': b'[  6%] \x1b[32mBuilding C object CMakeFiles/def_msg__rosidl_generator_c.dir/rosidl_generator_c/def_msg/msg/detail/gimble_control__functions.c.o\x1b[0m\n'}
[3.745352] (def_msg) StdoutLine: {'line': b'[  8%] \x1b[32mBuilding C object CMakeFiles/def_msg__rosidl_generator_c.dir/rosidl_generator_c/def_msg/msg/detail/gobal_information__functions.c.o\x1b[0m\n'}
[3.750073] (def_msg) StdoutLine: {'line': b'[  9%] \x1b[32mBuilding C object CMakeFiles/def_msg__rosidl_generator_c.dir/rosidl_generator_c/def_msg/msg/detail/common_control__functions.c.o\x1b[0m\n'}
[3.751592] (def_msg) StdoutLine: {'line': b'[ 10%] \x1b[32mBuilding C object CMakeFiles/def_msg__rosidl_generator_c.dir/rosidl_generator_c/def_msg/msg/detail/em_control__functions.c.o\x1b[0m\n'}
[3.754013] (def_msg) StdoutLine: {'line': b'[ 12%] \x1b[32mBuilding C object CMakeFiles/def_msg__rosidl_generator_c.dir/rosidl_generator_c/def_msg/srv/detail/controller_mode_set__functions.c.o\x1b[0m\n'}
[3.754234] (def_msg) StdoutLine: {'line': b'[ 12%] \x1b[32mBuilding C object CMakeFiles/def_msg__rosidl_generator_c.dir/rosidl_generator_c/def_msg/msg/detail/gimble_position__functions.c.o\x1b[0m\n'}
[3.758147] (def_msg) StdoutLine: {'line': b'[ 13%] \x1b[32mBuilding C object CMakeFiles/def_msg__rosidl_generator_c.dir/rosidl_generator_c/def_msg/srv/detail/heart_beat__functions.c.o\x1b[0m\n'}
[3.758423] (def_msg) StdoutLine: {'line': b'[ 14%] \x1b[32mBuilding C object CMakeFiles/def_msg__rosidl_generator_c.dir/rosidl_generator_c/def_msg/action/detail/nav_pose__functions.c.o\x1b[0m\n'}
[3.797308] (pb_rm_interfaces) StdoutLine: {'line': b'[ 46%] Built target pb_rm_interfaces__rosidl_typesupport_fastrtps_cpp\n'}
[3.806488] (pb_rm_interfaces) StdoutLine: {'line': b'[ 48%] \x1b[1m\x1b[32mLinking CXX shared library libpb_rm_interfaces__rosidl_typesupport_cpp.so\x1b[0m\n'}
[3.806649] (-) TimerEvent: {}
[3.814111] (vision_msg) StdoutLine: {'line': b'[ 76%] Built target vision_msg__rosidl_typesupport_fastrtps_cpp\n'}
[3.824657] (vision_msg) StdoutLine: {'line': b'[ 76%] Built target vision_msg\n'}
[3.828844] (pb_rm_interfaces) StdoutLine: {'line': b'[ 51%] \x1b[32mBuilding CXX object CMakeFiles/pb_rm_interfaces__rosidl_typesupport_c.dir/rosidl_typesupport_c/pb_rm_interfaces/msg/game_status__type_support.cpp.o\x1b[0m\n'}
[3.829269] (pb_rm_interfaces) StdoutLine: {'line': b'[ 53%] \x1b[32mBuilding CXX object CMakeFiles/pb_rm_interfaces__rosidl_typesupport_c.dir/rosidl_typesupport_c/pb_rm_interfaces/msg/robot_status__type_support.cpp.o\x1b[0m\n'}
[3.833911] (vision_msg) StdoutLine: {'line': b'[ 78%] \x1b[1m\x1b[34mGenerating Python code for ROS interfaces\x1b[0m\n'}
[3.842935] (pb_rm_interfaces) StdoutLine: {'line': b'[ 53%] Built target pb_rm_interfaces__rosidl_typesupport_cpp\n'}
[3.855746] (pb_rm_interfaces) StdoutLine: {'line': b'[ 56%] \x1b[32mBuilding CXX object CMakeFiles/pb_rm_interfaces__rosidl_typesupport_fastrtps_c.dir/rosidl_typesupport_fastrtps_c/pb_rm_interfaces/msg/detail/game_status__type_support_c.cpp.o\x1b[0m\n'}
[3.856634] (pb_rm_interfaces) StdoutLine: {'line': b'[ 61%] \x1b[32mBuilding CXX object CMakeFiles/pb_rm_interfaces__rosidl_typesupport_fastrtps_c.dir/rosidl_typesupport_fastrtps_c/pb_rm_interfaces/msg/detail/robot_status__type_support_c.cpp.o\x1b[0m\n'}
[3.856780] (pb_rm_interfaces) StdoutLine: {'line': b'[ 61%] \x1b[1m\x1b[32mLinking CXX shared library libpb_rm_interfaces__rosidl_typesupport_c.so\x1b[0m\n'}
[3.893633] (pb_rm_interfaces) StdoutLine: {'line': b'[ 61%] Built target pb_rm_interfaces__rosidl_typesupport_c\n'}
[3.906767] (-) TimerEvent: {}
[3.936548] (pb_rm_interfaces) StdoutLine: {'line': b'[ 64%] \x1b[1m\x1b[32mLinking CXX shared library libpb_rm_interfaces__rosidl_typesupport_introspection_cpp.so\x1b[0m\n'}
[3.944179] (pb_rm_interfaces) StdoutLine: {'line': b'[ 66%] \x1b[32mBuilding C object CMakeFiles/pb_rm_interfaces__rosidl_typesupport_introspection_c.dir/rosidl_typesupport_introspection_c/pb_rm_interfaces/msg/detail/robot_status__type_support.c.o\x1b[0m\n'}
[3.944808] (pb_rm_interfaces) StdoutLine: {'line': b'[ 69%] \x1b[32mBuilding C object CMakeFiles/pb_rm_interfaces__rosidl_typesupport_introspection_c.dir/rosidl_typesupport_introspection_c/pb_rm_interfaces/msg/detail/game_status__type_support.c.o\x1b[0m\n'}
[3.945774] (def_msg) StdoutLine: {'line': b'[ 16%] \x1b[1m\x1b[32mLinking C shared library libdef_msg__rosidl_generator_c.so\x1b[0m\n'}
[3.973145] (def_msg) StdoutLine: {'line': b'[ 16%] Built target def_msg__rosidl_generator_c\n'}
[3.978148] (def_msg) StdoutLine: {'line': b'[ 18%] \x1b[1m\x1b[34mGenerating C type support for eProsima Fast-RTPS\x1b[0m\n'}
[3.978337] (def_msg) StdoutLine: {'line': b'[ 18%] \x1b[1m\x1b[34mGenerating C introspection for ROS interfaces\x1b[0m\n'}
[3.978407] (pb_rm_interfaces) StdoutLine: {'line': b'[ 71%] \x1b[1m\x1b[32mLinking C shared library libpb_rm_interfaces__rosidl_typesupport_introspection_c.so\x1b[0m\n'}
[3.978602] (def_msg) StdoutLine: {'line': b'[ 19%] \x1b[1m\x1b[34mGenerating C type support dispatch for ROS interfaces\x1b[0m\n'}
[4.006487] (pb_rm_interfaces) StdoutLine: {'line': b'[ 71%] Built target pb_rm_interfaces__rosidl_typesupport_introspection_cpp\n'}
[4.006838] (-) TimerEvent: {}
[4.007825] (pb_rm_interfaces) StdoutLine: {'line': b'[ 71%] Built target pb_rm_interfaces__rosidl_typesupport_introspection_c\n'}
[4.106946] (-) TimerEvent: {}
[4.207292] (-) TimerEvent: {}
[4.272949] (pb_rm_interfaces) StdoutLine: {'line': b'[ 74%] \x1b[1m\x1b[32mLinking CXX shared library libpb_rm_interfaces__rosidl_typesupport_fastrtps_c.so\x1b[0m\n'}
[4.284730] (vision_msg) StdoutLine: {'line': b'[ 78%] Built target vision_msg__py\n'}
[4.297305] (vision_msg) StdoutLine: {'line': b'[ 85%] \x1b[32mBuilding C object CMakeFiles/vision_msg__rosidl_generator_py.dir/rosidl_generator_py/vision_msg/msg/_selected_id_s.c.o\x1b[0m\n'}
[4.297502] (vision_msg) StdoutLine: {'line': b'[ 85%] \x1b[32mBuilding C object CMakeFiles/vision_msg__rosidl_generator_py.dir/rosidl_generator_py/vision_msg/msg/_gimble_position_s.c.o\x1b[0m\n'}
[4.297598] (vision_msg) StdoutLine: {'line': b'[ 85%] \x1b[32mBuilding C object CMakeFiles/vision_msg__rosidl_generator_py.dir/rosidl_generator_py/vision_msg/msg/_detected_id_s.c.o\x1b[0m\n'}
[4.308561] (-) TimerEvent: {}
[4.364058] (def_msg) StdoutLine: {'line': b'[ 20%] \x1b[32mBuilding CXX object CMakeFiles/def_msg__rosidl_typesupport_cpp.dir/rosidl_typesupport_cpp/def_msg/msg/gobal_information__type_support.cpp.o\x1b[0m\n'}
[4.364216] (def_msg) StdoutLine: {'line': b'[ 21%] \x1b[32mBuilding CXX object CMakeFiles/def_msg__rosidl_typesupport_cpp.dir/rosidl_typesupport_cpp/def_msg/msg/gimble_control__type_support.cpp.o\x1b[0m\n'}
[4.364283] (def_msg) StdoutLine: {'line': b'[ 22%] \x1b[32mBuilding CXX object CMakeFiles/def_msg__rosidl_typesupport_cpp.dir/rosidl_typesupport_cpp/def_msg/msg/common_control__type_support.cpp.o\x1b[0m\n'}
[4.364515] (def_msg) StdoutLine: {'line': b'[ 24%] \x1b[32mBuilding CXX object CMakeFiles/def_msg__rosidl_typesupport_cpp.dir/rosidl_typesupport_cpp/def_msg/msg/gimble_position__type_support.cpp.o\x1b[0m\n'}
[4.364972] (def_msg) StdoutLine: {'line': b'[ 25%] \x1b[32mBuilding CXX object CMakeFiles/def_msg__rosidl_typesupport_cpp.dir/rosidl_typesupport_cpp/def_msg/msg/em_control__type_support.cpp.o\x1b[0m\n'}
[4.366306] (def_msg) StdoutLine: {'line': b'[ 26%] \x1b[32mBuilding CXX object CMakeFiles/def_msg__rosidl_typesupport_cpp.dir/rosidl_typesupport_cpp/def_msg/srv/controller_mode_set__type_support.cpp.o\x1b[0m\n'}
[4.367875] (def_msg) StdoutLine: {'line': b'[ 27%] \x1b[32mBuilding CXX object CMakeFiles/def_msg__rosidl_typesupport_cpp.dir/rosidl_typesupport_cpp/def_msg/srv/heart_beat__type_support.cpp.o\x1b[0m\n'}
[4.368763] (def_msg) StdoutLine: {'line': b'[ 28%] \x1b[32mBuilding CXX object CMakeFiles/def_msg__rosidl_typesupport_fastrtps_cpp.dir/rosidl_typesupport_fastrtps_cpp/def_msg/msg/detail/dds_fastrtps/gobal_information__type_support.cpp.o\x1b[0m\n'}
[4.369269] (pb_rm_interfaces) StdoutLine: {'line': b'[ 74%] Built target pb_rm_interfaces__rosidl_typesupport_fastrtps_c\n'}
[4.370536] (def_msg) StdoutLine: {'line': b'[ 29%] \x1b[32mBuilding CXX object CMakeFiles/def_msg__rosidl_typesupport_fastrtps_cpp.dir/rosidl_typesupport_fastrtps_cpp/def_msg/msg/detail/dds_fastrtps/gimble_control__type_support.cpp.o\x1b[0m\n'}
[4.371299] (def_msg) StdoutLine: {'line': b'[ 32%] \x1b[32mBuilding CXX object CMakeFiles/def_msg__rosidl_typesupport_fastrtps_cpp.dir/rosidl_typesupport_fastrtps_cpp/def_msg/msg/detail/dds_fastrtps/gimble_position__type_support.cpp.o\x1b[0m\n'}
[4.371481] (def_msg) StdoutLine: {'line': b'[ 31%] \x1b[32mBuilding CXX object CMakeFiles/def_msg__rosidl_typesupport_fastrtps_cpp.dir/rosidl_typesupport_fastrtps_cpp/def_msg/msg/detail/dds_fastrtps/common_control__type_support.cpp.o\x1b[0m\n'}
[4.372363] (def_msg) StdoutLine: {'line': b'[ 33%] \x1b[32mBuilding CXX object CMakeFiles/def_msg__rosidl_typesupport_fastrtps_cpp.dir/rosidl_typesupport_fastrtps_cpp/def_msg/msg/detail/dds_fastrtps/em_control__type_support.cpp.o\x1b[0m\n'}
[4.384753] (pb_rm_interfaces) StdoutLine: {'line': b'[ 74%] Built target pb_rm_interfaces\n'}
[4.403635] (pb_rm_interfaces) StdoutLine: {'line': b'[ 76%] \x1b[1m\x1b[34mGenerating Python code for ROS interfaces\x1b[0m\n'}
[4.408662] (-) TimerEvent: {}
[4.508989] (-) TimerEvent: {}
[4.552110] (vision_msg) StdoutLine: {'line': b'[ 87%] \x1b[1m\x1b[32mLinking C shared library rosidl_generator_py/vision_msg/libvision_msg__rosidl_generator_py.so\x1b[0m\n'}
[4.560498] (def_msg) StdoutLine: {'line': b'[ 34%] \x1b[32mBuilding CXX object CMakeFiles/def_msg__rosidl_typesupport_c.dir/rosidl_typesupport_c/def_msg/msg/gobal_information__type_support.cpp.o\x1b[0m\n'}
[4.571090] (def_msg) StdoutLine: {'line': b'[ 35%] \x1b[32mBuilding CXX object CMakeFiles/def_msg__rosidl_typesupport_introspection_cpp.dir/rosidl_typesupport_introspection_cpp/def_msg/msg/detail/gobal_information__type_support.cpp.o\x1b[0m\n'}
[4.595858] (def_msg) StdoutLine: {'line': b'[ 36%] \x1b[32mBuilding CXX object CMakeFiles/def_msg__rosidl_typesupport_c.dir/rosidl_typesupport_c/def_msg/msg/gimble_control__type_support.cpp.o\x1b[0m\n'}
[4.609073] (-) TimerEvent: {}
[4.627153] (vision_msg) StdoutLine: {'line': b'[ 87%] Built target vision_msg__rosidl_generator_py\n'}
[4.627657] (def_msg) StdoutLine: {'line': b'[ 37%] \x1b[32mBuilding CXX object CMakeFiles/def_msg__rosidl_typesupport_c.dir/rosidl_typesupport_c/def_msg/msg/common_control__type_support.cpp.o\x1b[0m\n'}
[4.643218] (vision_msg) StdoutLine: {'line': b'[ 89%] \x1b[32mBuilding C object CMakeFiles/vision_msg__rosidl_typesupport_introspection_c__pyext.dir/rosidl_generator_py/vision_msg/_vision_msg_s.ep.rosidl_typesupport_introspection_c.c.o\x1b[0m\n'}
[4.659813] (vision_msg) StdoutLine: {'line': b'[ 91%] \x1b[32mBuilding C object CMakeFiles/vision_msg__rosidl_typesupport_fastrtps_c__pyext.dir/rosidl_generator_py/vision_msg/_vision_msg_s.ep.rosidl_typesupport_fastrtps_c.c.o\x1b[0m\n'}
[4.663422] (vision_msg) StdoutLine: {'line': b'[ 93%] \x1b[32mBuilding C object CMakeFiles/vision_msg__rosidl_typesupport_c__pyext.dir/rosidl_generator_py/vision_msg/_vision_msg_s.ep.rosidl_typesupport_c.c.o\x1b[0m\n'}
[4.677305] (def_msg) StdoutLine: {'line': b'[ 39%] \x1b[32mBuilding CXX object CMakeFiles/def_msg__rosidl_typesupport_c.dir/rosidl_typesupport_c/def_msg/msg/em_control__type_support.cpp.o\x1b[0m\n'}
[4.694136] (def_msg) StdoutLine: {'line': b'[ 40%] \x1b[32mBuilding CXX object CMakeFiles/def_msg__rosidl_typesupport_cpp.dir/rosidl_typesupport_cpp/def_msg/action/nav_pose__type_support.cpp.o\x1b[0m\n'}
[4.698606] (def_msg) StdoutLine: {'line': b'[ 41%] \x1b[32mBuilding CXX object CMakeFiles/def_msg__rosidl_typesupport_c.dir/rosidl_typesupport_c/def_msg/msg/gimble_position__type_support.cpp.o\x1b[0m\n'}
[4.709171] (-) TimerEvent: {}
[4.718232] (def_msg) StdoutLine: {'line': b'[ 42%] \x1b[32mBuilding CXX object CMakeFiles/def_msg__rosidl_typesupport_introspection_cpp.dir/rosidl_typesupport_introspection_cpp/def_msg/msg/detail/gimble_control__type_support.cpp.o\x1b[0m\n'}
[4.728231] (def_msg) StdoutLine: {'line': b'[ 43%] \x1b[32mBuilding CXX object CMakeFiles/def_msg__rosidl_typesupport_c.dir/rosidl_typesupport_c/def_msg/srv/controller_mode_set__type_support.cpp.o\x1b[0m\n'}
[4.759092] (def_msg) StdoutLine: {'line': b'[ 44%] \x1b[32mBuilding CXX object CMakeFiles/def_msg__rosidl_typesupport_introspection_cpp.dir/rosidl_typesupport_introspection_cpp/def_msg/msg/detail/common_control__type_support.cpp.o\x1b[0m\n'}
[4.766124] (def_msg) StdoutLine: {'line': b'[ 45%] \x1b[32mBuilding CXX object CMakeFiles/def_msg__rosidl_typesupport_introspection_cpp.dir/rosidl_typesupport_introspection_cpp/def_msg/msg/detail/em_control__type_support.cpp.o\x1b[0m\n'}
[4.786961] (def_msg) StdoutLine: {'line': b'[ 47%] \x1b[32mBuilding CXX object CMakeFiles/def_msg__rosidl_typesupport_c.dir/rosidl_typesupport_c/def_msg/srv/heart_beat__type_support.cpp.o\x1b[0m\n'}
[4.808280] (def_msg) StdoutLine: {'line': b'[ 48%] \x1b[32mBuilding CXX object CMakeFiles/def_msg__rosidl_typesupport_fastrtps_cpp.dir/rosidl_typesupport_fastrtps_cpp/def_msg/srv/detail/dds_fastrtps/controller_mode_set__type_support.cpp.o\x1b[0m\n'}
[4.809259] (-) TimerEvent: {}
[4.826819] (def_msg) StdoutLine: {'line': b'[ 49%] \x1b[32mBuilding CXX object CMakeFiles/def_msg__rosidl_typesupport_fastrtps_cpp.dir/rosidl_typesupport_fastrtps_cpp/def_msg/srv/detail/dds_fastrtps/heart_beat__type_support.cpp.o\x1b[0m\n'}
[4.835717] (def_msg) StdoutLine: {'line': b'[ 50%] \x1b[32mBuilding CXX object CMakeFiles/def_msg__rosidl_typesupport_fastrtps_cpp.dir/rosidl_typesupport_fastrtps_cpp/def_msg/action/detail/dds_fastrtps/nav_pose__type_support.cpp.o\x1b[0m\n'}
[4.842076] (def_msg) StdoutLine: {'line': b'[ 51%] \x1b[32mBuilding CXX object CMakeFiles/def_msg__rosidl_typesupport_c.dir/rosidl_typesupport_c/def_msg/action/nav_pose__type_support.cpp.o\x1b[0m\n'}
[4.849234] (vision_msg) StdoutLine: {'line': b'[ 97%] \x1b[1m\x1b[32mLinking C shared library rosidl_generator_py/vision_msg/vision_msg_s__rosidl_typesupport_fastrtps_c.cpython-310-x86_64-linux-gnu.so\x1b[0m\n'}
[4.849449] (vision_msg) StdoutLine: {'line': b'[ 97%] \x1b[1m\x1b[32mLinking C shared library rosidl_generator_py/vision_msg/vision_msg_s__rosidl_typesupport_c.cpython-310-x86_64-linux-gnu.so\x1b[0m\n'}
[4.850131] (def_msg) StdoutLine: {'line': b'[ 52%] \x1b[32mBuilding CXX object CMakeFiles/def_msg__rosidl_typesupport_introspection_cpp.dir/rosidl_typesupport_introspection_cpp/def_msg/msg/detail/gimble_position__type_support.cpp.o\x1b[0m\n'}
[4.881739] (vision_msg) StdoutLine: {'line': b'[100%] \x1b[1m\x1b[32mLinking C shared library rosidl_generator_py/vision_msg/vision_msg_s__rosidl_typesupport_introspection_c.cpython-310-x86_64-linux-gnu.so\x1b[0m\n'}
[4.881966] (def_msg) StdoutLine: {'line': b'[ 54%] \x1b[32mBuilding CXX object CMakeFiles/def_msg__rosidl_typesupport_introspection_cpp.dir/rosidl_typesupport_introspection_cpp/def_msg/srv/detail/controller_mode_set__type_support.cpp.o\x1b[0m\n'}
[4.906231] (def_msg) StdoutLine: {'line': b'[ 55%] \x1b[32mBuilding CXX object CMakeFiles/def_msg__rosidl_typesupport_introspection_cpp.dir/rosidl_typesupport_introspection_cpp/def_msg/srv/detail/heart_beat__type_support.cpp.o\x1b[0m\n'}
[4.909366] (-) TimerEvent: {}
[4.918547] (vision_msg) StdoutLine: {'line': b'[100%] Built target vision_msg__rosidl_typesupport_fastrtps_c__pyext\n'}
[4.920228] (def_msg) StdoutLine: {'line': b'[ 56%] \x1b[32mBuilding CXX object CMakeFiles/def_msg__rosidl_typesupport_introspection_cpp.dir/rosidl_typesupport_introspection_cpp/def_msg/action/detail/nav_pose__type_support.cpp.o\x1b[0m\n'}
[4.926287] (vision_msg) StdoutLine: {'line': b'[100%] Built target vision_msg__rosidl_typesupport_c__pyext\n'}
[4.947690] (vision_msg) StdoutLine: {'line': b'[100%] Built target vision_msg__rosidl_typesupport_introspection_c__pyext\n'}
[4.947919] (def_msg) StdoutLine: {'line': b'[ 57%] \x1b[1m\x1b[32mLinking CXX shared library libdef_msg__rosidl_typesupport_c.so\x1b[0m\n'}
[4.968640] (vision_msg) CommandEnded: {'returncode': 0}
[4.969515] (vision_msg) JobProgress: {'identifier': 'vision_msg', 'progress': 'install'}
[4.976453] (vision_msg) Command: {'cmd': ['/usr/bin/cmake', '--install', '/home/hjh/RMserial/build/vision_msg'], 'cwd': '/home/hjh/RMserial/build/vision_msg', 'env': OrderedDict([('LESSOPEN', '| /usr/bin/lesspipe %s'), ('HTTPS_PROXY', 'http://127.0.0.1:7890/'), ('no_proxy', 'localhost,127.0.0.1,::1'), ('LANGUAGE', 'zh_CN:en'), ('USER', 'hjh'), ('LC_TIME', 'zh_CN.UTF-8'), ('all_proxy', 'socks://127.0.0.1:7890/'), ('XDG_SESSION_TYPE', 'wayland'), ('SHLVL', '1'), ('LD_LIBRARY_PATH', '/opt/ros/humble/opt/openvdb_vendor/lib:/home/hjh/ros2_ws/install/lib:/home/hjh/ros2_ws/install/lib:/usr/lib/x86_64-linux-gnu/gazebo-11/plugins:/opt/ros/humble/opt/rviz_ogre_vendor/lib:/opt/ros/humble/lib/x86_64-linux-gnu:/opt/ros/humble/lib'), ('HOME', '/home/hjh'), ('CONDA_SHLVL', '0'), ('DESKTOP_SESSION', 'ubuntu'), ('NO_PROXY', 'localhost,127.0.0.1,::1'), ('ROS_PYTHON_VERSION', '3'), ('GNOME_SHELL_SESSION_MODE', 'ubuntu'), ('GTK_MODULES', 'gail:atk-bridge'), ('LC_MONETARY', 'zh_CN.UTF-8'), ('DBUS_STARTER_BUS_TYPE', 'session'), ('SYSTEMD_EXEC_PID', '1799'), ('DBUS_SESSION_BUS_ADDRESS', 'unix:path=/run/user/1000/bus,guid=3dfda3e1fa4d316e9c28dc7469c4bd2d'), ('COLORTERM', 'truecolor'), ('_CE_M', ''), ('IM_CONFIG_PHASE', '1'), ('WAYLAND_DISPLAY', 'wayland-0'), ('https_proxy', 'http://127.0.0.1:7890/'), ('ROS_DISTRO', 'humble'), ('GTK_IM_MODULE', 'fcitx'), ('LOGNAME', 'hjh'), ('ALL_PROXY', 'socks://127.0.0.1:7890/'), ('http_proxy', 'http://127.0.0.1:7890/'), ('_', '/usr/bin/colcon'), ('ROS_VERSION', '2'), ('XDG_SESSION_CLASS', 'user'), ('USERNAME', 'hjh'), ('TERM', 'xterm-256color'), ('GNOME_DESKTOP_SESSION_ID', 'this-is-deprecated'), ('_CE_CONDA', ''), ('ROS_LOCALHOST_ONLY', '0'), ('PATH', '/home/hjh/miniconda3/condabin:/opt/ros/humble/bin:/home/hjh/.local/bin:/usr/local/sbin:/usr/local/bin:/usr/sbin:/usr/bin:/sbin:/bin:/usr/games:/usr/local/games:/snap/bin:/snap/bin'), ('SESSION_MANAGER', 'local/hjh-Lenovo-G5000-IRH8:@/tmp/.ICE-unix/1799,unix/hjh-Lenovo-G5000-IRH8:/tmp/.ICE-unix/1799'), ('PAPERSIZE', 'a4'), ('XDG_MENU_PREFIX', 'gnome-'), ('LC_ADDRESS', 'zh_CN.UTF-8'), ('GNOME_TERMINAL_SCREEN', '/org/gnome/Terminal/screen/2167da3e_d4a9_465d_a86f_ec405522a8fd'), ('GNOME_SETUP_DISPLAY', ':1'), ('XDG_RUNTIME_DIR', '/run/user/1000'), ('DISPLAY', ':0'), ('LANG', 'zh_CN.UTF-8'), ('XDG_CURRENT_DESKTOP', 'ubuntu:GNOME'), ('LC_TELEPHONE', 'zh_CN.UTF-8'), ('XMODIFIERS', '@im=fcitx'), ('XDG_SESSION_DESKTOP', 'ubuntu'), ('XAUTHORITY', '/run/user/1000/.mutter-Xwaylandauth.C2E3M3'), ('LS_COLORS', 'rs=0:di=01;34:ln=01;36:mh=00:pi=40;33:so=01;35:do=01;35:bd=40;33;01:cd=40;33;01:or=40;31;01:mi=00:su=37;41:sg=30;43:ca=30;41:tw=30;42:ow=34;42:st=37;44:ex=01;32:*.tar=01;31:*.tgz=01;31:*.arc=01;31:*.arj=01;31:*.taz=01;31:*.lha=01;31:*.lz4=01;31:*.lzh=01;31:*.lzma=01;31:*.tlz=01;31:*.txz=01;31:*.tzo=01;31:*.t7z=01;31:*.zip=01;31:*.z=01;31:*.dz=01;31:*.gz=01;31:*.lrz=01;31:*.lz=01;31:*.lzo=01;31:*.xz=01;31:*.zst=01;31:*.tzst=01;31:*.bz2=01;31:*.bz=01;31:*.tbz=01;31:*.tbz2=01;31:*.tz=01;31:*.deb=01;31:*.rpm=01;31:*.jar=01;31:*.war=01;31:*.ear=01;31:*.sar=01;31:*.rar=01;31:*.alz=01;31:*.ace=01;31:*.zoo=01;31:*.cpio=01;31:*.7z=01;31:*.rz=01;31:*.cab=01;31:*.wim=01;31:*.swm=01;31:*.dwm=01;31:*.esd=01;31:*.jpg=01;35:*.jpeg=01;35:*.mjpg=01;35:*.mjpeg=01;35:*.gif=01;35:*.bmp=01;35:*.pbm=01;35:*.pgm=01;35:*.ppm=01;35:*.tga=01;35:*.xbm=01;35:*.xpm=01;35:*.tif=01;35:*.tiff=01;35:*.png=01;35:*.svg=01;35:*.svgz=01;35:*.mng=01;35:*.pcx=01;35:*.mov=01;35:*.mpg=01;35:*.mpeg=01;35:*.m2v=01;35:*.mkv=01;35:*.webm=01;35:*.webp=01;35:*.ogm=01;35:*.mp4=01;35:*.m4v=01;35:*.mp4v=01;35:*.vob=01;35:*.qt=01;35:*.nuv=01;35:*.wmv=01;35:*.asf=01;35:*.rm=01;35:*.rmvb=01;35:*.flc=01;35:*.avi=01;35:*.fli=01;35:*.flv=01;35:*.gl=01;35:*.dl=01;35:*.xcf=01;35:*.xwd=01;35:*.yuv=01;35:*.cgm=01;35:*.emf=01;35:*.ogv=01;35:*.ogx=01;35:*.aac=00;36:*.au=00;36:*.flac=00;36:*.m4a=00;36:*.mid=00;36:*.midi=00;36:*.mka=00;36:*.mp3=00;36:*.mpc=00;36:*.ogg=00;36:*.ra=00;36:*.wav=00;36:*.oga=00;36:*.opus=00;36:*.spx=00;36:*.xspf=00;36:'), ('GNOME_TERMINAL_SERVICE', ':1.461'), ('SSH_AGENT_LAUNCHER', 'gnome-keyring'), ('SSH_AUTH_SOCK', '/run/user/1000/keyring/ssh'), ('AMENT_PREFIX_PATH', '/opt/ros/humble'), ('CONDA_PYTHON_EXE', '/home/hjh/miniconda3/bin/python'), ('SHELL', '/bin/bash'), ('LC_NAME', 'zh_CN.UTF-8'), ('QT_ACCESSIBILITY', '1'), ('GDMSESSION', 'ubuntu'), ('LESSCLOSE', '/usr/bin/lesspipe %s %s'), ('LC_MEASUREMENT', 'zh_CN.UTF-8'), ('LC_IDENTIFICATION', 'zh_CN.UTF-8'), ('QT_IM_MODULE', 'fcitx'), ('PWD', '/home/hjh/RMserial/build/vision_msg'), ('XDG_CONFIG_DIRS', '/etc/xdg/xdg-ubuntu:/etc/xdg'), ('CONDA_EXE', '/home/hjh/miniconda3/bin/conda'), ('CLUTTER_IM_MODULE', 'fcitx'), ('DBUS_STARTER_ADDRESS', 'unix:path=/run/user/1000/bus,guid=3dfda3e1fa4d316e9c28dc7469c4bd2d'), ('XDG_DATA_DIRS', '/usr/share/ubuntu:/usr/local/share/:/usr/share/:/var/lib/snapd/desktop'), ('PYTHONPATH', '/opt/ros/humble/lib/python3.10/site-packages:/opt/ros/humble/local/lib/python3.10/dist-packages'), ('HTTP_PROXY', 'http://127.0.0.1:7890/'), ('LC_NUMERIC', 'en_US.UTF-8'), ('LC_PAPER', 'zh_CN.UTF-8'), ('COLCON', '1'), ('VTE_VERSION', '6800'), ('CMAKE_PREFIX_PATH', '/opt/ros/humble')]), 'shell': False}
[4.982178] (vision_msg) StdoutLine: {'line': b'-- Install configuration: ""\n'}
[4.982441] (vision_msg) StdoutLine: {'line': b'-- Installing: /home/hjh/RMserial/install/vision_msg/share/ament_index/resource_index/rosidl_interfaces/vision_msg\n'}
[4.982603] (vision_msg) StdoutLine: {'line': b'-- Installing: /home/hjh/RMserial/install/vision_msg/include/vision_msg/vision_msg\n'}
[4.982760] (vision_msg) StdoutLine: {'line': b'-- Installing: /home/hjh/RMserial/install/vision_msg/include/vision_msg/vision_msg/msg\n'}
[4.984221] (vision_msg) StdoutLine: {'line': b'-- Installing: /home/hjh/RMserial/install/vision_msg/include/vision_msg/vision_msg/msg/rosidl_generator_c__visibility_control.h\n'}
[4.984446] (vision_msg) StdoutLine: {'line': b'-- Installing: /home/hjh/RMserial/install/vision_msg/include/vision_msg/vision_msg/msg/detail\n'}
[4.984546] (vision_msg) StdoutLine: {'line': b'-- Installing: /home/hjh/RMserial/install/vision_msg/include/vision_msg/vision_msg/msg/detail/selected_id__functions.h\n'}
[4.984629] (vision_msg) StdoutLine: {'line': b'-- Installing: /home/hjh/RMserial/install/vision_msg/include/vision_msg/vision_msg/msg/detail/gimble_position__struct.h\n'}
[4.984711] (vision_msg) StdoutLine: {'line': b'-- Installing: /home/hjh/RMserial/install/vision_msg/include/vision_msg/vision_msg/msg/detail/gimble_position__functions.h\n'}
[4.984942] (vision_msg) StdoutLine: {'line': b'-- Installing: /home/hjh/RMserial/install/vision_msg/include/vision_msg/vision_msg/msg/detail/selected_id__type_support.h\n'}
[4.985142] (vision_msg) StdoutLine: {'line': b'-- Installing: /home/hjh/RMserial/install/vision_msg/include/vision_msg/vision_msg/msg/detail/detected_id__functions.h\n'}
[4.985281] (vision_msg) StdoutLine: {'line': b'-- Installing: /home/hjh/RMserial/install/vision_msg/include/vision_msg/vision_msg/msg/detail/gimble_position__type_support.h\n'}
[4.985416] (vision_msg) StdoutLine: {'line': b'-- Installing: /home/hjh/RMserial/install/vision_msg/include/vision_msg/vision_msg/msg/detail/detected_id__struct.h\n'}
[4.985500] (vision_msg) StdoutLine: {'line': b'-- Installing: /home/hjh/RMserial/install/vision_msg/include/vision_msg/vision_msg/msg/detail/detected_id__type_support.h\n'}
[4.989230] (vision_msg) StdoutLine: {'line': b'-- Installing: /home/hjh/RMserial/install/vision_msg/include/vision_msg/vision_msg/msg/detail/detected_id__functions.c\n'}
[4.989366] (vision_msg) StdoutLine: {'line': b'-- Installing: /home/hjh/RMserial/install/vision_msg/include/vision_msg/vision_msg/msg/detail/selected_id__functions.c\n'}
[4.989454] (vision_msg) StdoutLine: {'line': b'-- Installing: /home/hjh/RMserial/install/vision_msg/include/vision_msg/vision_msg/msg/detail/selected_id__struct.h\n'}
[4.989532] (vision_msg) StdoutLine: {'line': b'-- Installing: /home/hjh/RMserial/install/vision_msg/include/vision_msg/vision_msg/msg/detail/gimble_position__functions.c\n'}
[4.989608] (vision_msg) StdoutLine: {'line': b'-- Installing: /home/hjh/RMserial/install/vision_msg/include/vision_msg/vision_msg/msg/detected_id.h\n'}
[4.989687] (vision_msg) StdoutLine: {'line': b'-- Installing: /home/hjh/RMserial/install/vision_msg/include/vision_msg/vision_msg/msg/selected_id.h\n'}
[4.989763] (vision_msg) StdoutLine: {'line': b'-- Installing: /home/hjh/RMserial/install/vision_msg/include/vision_msg/vision_msg/msg/gimble_position.h\n'}
[4.989840] (vision_msg) StdoutLine: {'line': b'-- Installing: /home/hjh/RMserial/install/vision_msg/share/vision_msg/environment/library_path.sh\n'}
[4.989930] (vision_msg) StdoutLine: {'line': b'-- Installing: /home/hjh/RMserial/install/vision_msg/share/vision_msg/environment/library_path.dsv\n'}
[4.990018] (vision_msg) StdoutLine: {'line': b'-- Installing: /home/hjh/RMserial/install/vision_msg/lib/libvision_msg__rosidl_generator_c.so\n'}
[4.990108] (vision_msg) StdoutLine: {'line': b'-- Set non-toolchain portion of runtime path of "/home/hjh/RMserial/install/vision_msg/lib/libvision_msg__rosidl_generator_c.so" to ""\n'}
[4.990187] (vision_msg) StdoutLine: {'line': b'-- Up-to-date: /home/hjh/RMserial/install/vision_msg/include/vision_msg/vision_msg\n'}
[4.990262] (vision_msg) StdoutLine: {'line': b'-- Up-to-date: /home/hjh/RMserial/install/vision_msg/include/vision_msg/vision_msg/msg\n'}
[4.990336] (vision_msg) StdoutLine: {'line': b'-- Up-to-date: /home/hjh/RMserial/install/vision_msg/include/vision_msg/vision_msg/msg/detail\n'}
[4.990412] (vision_msg) StdoutLine: {'line': b'-- Installing: /home/hjh/RMserial/install/vision_msg/include/vision_msg/vision_msg/msg/detail/selected_id__rosidl_typesupport_fastrtps_c.h\n'}
[4.990498] (vision_msg) StdoutLine: {'line': b'-- Installing: /home/hjh/RMserial/install/vision_msg/include/vision_msg/vision_msg/msg/detail/gimble_position__rosidl_typesupport_fastrtps_c.h\n'}
[4.990574] (vision_msg) StdoutLine: {'line': b'-- Installing: /home/hjh/RMserial/install/vision_msg/include/vision_msg/vision_msg/msg/detail/detected_id__rosidl_typesupport_fastrtps_c.h\n'}
[4.990651] (vision_msg) StdoutLine: {'line': b'-- Installing: /home/hjh/RMserial/install/vision_msg/include/vision_msg/vision_msg/msg/rosidl_typesupport_fastrtps_c__visibility_control.h\n'}
[4.990727] (vision_msg) StdoutLine: {'line': b'-- Installing: /home/hjh/RMserial/install/vision_msg/lib/libvision_msg__rosidl_typesupport_fastrtps_c.so\n'}
[4.991103] (vision_msg) StdoutLine: {'line': b'-- Set non-toolchain portion of runtime path of "/home/hjh/RMserial/install/vision_msg/lib/libvision_msg__rosidl_typesupport_fastrtps_c.so" to ""\n'}
[4.991213] (vision_msg) StdoutLine: {'line': b'-- Up-to-date: /home/hjh/RMserial/install/vision_msg/include/vision_msg/vision_msg\n'}
[4.991292] (vision_msg) StdoutLine: {'line': b'-- Up-to-date: /home/hjh/RMserial/install/vision_msg/include/vision_msg/vision_msg/msg\n'}
[4.991370] (vision_msg) StdoutLine: {'line': b'-- Up-to-date: /home/hjh/RMserial/install/vision_msg/include/vision_msg/vision_msg/msg/detail\n'}
[4.991446] (vision_msg) StdoutLine: {'line': b'-- Installing: /home/hjh/RMserial/install/vision_msg/include/vision_msg/vision_msg/msg/detail/selected_id__rosidl_typesupport_introspection_c.h\n'}
[4.991524] (vision_msg) StdoutLine: {'line': b'-- Installing: /home/hjh/RMserial/install/vision_msg/include/vision_msg/vision_msg/msg/detail/selected_id__type_support.c\n'}
[4.991599] (vision_msg) StdoutLine: {'line': b'-- Installing: /home/hjh/RMserial/install/vision_msg/include/vision_msg/vision_msg/msg/detail/detected_id__rosidl_typesupport_introspection_c.h\n'}
[4.991674] (vision_msg) StdoutLine: {'line': b'-- Installing: /home/hjh/RMserial/install/vision_msg/include/vision_msg/vision_msg/msg/detail/detected_id__type_support.c\n'}
[4.991750] (vision_msg) StdoutLine: {'line': b'-- Installing: /home/hjh/RMserial/install/vision_msg/include/vision_msg/vision_msg/msg/detail/gimble_position__rosidl_typesupport_introspection_c.h\n'}
[4.991827] (vision_msg) StdoutLine: {'line': b'-- Installing: /home/hjh/RMserial/install/vision_msg/include/vision_msg/vision_msg/msg/detail/gimble_position__type_support.c\n'}
[4.991902] (vision_msg) StdoutLine: {'line': b'-- Installing: /home/hjh/RMserial/install/vision_msg/include/vision_msg/vision_msg/msg/rosidl_typesupport_introspection_c__visibility_control.h\n'}
[4.991976] (vision_msg) StdoutLine: {'line': b'-- Installing: /home/hjh/RMserial/install/vision_msg/lib/libvision_msg__rosidl_typesupport_introspection_c.so\n'}
[4.992079] (vision_msg) StdoutLine: {'line': b'-- Set non-toolchain portion of runtime path of "/home/hjh/RMserial/install/vision_msg/lib/libvision_msg__rosidl_typesupport_introspection_c.so" to ""\n'}
[4.992165] (vision_msg) StdoutLine: {'line': b'-- Installing: /home/hjh/RMserial/install/vision_msg/lib/libvision_msg__rosidl_typesupport_c.so\n'}
[4.992242] (vision_msg) StdoutLine: {'line': b'-- Set non-toolchain portion of runtime path of "/home/hjh/RMserial/install/vision_msg/lib/libvision_msg__rosidl_typesupport_c.so" to ""\n'}
[4.992320] (vision_msg) StdoutLine: {'line': b'-- Up-to-date: /home/hjh/RMserial/install/vision_msg/include/vision_msg/vision_msg\n'}
[4.992398] (vision_msg) StdoutLine: {'line': b'-- Up-to-date: /home/hjh/RMserial/install/vision_msg/include/vision_msg/vision_msg/msg\n'}
[4.992478] (vision_msg) StdoutLine: {'line': b'-- Installing: /home/hjh/RMserial/install/vision_msg/include/vision_msg/vision_msg/msg/selected_id.hpp\n'}
[4.992557] (vision_msg) StdoutLine: {'line': b'-- Installing: /home/hjh/RMserial/install/vision_msg/include/vision_msg/vision_msg/msg/gimble_position.hpp\n'}
[4.992632] (vision_msg) StdoutLine: {'line': b'-- Installing: /home/hjh/RMserial/install/vision_msg/include/vision_msg/vision_msg/msg/detected_id.hpp\n'}
[4.992713] (vision_msg) StdoutLine: {'line': b'-- Up-to-date: /home/hjh/RMserial/install/vision_msg/include/vision_msg/vision_msg/msg/detail\n'}
[4.992789] (vision_msg) StdoutLine: {'line': b'-- Installing: /home/hjh/RMserial/install/vision_msg/include/vision_msg/vision_msg/msg/detail/selected_id__type_support.hpp\n'}
[4.992866] (vision_msg) StdoutLine: {'line': b'-- Installing: /home/hjh/RMserial/install/vision_msg/include/vision_msg/vision_msg/msg/detail/gimble_position__struct.hpp\n'}
[4.992943] (vision_msg) StdoutLine: {'line': b'-- Installing: /home/hjh/RMserial/install/vision_msg/include/vision_msg/vision_msg/msg/detail/gimble_position__type_support.hpp\n'}
[4.993042] (vision_msg) StdoutLine: {'line': b'-- Installing: /home/hjh/RMserial/install/vision_msg/include/vision_msg/vision_msg/msg/detail/detected_id__traits.hpp\n'}
[4.993126] (vision_msg) StdoutLine: {'line': b'-- Installing: /home/hjh/RMserial/install/vision_msg/include/vision_msg/vision_msg/msg/detail/selected_id__builder.hpp\n'}
[4.993206] (vision_msg) StdoutLine: {'line': b'-- Installing: /home/hjh/RMserial/install/vision_msg/include/vision_msg/vision_msg/msg/detail/detected_id__type_support.hpp\n'}
[4.993286] (vision_msg) StdoutLine: {'line': b'-- Installing: /home/hjh/RMserial/install/vision_msg/include/vision_msg/vision_msg/msg/detail/gimble_position__traits.hpp\n'}
[4.993363] (vision_msg) StdoutLine: {'line': b'-- Installing: /home/hjh/RMserial/install/vision_msg/include/vision_msg/vision_msg/msg/detail/gimble_position__builder.hpp\n'}
[4.993442] (vision_msg) StdoutLine: {'line': b'-- Installing: /home/hjh/RMserial/install/vision_msg/include/vision_msg/vision_msg/msg/detail/selected_id__struct.hpp\n'}
[4.993519] (vision_msg) StdoutLine: {'line': b'-- Installing: /home/hjh/RMserial/install/vision_msg/include/vision_msg/vision_msg/msg/detail/detected_id__builder.hpp\n'}
[4.993596] (vision_msg) StdoutLine: {'line': b'-- Installing: /home/hjh/RMserial/install/vision_msg/include/vision_msg/vision_msg/msg/detail/detected_id__struct.hpp\n'}
[4.993674] (vision_msg) StdoutLine: {'line': b'-- Installing: /home/hjh/RMserial/install/vision_msg/include/vision_msg/vision_msg/msg/detail/selected_id__traits.hpp\n'}
[4.993752] (vision_msg) StdoutLine: {'line': b'-- Installing: /home/hjh/RMserial/install/vision_msg/include/vision_msg/vision_msg/msg/rosidl_generator_cpp__visibility_control.hpp\n'}
[4.993830] (vision_msg) StdoutLine: {'line': b'-- Up-to-date: /home/hjh/RMserial/install/vision_msg/include/vision_msg/vision_msg\n'}
[4.993914] (vision_msg) StdoutLine: {'line': b'-- Up-to-date: /home/hjh/RMserial/install/vision_msg/include/vision_msg/vision_msg/msg\n'}
[4.993989] (vision_msg) StdoutLine: {'line': b'-- Up-to-date: /home/hjh/RMserial/install/vision_msg/include/vision_msg/vision_msg/msg/detail\n'}
[4.994085] (vision_msg) StdoutLine: {'line': b'-- Installing: /home/hjh/RMserial/install/vision_msg/include/vision_msg/vision_msg/msg/detail/detected_id__rosidl_typesupport_fastrtps_cpp.hpp\n'}
[4.994167] (vision_msg) StdoutLine: {'line': b'-- Installing: /home/hjh/RMserial/install/vision_msg/include/vision_msg/vision_msg/msg/detail/dds_fastrtps\n'}
[4.994244] (vision_msg) StdoutLine: {'line': b'-- Installing: /home/hjh/RMserial/install/vision_msg/include/vision_msg/vision_msg/msg/detail/selected_id__rosidl_typesupport_fastrtps_cpp.hpp\n'}
[4.994319] (vision_msg) StdoutLine: {'line': b'-- Installing: /home/hjh/RMserial/install/vision_msg/include/vision_msg/vision_msg/msg/detail/gimble_position__rosidl_typesupport_fastrtps_cpp.hpp\n'}
[4.994395] (vision_msg) StdoutLine: {'line': b'-- Installing: /home/hjh/RMserial/install/vision_msg/include/vision_msg/vision_msg/msg/rosidl_typesupport_fastrtps_cpp__visibility_control.h\n'}
[4.994470] (vision_msg) StdoutLine: {'line': b'-- Installing: /home/hjh/RMserial/install/vision_msg/lib/libvision_msg__rosidl_typesupport_fastrtps_cpp.so\n'}
[4.994546] (vision_msg) StdoutLine: {'line': b'-- Set non-toolchain portion of runtime path of "/home/hjh/RMserial/install/vision_msg/lib/libvision_msg__rosidl_typesupport_fastrtps_cpp.so" to ""\n'}
[4.994631] (vision_msg) StdoutLine: {'line': b'-- Up-to-date: /home/hjh/RMserial/install/vision_msg/include/vision_msg/vision_msg\n'}
[4.994704] (vision_msg) StdoutLine: {'line': b'-- Up-to-date: /home/hjh/RMserial/install/vision_msg/include/vision_msg/vision_msg/msg\n'}
[4.994777] (vision_msg) StdoutLine: {'line': b'-- Up-to-date: /home/hjh/RMserial/install/vision_msg/include/vision_msg/vision_msg/msg/detail\n'}
[4.994850] (vision_msg) StdoutLine: {'line': b'-- Installing: /home/hjh/RMserial/install/vision_msg/include/vision_msg/vision_msg/msg/detail/detected_id__type_support.cpp\n'}
[4.994925] (vision_msg) StdoutLine: {'line': b'-- Installing: /home/hjh/RMserial/install/vision_msg/include/vision_msg/vision_msg/msg/detail/gimble_position__type_support.cpp\n'}
[4.994998] (vision_msg) StdoutLine: {'line': b'-- Installing: /home/hjh/RMserial/install/vision_msg/include/vision_msg/vision_msg/msg/detail/detected_id__rosidl_typesupport_introspection_cpp.hpp\n'}
[4.999282] (vision_msg) StdoutLine: {'line': b'-- Installing: /home/hjh/RMserial/install/vision_msg/include/vision_msg/vision_msg/msg/detail/gimble_position__rosidl_typesupport_introspection_cpp.hpp\n'}
[4.999416] (vision_msg) StdoutLine: {'line': b'-- Installing: /home/hjh/RMserial/install/vision_msg/include/vision_msg/vision_msg/msg/detail/selected_id__type_support.cpp\n'}
[4.999504] (vision_msg) StdoutLine: {'line': b'-- Installing: /home/hjh/RMserial/install/vision_msg/include/vision_msg/vision_msg/msg/detail/selected_id__rosidl_typesupport_introspection_cpp.hpp\n'}
[4.999583] (vision_msg) StdoutLine: {'line': b'-- Installing: /home/hjh/RMserial/install/vision_msg/lib/libvision_msg__rosidl_typesupport_introspection_cpp.so\n'}
[4.999660] (vision_msg) StdoutLine: {'line': b'-- Set non-toolchain portion of runtime path of "/home/hjh/RMserial/install/vision_msg/lib/libvision_msg__rosidl_typesupport_introspection_cpp.so" to ""\n'}
[4.999736] (vision_msg) StdoutLine: {'line': b'-- Installing: /home/hjh/RMserial/install/vision_msg/lib/libvision_msg__rosidl_typesupport_cpp.so\n'}
[4.999813] (vision_msg) StdoutLine: {'line': b'-- Set non-toolchain portion of runtime path of "/home/hjh/RMserial/install/vision_msg/lib/libvision_msg__rosidl_typesupport_cpp.so" to ""\n'}
[4.999889] (vision_msg) StdoutLine: {'line': b'-- Installing: /home/hjh/RMserial/install/vision_msg/share/vision_msg/environment/pythonpath.sh\n'}
[4.999980] (vision_msg) StdoutLine: {'line': b'-- Installing: /home/hjh/RMserial/install/vision_msg/share/vision_msg/environment/pythonpath.dsv\n'}
[5.000072] (vision_msg) StdoutLine: {'line': b'-- Installing: /home/hjh/RMserial/install/vision_msg/local/lib/python3.10/dist-packages/vision_msg-0.0.0-py3.10.egg-info\n'}
[5.000152] (vision_msg) StdoutLine: {'line': b'-- Installing: /home/hjh/RMserial/install/vision_msg/local/lib/python3.10/dist-packages/vision_msg-0.0.0-py3.10.egg-info/dependency_links.txt\n'}
[5.000228] (vision_msg) StdoutLine: {'line': b'-- Installing: /home/hjh/RMserial/install/vision_msg/local/lib/python3.10/dist-packages/vision_msg-0.0.0-py3.10.egg-info/PKG-INFO\n'}
[5.000303] (vision_msg) StdoutLine: {'line': b'-- Installing: /home/hjh/RMserial/install/vision_msg/local/lib/python3.10/dist-packages/vision_msg-0.0.0-py3.10.egg-info/SOURCES.txt\n'}
[5.000378] (vision_msg) StdoutLine: {'line': b'-- Installing: /home/hjh/RMserial/install/vision_msg/local/lib/python3.10/dist-packages/vision_msg-0.0.0-py3.10.egg-info/top_level.txt\n'}
[5.000452] (vision_msg) StdoutLine: {'line': b'-- Installing: /home/hjh/RMserial/install/vision_msg/local/lib/python3.10/dist-packages/vision_msg\n'}
[5.000522] (vision_msg) StdoutLine: {'line': b'-- Installing: /home/hjh/RMserial/install/vision_msg/local/lib/python3.10/dist-packages/vision_msg/vision_msg_s__rosidl_typesupport_c.cpython-310-x86_64-linux-gnu.so\n'}
[5.000594] (vision_msg) StdoutLine: {'line': b'-- Installing: /home/hjh/RMserial/install/vision_msg/local/lib/python3.10/dist-packages/vision_msg/_vision_msg_s.ep.rosidl_typesupport_fastrtps_c.c\n'}
[5.000664] (vision_msg) StdoutLine: {'line': b'-- Installing: /home/hjh/RMserial/install/vision_msg/local/lib/python3.10/dist-packages/vision_msg/vision_msg_s__rosidl_typesupport_fastrtps_c.cpython-310-x86_64-linux-gnu.so\n'}
[5.000746] (vision_msg) StdoutLine: {'line': b'-- Installing: /home/hjh/RMserial/install/vision_msg/local/lib/python3.10/dist-packages/vision_msg/__init__.py\n'}
[5.000819] (vision_msg) StdoutLine: {'line': b'-- Installing: /home/hjh/RMserial/install/vision_msg/local/lib/python3.10/dist-packages/vision_msg/libvision_msg__rosidl_generator_py.so\n'}
[5.000889] (vision_msg) StdoutLine: {'line': b'-- Installing: /home/hjh/RMserial/install/vision_msg/local/lib/python3.10/dist-packages/vision_msg/_vision_msg_s.ep.rosidl_typesupport_c.c\n'}
[5.000961] (vision_msg) StdoutLine: {'line': b'-- Installing: /home/hjh/RMserial/install/vision_msg/local/lib/python3.10/dist-packages/vision_msg/msg\n'}
[5.001044] (vision_msg) StdoutLine: {'line': b'-- Installing: /home/hjh/RMserial/install/vision_msg/local/lib/python3.10/dist-packages/vision_msg/msg/_selected_id.py\n'}
[5.001122] (vision_msg) StdoutLine: {'line': b'-- Installing: /home/hjh/RMserial/install/vision_msg/local/lib/python3.10/dist-packages/vision_msg/msg/_selected_id_s.c\n'}
[5.001194] (vision_msg) StdoutLine: {'line': b'-- Installing: /home/hjh/RMserial/install/vision_msg/local/lib/python3.10/dist-packages/vision_msg/msg/_detected_id.py\n'}
[5.001270] (vision_msg) StdoutLine: {'line': b'-- Installing: /home/hjh/RMserial/install/vision_msg/local/lib/python3.10/dist-packages/vision_msg/msg/_gimble_position_s.c\n'}
[5.001341] (vision_msg) StdoutLine: {'line': b'-- Installing: /home/hjh/RMserial/install/vision_msg/local/lib/python3.10/dist-packages/vision_msg/msg/__init__.py\n'}
[5.001411] (vision_msg) StdoutLine: {'line': b'-- Installing: /home/hjh/RMserial/install/vision_msg/local/lib/python3.10/dist-packages/vision_msg/msg/_gimble_position.py\n'}
[5.001482] (vision_msg) StdoutLine: {'line': b'-- Installing: /home/hjh/RMserial/install/vision_msg/local/lib/python3.10/dist-packages/vision_msg/msg/_detected_id_s.c\n'}
[5.001552] (vision_msg) StdoutLine: {'line': b'-- Installing: /home/hjh/RMserial/install/vision_msg/local/lib/python3.10/dist-packages/vision_msg/_vision_msg_s.ep.rosidl_typesupport_introspection_c.c\n'}
[5.001622] (vision_msg) StdoutLine: {'line': b'-- Installing: /home/hjh/RMserial/install/vision_msg/local/lib/python3.10/dist-packages/vision_msg/vision_msg_s__rosidl_typesupport_introspection_c.cpython-310-x86_64-linux-gnu.so\n'}
[5.012071] (-) TimerEvent: {}
[5.036953] (vision_msg) StdoutLine: {'line': b"Listing '/home/hjh/RMserial/install/vision_msg/local/lib/python3.10/dist-packages/vision_msg'...\n"}
[5.037160] (vision_msg) StdoutLine: {'line': b"Compiling '/home/hjh/RMserial/install/vision_msg/local/lib/python3.10/dist-packages/vision_msg/__init__.py'...\n"}
[5.037260] (vision_msg) StdoutLine: {'line': b"Listing '/home/hjh/RMserial/install/vision_msg/local/lib/python3.10/dist-packages/vision_msg/msg'...\n"}
[5.037348] (vision_msg) StdoutLine: {'line': b"Compiling '/home/hjh/RMserial/install/vision_msg/local/lib/python3.10/dist-packages/vision_msg/msg/__init__.py'...\n"}
[5.037432] (vision_msg) StdoutLine: {'line': b"Compiling '/home/hjh/RMserial/install/vision_msg/local/lib/python3.10/dist-packages/vision_msg/msg/_detected_id.py'...\n"}
[5.037513] (vision_msg) StdoutLine: {'line': b"Compiling '/home/hjh/RMserial/install/vision_msg/local/lib/python3.10/dist-packages/vision_msg/msg/_gimble_position.py'...\n"}
[5.037595] (vision_msg) StdoutLine: {'line': b"Compiling '/home/hjh/RMserial/install/vision_msg/local/lib/python3.10/dist-packages/vision_msg/msg/_selected_id.py'...\n"}
[5.041359] (def_msg) StdoutLine: {'line': b'[ 57%] Built target def_msg__rosidl_typesupport_c\n'}
[5.045464] (vision_msg) StdoutLine: {'line': b'-- Installing: /home/hjh/RMserial/install/vision_msg/local/lib/python3.10/dist-packages/vision_msg/vision_msg_s__rosidl_typesupport_fastrtps_c.cpython-310-x86_64-linux-gnu.so\n'}
[5.045718] (vision_msg) StdoutLine: {'line': b'-- Set non-toolchain portion of runtime path of "/home/hjh/RMserial/install/vision_msg/local/lib/python3.10/dist-packages/vision_msg/vision_msg_s__rosidl_typesupport_fastrtps_c.cpython-310-x86_64-linux-gnu.so" to ""\n'}
[5.045886] (vision_msg) StdoutLine: {'line': b'-- Installing: /home/hjh/RMserial/install/vision_msg/local/lib/python3.10/dist-packages/vision_msg/vision_msg_s__rosidl_typesupport_introspection_c.cpython-310-x86_64-linux-gnu.so\n'}
[5.046036] (vision_msg) StdoutLine: {'line': b'-- Set non-toolchain portion of runtime path of "/home/hjh/RMserial/install/vision_msg/local/lib/python3.10/dist-packages/vision_msg/vision_msg_s__rosidl_typesupport_introspection_c.cpython-310-x86_64-linux-gnu.so" to ""\n'}
[5.048646] (vision_msg) StdoutLine: {'line': b'-- Installing: /home/hjh/RMserial/install/vision_msg/local/lib/python3.10/dist-packages/vision_msg/vision_msg_s__rosidl_typesupport_c.cpython-310-x86_64-linux-gnu.so\n'}
[5.048889] (vision_msg) StdoutLine: {'line': b'-- Set non-toolchain portion of runtime path of "/home/hjh/RMserial/install/vision_msg/local/lib/python3.10/dist-packages/vision_msg/vision_msg_s__rosidl_typesupport_c.cpython-310-x86_64-linux-gnu.so" to ""\n'}
[5.049053] (vision_msg) StdoutLine: {'line': b'-- Installing: /home/hjh/RMserial/install/vision_msg/lib/libvision_msg__rosidl_generator_py.so\n'}
[5.049206] (vision_msg) StdoutLine: {'line': b'-- Set non-toolchain portion of runtime path of "/home/hjh/RMserial/install/vision_msg/lib/libvision_msg__rosidl_generator_py.so" to ""\n'}
[5.049352] (vision_msg) StdoutLine: {'line': b'-- Installing: /home/hjh/RMserial/install/vision_msg/share/vision_msg/msg/GimblePosition.idl\n'}
[5.049445] (vision_msg) StdoutLine: {'line': b'-- Installing: /home/hjh/RMserial/install/vision_msg/share/vision_msg/msg/DetectedId.idl\n'}
[5.049600] (vision_msg) StdoutLine: {'line': b'-- Installing: /home/hjh/RMserial/install/vision_msg/share/vision_msg/msg/SelectedId.idl\n'}
[5.049693] (vision_msg) StdoutLine: {'line': b'-- Installing: /home/hjh/RMserial/install/vision_msg/share/vision_msg/msg/GimblePosition.msg\n'}
[5.049776] (vision_msg) StdoutLine: {'line': b'-- Installing: /home/hjh/RMserial/install/vision_msg/share/vision_msg/msg/DetectedId.msg\n'}
[5.049900] (vision_msg) StdoutLine: {'line': b'-- Installing: /home/hjh/RMserial/install/vision_msg/share/vision_msg/msg/SelectedId.msg\n'}
[5.049992] (vision_msg) StdoutLine: {'line': b'-- Installing: /home/hjh/RMserial/install/vision_msg/share/ament_index/resource_index/package_run_dependencies/vision_msg\n'}
[5.050161] (vision_msg) StdoutLine: {'line': b'-- Installing: /home/hjh/RMserial/install/vision_msg/share/ament_index/resource_index/parent_prefix_path/vision_msg\n'}
[5.050257] (vision_msg) StdoutLine: {'line': b'-- Installing: /home/hjh/RMserial/install/vision_msg/share/vision_msg/environment/ament_prefix_path.sh\n'}
[5.050379] (vision_msg) StdoutLine: {'line': b'-- Installing: /home/hjh/RMserial/install/vision_msg/share/vision_msg/environment/ament_prefix_path.dsv\n'}
[5.050471] (vision_msg) StdoutLine: {'line': b'-- Installing: /home/hjh/RMserial/install/vision_msg/share/vision_msg/environment/path.sh\n'}
[5.050583] (vision_msg) StdoutLine: {'line': b'-- Installing: /home/hjh/RMserial/install/vision_msg/share/vision_msg/environment/path.dsv\n'}
[5.050662] (vision_msg) StdoutLine: {'line': b'-- Installing: /home/hjh/RMserial/install/vision_msg/share/vision_msg/local_setup.bash\n'}
[5.050767] (vision_msg) StdoutLine: {'line': b'-- Installing: /home/hjh/RMserial/install/vision_msg/share/vision_msg/local_setup.sh\n'}
[5.050845] (vision_msg) StdoutLine: {'line': b'-- Installing: /home/hjh/RMserial/install/vision_msg/share/vision_msg/local_setup.zsh\n'}
[5.050952] (vision_msg) StdoutLine: {'line': b'-- Installing: /home/hjh/RMserial/install/vision_msg/share/vision_msg/local_setup.dsv\n'}
[5.051069] (vision_msg) StdoutLine: {'line': b'-- Installing: /home/hjh/RMserial/install/vision_msg/share/vision_msg/package.dsv\n'}
[5.051245] (vision_msg) StdoutLine: {'line': b'-- Installing: /home/hjh/RMserial/install/vision_msg/share/ament_index/resource_index/packages/vision_msg\n'}
[5.051353] (vision_msg) StdoutLine: {'line': b'-- Installing: /home/hjh/RMserial/install/vision_msg/share/vision_msg/cmake/export_vision_msg__rosidl_generator_cExport.cmake\n'}
[5.051466] (vision_msg) StdoutLine: {'line': b'-- Installing: /home/hjh/RMserial/install/vision_msg/share/vision_msg/cmake/export_vision_msg__rosidl_generator_cExport-noconfig.cmake\n'}
[5.051602] (vision_msg) StdoutLine: {'line': b'-- Installing: /home/hjh/RMserial/install/vision_msg/share/vision_msg/cmake/export_vision_msg__rosidl_typesupport_fastrtps_cExport.cmake\n'}
[5.051718] (vision_msg) StdoutLine: {'line': b'-- Installing: /home/hjh/RMserial/install/vision_msg/share/vision_msg/cmake/export_vision_msg__rosidl_typesupport_fastrtps_cExport-noconfig.cmake\n'}
[5.051873] (vision_msg) StdoutLine: {'line': b'-- Installing: /home/hjh/RMserial/install/vision_msg/share/vision_msg/cmake/vision_msg__rosidl_typesupport_introspection_cExport.cmake\n'}
[5.051989] (vision_msg) StdoutLine: {'line': b'-- Installing: /home/hjh/RMserial/install/vision_msg/share/vision_msg/cmake/vision_msg__rosidl_typesupport_introspection_cExport-noconfig.cmake\n'}
[5.052381] (vision_msg) StdoutLine: {'line': b'-- Installing: /home/hjh/RMserial/install/vision_msg/share/vision_msg/cmake/vision_msg__rosidl_typesupport_cExport.cmake\n'}
[5.052486] (vision_msg) StdoutLine: {'line': b'-- Installing: /home/hjh/RMserial/install/vision_msg/share/vision_msg/cmake/vision_msg__rosidl_typesupport_cExport-noconfig.cmake\n'}
[5.055881] (vision_msg) StdoutLine: {'line': b'-- Installing: /home/hjh/RMserial/install/vision_msg/share/vision_msg/cmake/export_vision_msg__rosidl_generator_cppExport.cmake\n'}
[5.056204] (vision_msg) StdoutLine: {'line': b'-- Installing: /home/hjh/RMserial/install/vision_msg/share/vision_msg/cmake/export_vision_msg__rosidl_typesupport_fastrtps_cppExport.cmake\n'}
[5.056283] (vision_msg) StdoutLine: {'line': b'-- Installing: /home/hjh/RMserial/install/vision_msg/share/vision_msg/cmake/export_vision_msg__rosidl_typesupport_fastrtps_cppExport-noconfig.cmake\n'}
[5.056339] (vision_msg) StdoutLine: {'line': b'-- Installing: /home/hjh/RMserial/install/vision_msg/share/vision_msg/cmake/vision_msg__rosidl_typesupport_introspection_cppExport.cmake\n'}
[5.056389] (vision_msg) StdoutLine: {'line': b'-- Installing: /home/hjh/RMserial/install/vision_msg/share/vision_msg/cmake/vision_msg__rosidl_typesupport_introspection_cppExport-noconfig.cmake\n'}
[5.056437] (vision_msg) StdoutLine: {'line': b'-- Installing: /home/hjh/RMserial/install/vision_msg/share/vision_msg/cmake/vision_msg__rosidl_typesupport_cppExport.cmake\n'}
[5.056484] (vision_msg) StdoutLine: {'line': b'-- Installing: /home/hjh/RMserial/install/vision_msg/share/vision_msg/cmake/vision_msg__rosidl_typesupport_cppExport-noconfig.cmake\n'}
[5.056531] (vision_msg) StdoutLine: {'line': b'-- Installing: /home/hjh/RMserial/install/vision_msg/share/vision_msg/cmake/export_vision_msg__rosidl_generator_pyExport.cmake\n'}
[5.056574] (vision_msg) StdoutLine: {'line': b'-- Installing: /home/hjh/RMserial/install/vision_msg/share/vision_msg/cmake/export_vision_msg__rosidl_generator_pyExport-noconfig.cmake\n'}
[5.056617] (vision_msg) StdoutLine: {'line': b'-- Installing: /home/hjh/RMserial/install/vision_msg/share/vision_msg/cmake/rosidl_cmake-extras.cmake\n'}
[5.056664] (vision_msg) StdoutLine: {'line': b'-- Installing: /home/hjh/RMserial/install/vision_msg/share/vision_msg/cmake/ament_cmake_export_dependencies-extras.cmake\n'}
[5.056711] (vision_msg) StdoutLine: {'line': b'-- Installing: /home/hjh/RMserial/install/vision_msg/share/vision_msg/cmake/ament_cmake_export_include_directories-extras.cmake\n'}
[5.056761] (vision_msg) StdoutLine: {'line': b'-- Installing: /home/hjh/RMserial/install/vision_msg/share/vision_msg/cmake/ament_cmake_export_libraries-extras.cmake\n'}
[5.056804] (vision_msg) StdoutLine: {'line': b'-- Installing: /home/hjh/RMserial/install/vision_msg/share/vision_msg/cmake/ament_cmake_export_targets-extras.cmake\n'}
[5.056849] (vision_msg) StdoutLine: {'line': b'-- Installing: /home/hjh/RMserial/install/vision_msg/share/vision_msg/cmake/rosidl_cmake_export_typesupport_targets-extras.cmake\n'}
[5.056891] (vision_msg) StdoutLine: {'line': b'-- Installing: /home/hjh/RMserial/install/vision_msg/share/vision_msg/cmake/rosidl_cmake_export_typesupport_libraries-extras.cmake\n'}
[5.056933] (vision_msg) StdoutLine: {'line': b'-- Installing: /home/hjh/RMserial/install/vision_msg/share/vision_msg/cmake/vision_msgConfig.cmake\n'}
[5.056974] (vision_msg) StdoutLine: {'line': b'-- Installing: /home/hjh/RMserial/install/vision_msg/share/vision_msg/cmake/vision_msgConfig-version.cmake\n'}
[5.057025] (vision_msg) StdoutLine: {'line': b'-- Installing: /home/hjh/RMserial/install/vision_msg/share/vision_msg/package.xml\n'}
[5.057638] (vision_msg) CommandEnded: {'returncode': 0}
[5.063954] (def_msg) StdoutLine: {'line': b'[ 58%] \x1b[32mBuilding C object CMakeFiles/def_msg__rosidl_typesupport_introspection_c.dir/rosidl_typesupport_introspection_c/def_msg/msg/detail/gobal_information__type_support.c.o\x1b[0m\n'}
[5.077939] (def_msg) StdoutLine: {'line': b'[ 59%] \x1b[32mBuilding C object CMakeFiles/def_msg__rosidl_typesupport_introspection_c.dir/rosidl_typesupport_introspection_c/def_msg/msg/detail/gimble_control__type_support.c.o\x1b[0m\n'}
[5.078134] (def_msg) StdoutLine: {'line': b'[ 60%] \x1b[32mBuilding C object CMakeFiles/def_msg__rosidl_typesupport_introspection_c.dir/rosidl_typesupport_introspection_c/def_msg/msg/detail/common_control__type_support.c.o\x1b[0m\n'}
[5.086760] (vision_msg) JobEnded: {'identifier': 'vision_msg', 'rc': 0}
[5.113854] (-) TimerEvent: {}
[5.126947] (def_msg) StdoutLine: {'line': b'[ 62%] \x1b[32mBuilding C object CMakeFiles/def_msg__rosidl_typesupport_introspection_c.dir/rosidl_typesupport_introspection_c/def_msg/msg/detail/gimble_position__type_support.c.o\x1b[0m\n'}
[5.128126] (def_msg) StdoutLine: {'line': b'[ 63%] \x1b[32mBuilding C object CMakeFiles/def_msg__rosidl_typesupport_introspection_c.dir/rosidl_typesupport_introspection_c/def_msg/msg/detail/em_control__type_support.c.o\x1b[0m\n'}
[5.129881] (def_msg) StdoutLine: {'line': b'[ 64%] \x1b[32mBuilding C object CMakeFiles/def_msg__rosidl_typesupport_introspection_c.dir/rosidl_typesupport_introspection_c/def_msg/srv/detail/controller_mode_set__type_support.c.o\x1b[0m\n'}
[5.159484] (def_msg) StdoutLine: {'line': b'[ 65%] \x1b[32mBuilding C object CMakeFiles/def_msg__rosidl_typesupport_introspection_c.dir/rosidl_typesupport_introspection_c/def_msg/srv/detail/heart_beat__type_support.c.o\x1b[0m\n'}
[5.178242] (def_msg) StdoutLine: {'line': b'[ 66%] \x1b[32mBuilding C object CMakeFiles/def_msg__rosidl_typesupport_introspection_c.dir/rosidl_typesupport_introspection_c/def_msg/action/detail/nav_pose__type_support.c.o\x1b[0m\n'}
[5.213961] (-) TimerEvent: {}
[5.238982] (def_msg) StdoutLine: {'line': b'[ 67%] \x1b[32mBuilding CXX object CMakeFiles/def_msg__rosidl_typesupport_fastrtps_c.dir/rosidl_typesupport_fastrtps_c/def_msg/msg/detail/gobal_information__type_support_c.cpp.o\x1b[0m\n'}
[5.241530] (def_msg) StdoutLine: {'line': b'[ 68%] \x1b[32mBuilding CXX object CMakeFiles/def_msg__rosidl_typesupport_fastrtps_c.dir/rosidl_typesupport_fastrtps_c/def_msg/msg/detail/gimble_control__type_support_c.cpp.o\x1b[0m\n'}
[5.250995] (def_msg) StdoutLine: {'line': b'[ 70%] \x1b[32mBuilding CXX object CMakeFiles/def_msg__rosidl_typesupport_fastrtps_c.dir/rosidl_typesupport_fastrtps_c/def_msg/msg/detail/common_control__type_support_c.cpp.o\x1b[0m\n'}
[5.251205] (def_msg) StdoutLine: {'line': b'[ 71%] \x1b[32mBuilding CXX object CMakeFiles/def_msg__rosidl_typesupport_fastrtps_c.dir/rosidl_typesupport_fastrtps_c/def_msg/msg/detail/em_control__type_support_c.cpp.o\x1b[0m\n'}
[5.252789] (def_msg) StdoutLine: {'line': b'[ 72%] \x1b[1m\x1b[32mLinking C shared library libdef_msg__rosidl_typesupport_introspection_c.so\x1b[0m\n'}
[5.303083] (def_msg) StdoutLine: {'line': b'[ 72%] Built target def_msg__rosidl_typesupport_introspection_c\n'}
[5.305940] (def_msg) StdoutLine: {'line': b'[ 73%] \x1b[32mBuilding CXX object CMakeFiles/def_msg__rosidl_typesupport_fastrtps_c.dir/rosidl_typesupport_fastrtps_c/def_msg/msg/detail/gimble_position__type_support_c.cpp.o\x1b[0m\n'}
[5.306173] (def_msg) StdoutLine: {'line': b'[ 74%] \x1b[32mBuilding CXX object CMakeFiles/def_msg__rosidl_typesupport_fastrtps_c.dir/rosidl_typesupport_fastrtps_c/def_msg/srv/detail/controller_mode_set__type_support_c.cpp.o\x1b[0m\n'}
[5.317133] (-) TimerEvent: {}
[5.317705] (def_msg) StdoutLine: {'line': b'[ 75%] \x1b[32mBuilding CXX object CMakeFiles/def_msg__rosidl_typesupport_fastrtps_c.dir/rosidl_typesupport_fastrtps_c/def_msg/srv/detail/heart_beat__type_support_c.cpp.o\x1b[0m\n'}
[5.326248] (def_msg) StdoutLine: {'line': b'[ 77%] \x1b[32mBuilding CXX object CMakeFiles/def_msg__rosidl_typesupport_fastrtps_c.dir/rosidl_typesupport_fastrtps_c/def_msg/action/detail/nav_pose__type_support_c.cpp.o\x1b[0m\n'}
[5.391013] (def_msg) StdoutLine: {'line': b'[ 78%] \x1b[1m\x1b[32mLinking CXX shared library libdef_msg__rosidl_typesupport_cpp.so\x1b[0m\n'}
[5.417246] (-) TimerEvent: {}
[5.433178] (def_msg) StdoutLine: {'line': b'[ 78%] Built target def_msg__rosidl_typesupport_cpp\n'}
[5.518068] (-) TimerEvent: {}
[5.618364] (-) TimerEvent: {}
[5.636997] (def_msg) StdoutLine: {'line': b'[ 79%] \x1b[1m\x1b[32mLinking CXX shared library libdef_msg__rosidl_typesupport_fastrtps_cpp.so\x1b[0m\n'}
[5.689450] (def_msg) StdoutLine: {'line': b'[ 79%] Built target def_msg__rosidl_typesupport_fastrtps_cpp\n'}
[5.718599] (-) TimerEvent: {}
[5.740145] (def_msg) StdoutLine: {'line': b'[ 80%] \x1b[1m\x1b[32mLinking CXX shared library libdef_msg__rosidl_typesupport_introspection_cpp.so\x1b[0m\n'}
[5.772166] (def_msg) StdoutLine: {'line': b'[ 81%] \x1b[1m\x1b[32mLinking CXX shared library libdef_msg__rosidl_typesupport_fastrtps_c.so\x1b[0m\n'}
[5.786868] (pb_rm_interfaces) StdoutLine: {'line': b'[ 76%] Built target pb_rm_interfaces__py\n'}
[5.799061] (pb_rm_interfaces) StdoutLine: {'line': b'[ 79%] \x1b[32mBuilding C object CMakeFiles/pb_rm_interfaces__rosidl_generator_py.dir/rosidl_generator_py/pb_rm_interfaces/msg/_game_status_s.c.o\x1b[0m\n'}
[5.800720] (pb_rm_interfaces) StdoutLine: {'line': b'[ 82%] \x1b[32mBuilding C object CMakeFiles/pb_rm_interfaces__rosidl_generator_py.dir/rosidl_generator_py/pb_rm_interfaces/msg/_robot_status_s.c.o\x1b[0m\n'}
[5.811788] (def_msg) StdoutLine: {'line': b'[ 81%] Built target def_msg__rosidl_typesupport_introspection_cpp\n'}
[5.818707] (-) TimerEvent: {}
[5.828759] (def_msg) StdoutLine: {'line': b'[ 81%] Built target def_msg__rosidl_typesupport_fastrtps_c\n'}
[5.840914] (def_msg) StdoutLine: {'line': b'[ 81%] Built target def_msg\n'}
[5.852976] (def_msg) StdoutLine: {'line': b'[ 82%] \x1b[1m\x1b[34mGenerating Python code for ROS interfaces\x1b[0m\n'}
[5.872207] (pb_rm_interfaces) StdoutLine: {'line': b'[ 84%] \x1b[1m\x1b[32mLinking C shared library rosidl_generator_py/pb_rm_interfaces/libpb_rm_interfaces__rosidl_generator_py.so\x1b[0m\n'}
[5.901051] (pb_rm_interfaces) StdoutLine: {'line': b'[ 84%] Built target pb_rm_interfaces__rosidl_generator_py\n'}
[5.913238] (pb_rm_interfaces) StdoutLine: {'line': b'[ 87%] \x1b[32mBuilding C object CMakeFiles/pb_rm_interfaces__rosidl_typesupport_introspection_c__pyext.dir/rosidl_generator_py/pb_rm_interfaces/_pb_rm_interfaces_s.ep.rosidl_typesupport_introspection_c.c.o\x1b[0m\n'}
[5.913414] (pb_rm_interfaces) StdoutLine: {'line': b'[ 89%] \x1b[32mBuilding C object CMakeFiles/pb_rm_interfaces__rosidl_typesupport_fastrtps_c__pyext.dir/rosidl_generator_py/pb_rm_interfaces/_pb_rm_interfaces_s.ep.rosidl_typesupport_fastrtps_c.c.o\x1b[0m\n'}
[5.913485] (pb_rm_interfaces) StdoutLine: {'line': b'[ 92%] \x1b[32mBuilding C object CMakeFiles/pb_rm_interfaces__rosidl_typesupport_c__pyext.dir/rosidl_generator_py/pb_rm_interfaces/_pb_rm_interfaces_s.ep.rosidl_typesupport_c.c.o\x1b[0m\n'}
[5.918894] (-) TimerEvent: {}
[5.983048] (pb_rm_interfaces) StdoutLine: {'line': b'[ 94%] \x1b[1m\x1b[32mLinking C shared library rosidl_generator_py/pb_rm_interfaces/pb_rm_interfaces_s__rosidl_typesupport_introspection_c.cpython-310-x86_64-linux-gnu.so\x1b[0m\n'}
[5.990652] (pb_rm_interfaces) StdoutLine: {'line': b'[ 97%] \x1b[1m\x1b[32mLinking C shared library rosidl_generator_py/pb_rm_interfaces/pb_rm_interfaces_s__rosidl_typesupport_fastrtps_c.cpython-310-x86_64-linux-gnu.so\x1b[0m\n'}
[6.007186] (pb_rm_interfaces) StdoutLine: {'line': b'[ 97%] Built target pb_rm_interfaces__rosidl_typesupport_introspection_c__pyext\n'}
[6.019041] (-) TimerEvent: {}
[6.020317] (pb_rm_interfaces) StdoutLine: {'line': b'[ 97%] Built target pb_rm_interfaces__rosidl_typesupport_fastrtps_c__pyext\n'}
[6.021566] (pb_rm_interfaces) StdoutLine: {'line': b'[100%] \x1b[1m\x1b[32mLinking C shared library rosidl_generator_py/pb_rm_interfaces/pb_rm_interfaces_s__rosidl_typesupport_c.cpython-310-x86_64-linux-gnu.so\x1b[0m\n'}
[6.054983] (pb_rm_interfaces) StdoutLine: {'line': b'[100%] Built target pb_rm_interfaces__rosidl_typesupport_c__pyext\n'}
[6.062275] (pb_rm_interfaces) CommandEnded: {'returncode': 0}
[6.063085] (pb_rm_interfaces) JobProgress: {'identifier': 'pb_rm_interfaces', 'progress': 'install'}
[6.063503] (pb_rm_interfaces) Command: {'cmd': ['/usr/bin/cmake', '--install', '/home/hjh/RMserial/build/pb_rm_interfaces'], 'cwd': '/home/hjh/RMserial/build/pb_rm_interfaces', 'env': OrderedDict([('LESSOPEN', '| /usr/bin/lesspipe %s'), ('HTTPS_PROXY', 'http://127.0.0.1:7890/'), ('no_proxy', 'localhost,127.0.0.1,::1'), ('LANGUAGE', 'zh_CN:en'), ('USER', 'hjh'), ('LC_TIME', 'zh_CN.UTF-8'), ('all_proxy', 'socks://127.0.0.1:7890/'), ('XDG_SESSION_TYPE', 'wayland'), ('SHLVL', '1'), ('LD_LIBRARY_PATH', '/opt/ros/humble/opt/openvdb_vendor/lib:/home/hjh/ros2_ws/install/lib:/home/hjh/ros2_ws/install/lib:/usr/lib/x86_64-linux-gnu/gazebo-11/plugins:/opt/ros/humble/opt/rviz_ogre_vendor/lib:/opt/ros/humble/lib/x86_64-linux-gnu:/opt/ros/humble/lib'), ('HOME', '/home/hjh'), ('CONDA_SHLVL', '0'), ('DESKTOP_SESSION', 'ubuntu'), ('NO_PROXY', 'localhost,127.0.0.1,::1'), ('ROS_PYTHON_VERSION', '3'), ('GNOME_SHELL_SESSION_MODE', 'ubuntu'), ('GTK_MODULES', 'gail:atk-bridge'), ('LC_MONETARY', 'zh_CN.UTF-8'), ('DBUS_STARTER_BUS_TYPE', 'session'), ('SYSTEMD_EXEC_PID', '1799'), ('DBUS_SESSION_BUS_ADDRESS', 'unix:path=/run/user/1000/bus,guid=3dfda3e1fa4d316e9c28dc7469c4bd2d'), ('COLORTERM', 'truecolor'), ('_CE_M', ''), ('IM_CONFIG_PHASE', '1'), ('WAYLAND_DISPLAY', 'wayland-0'), ('https_proxy', 'http://127.0.0.1:7890/'), ('ROS_DISTRO', 'humble'), ('GTK_IM_MODULE', 'fcitx'), ('LOGNAME', 'hjh'), ('ALL_PROXY', 'socks://127.0.0.1:7890/'), ('http_proxy', 'http://127.0.0.1:7890/'), ('_', '/usr/bin/colcon'), ('ROS_VERSION', '2'), ('XDG_SESSION_CLASS', 'user'), ('USERNAME', 'hjh'), ('TERM', 'xterm-256color'), ('GNOME_DESKTOP_SESSION_ID', 'this-is-deprecated'), ('_CE_CONDA', ''), ('ROS_LOCALHOST_ONLY', '0'), ('PATH', '/home/hjh/miniconda3/condabin:/opt/ros/humble/bin:/home/hjh/.local/bin:/usr/local/sbin:/usr/local/bin:/usr/sbin:/usr/bin:/sbin:/bin:/usr/games:/usr/local/games:/snap/bin:/snap/bin'), ('SESSION_MANAGER', 'local/hjh-Lenovo-G5000-IRH8:@/tmp/.ICE-unix/1799,unix/hjh-Lenovo-G5000-IRH8:/tmp/.ICE-unix/1799'), ('PAPERSIZE', 'a4'), ('XDG_MENU_PREFIX', 'gnome-'), ('LC_ADDRESS', 'zh_CN.UTF-8'), ('GNOME_TERMINAL_SCREEN', '/org/gnome/Terminal/screen/2167da3e_d4a9_465d_a86f_ec405522a8fd'), ('GNOME_SETUP_DISPLAY', ':1'), ('XDG_RUNTIME_DIR', '/run/user/1000'), ('DISPLAY', ':0'), ('LANG', 'zh_CN.UTF-8'), ('XDG_CURRENT_DESKTOP', 'ubuntu:GNOME'), ('LC_TELEPHONE', 'zh_CN.UTF-8'), ('XMODIFIERS', '@im=fcitx'), ('XDG_SESSION_DESKTOP', 'ubuntu'), ('XAUTHORITY', '/run/user/1000/.mutter-Xwaylandauth.C2E3M3'), ('LS_COLORS', 'rs=0:di=01;34:ln=01;36:mh=00:pi=40;33:so=01;35:do=01;35:bd=40;33;01:cd=40;33;01:or=40;31;01:mi=00:su=37;41:sg=30;43:ca=30;41:tw=30;42:ow=34;42:st=37;44:ex=01;32:*.tar=01;31:*.tgz=01;31:*.arc=01;31:*.arj=01;31:*.taz=01;31:*.lha=01;31:*.lz4=01;31:*.lzh=01;31:*.lzma=01;31:*.tlz=01;31:*.txz=01;31:*.tzo=01;31:*.t7z=01;31:*.zip=01;31:*.z=01;31:*.dz=01;31:*.gz=01;31:*.lrz=01;31:*.lz=01;31:*.lzo=01;31:*.xz=01;31:*.zst=01;31:*.tzst=01;31:*.bz2=01;31:*.bz=01;31:*.tbz=01;31:*.tbz2=01;31:*.tz=01;31:*.deb=01;31:*.rpm=01;31:*.jar=01;31:*.war=01;31:*.ear=01;31:*.sar=01;31:*.rar=01;31:*.alz=01;31:*.ace=01;31:*.zoo=01;31:*.cpio=01;31:*.7z=01;31:*.rz=01;31:*.cab=01;31:*.wim=01;31:*.swm=01;31:*.dwm=01;31:*.esd=01;31:*.jpg=01;35:*.jpeg=01;35:*.mjpg=01;35:*.mjpeg=01;35:*.gif=01;35:*.bmp=01;35:*.pbm=01;35:*.pgm=01;35:*.ppm=01;35:*.tga=01;35:*.xbm=01;35:*.xpm=01;35:*.tif=01;35:*.tiff=01;35:*.png=01;35:*.svg=01;35:*.svgz=01;35:*.mng=01;35:*.pcx=01;35:*.mov=01;35:*.mpg=01;35:*.mpeg=01;35:*.m2v=01;35:*.mkv=01;35:*.webm=01;35:*.webp=01;35:*.ogm=01;35:*.mp4=01;35:*.m4v=01;35:*.mp4v=01;35:*.vob=01;35:*.qt=01;35:*.nuv=01;35:*.wmv=01;35:*.asf=01;35:*.rm=01;35:*.rmvb=01;35:*.flc=01;35:*.avi=01;35:*.fli=01;35:*.flv=01;35:*.gl=01;35:*.dl=01;35:*.xcf=01;35:*.xwd=01;35:*.yuv=01;35:*.cgm=01;35:*.emf=01;35:*.ogv=01;35:*.ogx=01;35:*.aac=00;36:*.au=00;36:*.flac=00;36:*.m4a=00;36:*.mid=00;36:*.midi=00;36:*.mka=00;36:*.mp3=00;36:*.mpc=00;36:*.ogg=00;36:*.ra=00;36:*.wav=00;36:*.oga=00;36:*.opus=00;36:*.spx=00;36:*.xspf=00;36:'), ('GNOME_TERMINAL_SERVICE', ':1.461'), ('SSH_AGENT_LAUNCHER', 'gnome-keyring'), ('SSH_AUTH_SOCK', '/run/user/1000/keyring/ssh'), ('AMENT_PREFIX_PATH', '/opt/ros/humble'), ('CONDA_PYTHON_EXE', '/home/hjh/miniconda3/bin/python'), ('SHELL', '/bin/bash'), ('LC_NAME', 'zh_CN.UTF-8'), ('QT_ACCESSIBILITY', '1'), ('GDMSESSION', 'ubuntu'), ('LESSCLOSE', '/usr/bin/lesspipe %s %s'), ('LC_MEASUREMENT', 'zh_CN.UTF-8'), ('LC_IDENTIFICATION', 'zh_CN.UTF-8'), ('QT_IM_MODULE', 'fcitx'), ('PWD', '/home/hjh/RMserial/build/pb_rm_interfaces'), ('XDG_CONFIG_DIRS', '/etc/xdg/xdg-ubuntu:/etc/xdg'), ('CONDA_EXE', '/home/hjh/miniconda3/bin/conda'), ('CLUTTER_IM_MODULE', 'fcitx'), ('DBUS_STARTER_ADDRESS', 'unix:path=/run/user/1000/bus,guid=3dfda3e1fa4d316e9c28dc7469c4bd2d'), ('XDG_DATA_DIRS', '/usr/share/ubuntu:/usr/local/share/:/usr/share/:/var/lib/snapd/desktop'), ('PYTHONPATH', '/opt/ros/humble/lib/python3.10/site-packages:/opt/ros/humble/local/lib/python3.10/dist-packages'), ('HTTP_PROXY', 'http://127.0.0.1:7890/'), ('LC_NUMERIC', 'en_US.UTF-8'), ('LC_PAPER', 'zh_CN.UTF-8'), ('COLCON', '1'), ('VTE_VERSION', '6800'), ('CMAKE_PREFIX_PATH', '/opt/ros/humble')]), 'shell': False}
[6.068622] (pb_rm_interfaces) StdoutLine: {'line': b'-- Install configuration: ""\n'}
[6.068815] (pb_rm_interfaces) StdoutLine: {'line': b'-- Installing: /home/hjh/RMserial/install/pb_rm_interfaces/share/ament_index/resource_index/rosidl_interfaces/pb_rm_interfaces\n'}
[6.068947] (pb_rm_interfaces) StdoutLine: {'line': b'-- Installing: /home/hjh/RMserial/install/pb_rm_interfaces/include/pb_rm_interfaces/pb_rm_interfaces\n'}
[6.069154] (pb_rm_interfaces) StdoutLine: {'line': b'-- Installing: /home/hjh/RMserial/install/pb_rm_interfaces/include/pb_rm_interfaces/pb_rm_interfaces/msg\n'}
[6.069272] (pb_rm_interfaces) StdoutLine: {'line': b'-- Installing: /home/hjh/RMserial/install/pb_rm_interfaces/include/pb_rm_interfaces/pb_rm_interfaces/msg/rosidl_generator_c__visibility_control.h\n'}
[6.069384] (pb_rm_interfaces) StdoutLine: {'line': b'-- Installing: /home/hjh/RMserial/install/pb_rm_interfaces/include/pb_rm_interfaces/pb_rm_interfaces/msg/robot_status.h\n'}
[6.069510] (pb_rm_interfaces) StdoutLine: {'line': b'-- Installing: /home/hjh/RMserial/install/pb_rm_interfaces/include/pb_rm_interfaces/pb_rm_interfaces/msg/detail\n'}
[6.069612] (pb_rm_interfaces) StdoutLine: {'line': b'-- Installing: /home/hjh/RMserial/install/pb_rm_interfaces/include/pb_rm_interfaces/pb_rm_interfaces/msg/detail/robot_status__type_support.h\n'}
[6.069697] (pb_rm_interfaces) StdoutLine: {'line': b'-- Installing: /home/hjh/RMserial/install/pb_rm_interfaces/include/pb_rm_interfaces/pb_rm_interfaces/msg/detail/game_status__functions.c\n'}
[6.069806] (pb_rm_interfaces) StdoutLine: {'line': b'-- Installing: /home/hjh/RMserial/install/pb_rm_interfaces/include/pb_rm_interfaces/pb_rm_interfaces/msg/detail/game_status__type_support.h\n'}
[6.069913] (pb_rm_interfaces) StdoutLine: {'line': b'-- Installing: /home/hjh/RMserial/install/pb_rm_interfaces/include/pb_rm_interfaces/pb_rm_interfaces/msg/detail/robot_status__struct.h\n'}
[6.070027] (pb_rm_interfaces) StdoutLine: {'line': b'-- Installing: /home/hjh/RMserial/install/pb_rm_interfaces/include/pb_rm_interfaces/pb_rm_interfaces/msg/detail/robot_status__functions.h\n'}
[6.070140] (pb_rm_interfaces) StdoutLine: {'line': b'-- Installing: /home/hjh/RMserial/install/pb_rm_interfaces/include/pb_rm_interfaces/pb_rm_interfaces/msg/detail/game_status__functions.h\n'}
[6.070220] (pb_rm_interfaces) StdoutLine: {'line': b'-- Installing: /home/hjh/RMserial/install/pb_rm_interfaces/include/pb_rm_interfaces/pb_rm_interfaces/msg/detail/game_status__struct.h\n'}
[6.070332] (pb_rm_interfaces) StdoutLine: {'line': b'-- Installing: /home/hjh/RMserial/install/pb_rm_interfaces/include/pb_rm_interfaces/pb_rm_interfaces/msg/detail/robot_status__functions.c\n'}
[6.070409] (pb_rm_interfaces) StdoutLine: {'line': b'-- Installing: /home/hjh/RMserial/install/pb_rm_interfaces/include/pb_rm_interfaces/pb_rm_interfaces/msg/game_status.h\n'}
[6.070507] (pb_rm_interfaces) StdoutLine: {'line': b'-- Installing: /home/hjh/RMserial/install/pb_rm_interfaces/share/pb_rm_interfaces/environment/library_path.sh\n'}
[6.070622] (pb_rm_interfaces) StdoutLine: {'line': b'-- Installing: /home/hjh/RMserial/install/pb_rm_interfaces/share/pb_rm_interfaces/environment/library_path.dsv\n'}
[6.070799] (pb_rm_interfaces) StdoutLine: {'line': b'-- Installing: /home/hjh/RMserial/install/pb_rm_interfaces/lib/libpb_rm_interfaces__rosidl_generator_c.so\n'}
[6.071149] (pb_rm_interfaces) StdoutLine: {'line': b'-- Set non-toolchain portion of runtime path of "/home/hjh/RMserial/install/pb_rm_interfaces/lib/libpb_rm_interfaces__rosidl_generator_c.so" to ""\n'}
[6.071276] (pb_rm_interfaces) StdoutLine: {'line': b'-- Up-to-date: /home/hjh/RMserial/install/pb_rm_interfaces/include/pb_rm_interfaces/pb_rm_interfaces\n'}
[6.071359] (pb_rm_interfaces) StdoutLine: {'line': b'-- Up-to-date: /home/hjh/RMserial/install/pb_rm_interfaces/include/pb_rm_interfaces/pb_rm_interfaces/msg\n'}
[6.071440] (pb_rm_interfaces) StdoutLine: {'line': b'-- Up-to-date: /home/hjh/RMserial/install/pb_rm_interfaces/include/pb_rm_interfaces/pb_rm_interfaces/msg/detail\n'}
[6.071545] (pb_rm_interfaces) StdoutLine: {'line': b'-- Installing: /home/hjh/RMserial/install/pb_rm_interfaces/include/pb_rm_interfaces/pb_rm_interfaces/msg/detail/robot_status__rosidl_typesupport_fastrtps_c.h\n'}
[6.071661] (pb_rm_interfaces) StdoutLine: {'line': b'-- Installing: /home/hjh/RMserial/install/pb_rm_interfaces/include/pb_rm_interfaces/pb_rm_interfaces/msg/detail/game_status__rosidl_typesupport_fastrtps_c.h\n'}
[6.071743] (pb_rm_interfaces) StdoutLine: {'line': b'-- Installing: /home/hjh/RMserial/install/pb_rm_interfaces/include/pb_rm_interfaces/pb_rm_interfaces/msg/rosidl_typesupport_fastrtps_c__visibility_control.h\n'}
[6.071849] (pb_rm_interfaces) StdoutLine: {'line': b'-- Installing: /home/hjh/RMserial/install/pb_rm_interfaces/lib/libpb_rm_interfaces__rosidl_typesupport_fastrtps_c.so\n'}
[6.072127] (pb_rm_interfaces) StdoutLine: {'line': b'-- Set non-toolchain portion of runtime path of "/home/hjh/RMserial/install/pb_rm_interfaces/lib/libpb_rm_interfaces__rosidl_typesupport_fastrtps_c.so" to ""\n'}
[6.072238] (pb_rm_interfaces) StdoutLine: {'line': b'-- Up-to-date: /home/hjh/RMserial/install/pb_rm_interfaces/include/pb_rm_interfaces/pb_rm_interfaces\n'}
[6.072361] (pb_rm_interfaces) StdoutLine: {'line': b'-- Up-to-date: /home/hjh/RMserial/install/pb_rm_interfaces/include/pb_rm_interfaces/pb_rm_interfaces/msg\n'}
[6.072442] (pb_rm_interfaces) StdoutLine: {'line': b'-- Up-to-date: /home/hjh/RMserial/install/pb_rm_interfaces/include/pb_rm_interfaces/pb_rm_interfaces/msg/detail\n'}
[6.072525] (pb_rm_interfaces) StdoutLine: {'line': b'-- Installing: /home/hjh/RMserial/install/pb_rm_interfaces/include/pb_rm_interfaces/pb_rm_interfaces/msg/detail/game_status__type_support.c\n'}
[6.072631] (pb_rm_interfaces) StdoutLine: {'line': b'-- Installing: /home/hjh/RMserial/install/pb_rm_interfaces/include/pb_rm_interfaces/pb_rm_interfaces/msg/detail/robot_status__rosidl_typesupport_introspection_c.h\n'}
[6.072755] (pb_rm_interfaces) StdoutLine: {'line': b'-- Installing: /home/hjh/RMserial/install/pb_rm_interfaces/include/pb_rm_interfaces/pb_rm_interfaces/msg/detail/game_status__rosidl_typesupport_introspection_c.h\n'}
[6.072854] (pb_rm_interfaces) StdoutLine: {'line': b'-- Installing: /home/hjh/RMserial/install/pb_rm_interfaces/include/pb_rm_interfaces/pb_rm_interfaces/msg/detail/robot_status__type_support.c\n'}
[6.072931] (pb_rm_interfaces) StdoutLine: {'line': b'-- Installing: /home/hjh/RMserial/install/pb_rm_interfaces/include/pb_rm_interfaces/pb_rm_interfaces/msg/rosidl_typesupport_introspection_c__visibility_control.h\n'}
[6.073043] (pb_rm_interfaces) StdoutLine: {'line': b'-- Installing: /home/hjh/RMserial/install/pb_rm_interfaces/lib/libpb_rm_interfaces__rosidl_typesupport_introspection_c.so\n'}
[6.073339] (pb_rm_interfaces) StdoutLine: {'line': b'-- Set non-toolchain portion of runtime path of "/home/hjh/RMserial/install/pb_rm_interfaces/lib/libpb_rm_interfaces__rosidl_typesupport_introspection_c.so" to ""\n'}
[6.073444] (pb_rm_interfaces) StdoutLine: {'line': b'-- Installing: /home/hjh/RMserial/install/pb_rm_interfaces/lib/libpb_rm_interfaces__rosidl_typesupport_c.so\n'}
[6.073723] (pb_rm_interfaces) StdoutLine: {'line': b'-- Set non-toolchain portion of runtime path of "/home/hjh/RMserial/install/pb_rm_interfaces/lib/libpb_rm_interfaces__rosidl_typesupport_c.so" to ""\n'}
[6.073848] (pb_rm_interfaces) StdoutLine: {'line': b'-- Up-to-date: /home/hjh/RMserial/install/pb_rm_interfaces/include/pb_rm_interfaces/pb_rm_interfaces\n'}
[6.073933] (pb_rm_interfaces) StdoutLine: {'line': b'-- Up-to-date: /home/hjh/RMserial/install/pb_rm_interfaces/include/pb_rm_interfaces/pb_rm_interfaces/msg\n'}
[6.074025] (pb_rm_interfaces) StdoutLine: {'line': b'-- Up-to-date: /home/hjh/RMserial/install/pb_rm_interfaces/include/pb_rm_interfaces/pb_rm_interfaces/msg/detail\n'}
[6.074191] (pb_rm_interfaces) StdoutLine: {'line': b'-- Installing: /home/hjh/RMserial/install/pb_rm_interfaces/include/pb_rm_interfaces/pb_rm_interfaces/msg/detail/game_status__type_support.hpp\n'}
[6.074320] (pb_rm_interfaces) StdoutLine: {'line': b'-- Installing: /home/hjh/RMserial/install/pb_rm_interfaces/include/pb_rm_interfaces/pb_rm_interfaces/msg/detail/game_status__builder.hpp\n'}
[6.074401] (pb_rm_interfaces) StdoutLine: {'line': b'-- Installing: /home/hjh/RMserial/install/pb_rm_interfaces/include/pb_rm_interfaces/pb_rm_interfaces/msg/detail/game_status__traits.hpp\n'}
[6.074479] (pb_rm_interfaces) StdoutLine: {'line': b'-- Installing: /home/hjh/RMserial/install/pb_rm_interfaces/include/pb_rm_interfaces/pb_rm_interfaces/msg/detail/robot_status__builder.hpp\n'}
[6.074578] (pb_rm_interfaces) StdoutLine: {'line': b'-- Installing: /home/hjh/RMserial/install/pb_rm_interfaces/include/pb_rm_interfaces/pb_rm_interfaces/msg/detail/robot_status__traits.hpp\n'}
[6.074686] (pb_rm_interfaces) StdoutLine: {'line': b'-- Installing: /home/hjh/RMserial/install/pb_rm_interfaces/include/pb_rm_interfaces/pb_rm_interfaces/msg/detail/robot_status__type_support.hpp\n'}
[6.074761] (pb_rm_interfaces) StdoutLine: {'line': b'-- Installing: /home/hjh/RMserial/install/pb_rm_interfaces/include/pb_rm_interfaces/pb_rm_interfaces/msg/detail/game_status__struct.hpp\n'}
[6.074836] (pb_rm_interfaces) StdoutLine: {'line': b'-- Installing: /home/hjh/RMserial/install/pb_rm_interfaces/include/pb_rm_interfaces/pb_rm_interfaces/msg/detail/robot_status__struct.hpp\n'}
[6.074945] (pb_rm_interfaces) StdoutLine: {'line': b'-- Installing: /home/hjh/RMserial/install/pb_rm_interfaces/include/pb_rm_interfaces/pb_rm_interfaces/msg/game_status.hpp\n'}
[6.075046] (pb_rm_interfaces) StdoutLine: {'line': b'-- Installing: /home/hjh/RMserial/install/pb_rm_interfaces/include/pb_rm_interfaces/pb_rm_interfaces/msg/robot_status.hpp\n'}
[6.075129] (pb_rm_interfaces) StdoutLine: {'line': b'-- Installing: /home/hjh/RMserial/install/pb_rm_interfaces/include/pb_rm_interfaces/pb_rm_interfaces/msg/rosidl_generator_cpp__visibility_control.hpp\n'}
[6.075233] (pb_rm_interfaces) StdoutLine: {'line': b'-- Up-to-date: /home/hjh/RMserial/install/pb_rm_interfaces/include/pb_rm_interfaces/pb_rm_interfaces\n'}
[6.075352] (pb_rm_interfaces) StdoutLine: {'line': b'-- Up-to-date: /home/hjh/RMserial/install/pb_rm_interfaces/include/pb_rm_interfaces/pb_rm_interfaces/msg\n'}
[6.075435] (pb_rm_interfaces) StdoutLine: {'line': b'-- Up-to-date: /home/hjh/RMserial/install/pb_rm_interfaces/include/pb_rm_interfaces/pb_rm_interfaces/msg/detail\n'}
[6.075514] (pb_rm_interfaces) StdoutLine: {'line': b'-- Installing: /home/hjh/RMserial/install/pb_rm_interfaces/include/pb_rm_interfaces/pb_rm_interfaces/msg/detail/dds_fastrtps\n'}
[6.075592] (pb_rm_interfaces) StdoutLine: {'line': b'-- Installing: /home/hjh/RMserial/install/pb_rm_interfaces/include/pb_rm_interfaces/pb_rm_interfaces/msg/detail/robot_status__rosidl_typesupport_fastrtps_cpp.hpp\n'}
[6.075694] (pb_rm_interfaces) StdoutLine: {'line': b'-- Installing: /home/hjh/RMserial/install/pb_rm_interfaces/include/pb_rm_interfaces/pb_rm_interfaces/msg/detail/game_status__rosidl_typesupport_fastrtps_cpp.hpp\n'}
[6.075770] (pb_rm_interfaces) StdoutLine: {'line': b'-- Installing: /home/hjh/RMserial/install/pb_rm_interfaces/include/pb_rm_interfaces/pb_rm_interfaces/msg/rosidl_typesupport_fastrtps_cpp__visibility_control.h\n'}
[6.075869] (pb_rm_interfaces) StdoutLine: {'line': b'-- Installing: /home/hjh/RMserial/install/pb_rm_interfaces/lib/libpb_rm_interfaces__rosidl_typesupport_fastrtps_cpp.so\n'}
[6.076069] (pb_rm_interfaces) StdoutLine: {'line': b'-- Set non-toolchain portion of runtime path of "/home/hjh/RMserial/install/pb_rm_interfaces/lib/libpb_rm_interfaces__rosidl_typesupport_fastrtps_cpp.so" to ""\n'}
[6.076179] (pb_rm_interfaces) StdoutLine: {'line': b'-- Up-to-date: /home/hjh/RMserial/install/pb_rm_interfaces/include/pb_rm_interfaces/pb_rm_interfaces\n'}
[6.076255] (pb_rm_interfaces) StdoutLine: {'line': b'-- Up-to-date: /home/hjh/RMserial/install/pb_rm_interfaces/include/pb_rm_interfaces/pb_rm_interfaces/msg\n'}
[6.076331] (pb_rm_interfaces) StdoutLine: {'line': b'-- Up-to-date: /home/hjh/RMserial/install/pb_rm_interfaces/include/pb_rm_interfaces/pb_rm_interfaces/msg/detail\n'}
[6.076440] (pb_rm_interfaces) StdoutLine: {'line': b'-- Installing: /home/hjh/RMserial/install/pb_rm_interfaces/include/pb_rm_interfaces/pb_rm_interfaces/msg/detail/game_status__rosidl_typesupport_introspection_cpp.hpp\n'}
[6.076516] (pb_rm_interfaces) StdoutLine: {'line': b'-- Installing: /home/hjh/RMserial/install/pb_rm_interfaces/include/pb_rm_interfaces/pb_rm_interfaces/msg/detail/robot_status__type_support.cpp\n'}
[6.076591] (pb_rm_interfaces) StdoutLine: {'line': b'-- Installing: /home/hjh/RMserial/install/pb_rm_interfaces/include/pb_rm_interfaces/pb_rm_interfaces/msg/detail/robot_status__rosidl_typesupport_introspection_cpp.hpp\n'}
[6.076690] (pb_rm_interfaces) StdoutLine: {'line': b'-- Installing: /home/hjh/RMserial/install/pb_rm_interfaces/include/pb_rm_interfaces/pb_rm_interfaces/msg/detail/game_status__type_support.cpp\n'}
[6.076762] (pb_rm_interfaces) StdoutLine: {'line': b'-- Installing: /home/hjh/RMserial/install/pb_rm_interfaces/lib/libpb_rm_interfaces__rosidl_typesupport_introspection_cpp.so\n'}
[6.076964] (pb_rm_interfaces) StdoutLine: {'line': b'-- Set non-toolchain portion of runtime path of "/home/hjh/RMserial/install/pb_rm_interfaces/lib/libpb_rm_interfaces__rosidl_typesupport_introspection_cpp.so" to ""\n'}
[6.077062] (pb_rm_interfaces) StdoutLine: {'line': b'-- Installing: /home/hjh/RMserial/install/pb_rm_interfaces/lib/libpb_rm_interfaces__rosidl_typesupport_cpp.so\n'}
[6.077313] (pb_rm_interfaces) StdoutLine: {'line': b'-- Set non-toolchain portion of runtime path of "/home/hjh/RMserial/install/pb_rm_interfaces/lib/libpb_rm_interfaces__rosidl_typesupport_cpp.so" to ""\n'}
[6.077413] (pb_rm_interfaces) StdoutLine: {'line': b'-- Installing: /home/hjh/RMserial/install/pb_rm_interfaces/share/pb_rm_interfaces/environment/pythonpath.sh\n'}
[6.077509] (pb_rm_interfaces) StdoutLine: {'line': b'-- Installing: /home/hjh/RMserial/install/pb_rm_interfaces/share/pb_rm_interfaces/environment/pythonpath.dsv\n'}
[6.077604] (pb_rm_interfaces) StdoutLine: {'line': b'-- Installing: /home/hjh/RMserial/install/pb_rm_interfaces/local/lib/python3.10/dist-packages/pb_rm_interfaces-0.0.0-py3.10.egg-info\n'}
[6.077763] (pb_rm_interfaces) StdoutLine: {'line': b'-- Installing: /home/hjh/RMserial/install/pb_rm_interfaces/local/lib/python3.10/dist-packages/pb_rm_interfaces-0.0.0-py3.10.egg-info/dependency_links.txt\n'}
[6.077867] (pb_rm_interfaces) StdoutLine: {'line': b'-- Installing: /home/hjh/RMserial/install/pb_rm_interfaces/local/lib/python3.10/dist-packages/pb_rm_interfaces-0.0.0-py3.10.egg-info/PKG-INFO\n'}
[6.077964] (pb_rm_interfaces) StdoutLine: {'line': b'-- Installing: /home/hjh/RMserial/install/pb_rm_interfaces/local/lib/python3.10/dist-packages/pb_rm_interfaces-0.0.0-py3.10.egg-info/SOURCES.txt\n'}
[6.078067] (pb_rm_interfaces) StdoutLine: {'line': b'-- Installing: /home/hjh/RMserial/install/pb_rm_interfaces/local/lib/python3.10/dist-packages/pb_rm_interfaces-0.0.0-py3.10.egg-info/top_level.txt\n'}
[6.078201] (pb_rm_interfaces) StdoutLine: {'line': b'-- Installing: /home/hjh/RMserial/install/pb_rm_interfaces/local/lib/python3.10/dist-packages/pb_rm_interfaces\n'}
[6.078296] (pb_rm_interfaces) StdoutLine: {'line': b'-- Installing: /home/hjh/RMserial/install/pb_rm_interfaces/local/lib/python3.10/dist-packages/pb_rm_interfaces/_pb_rm_interfaces_s.ep.rosidl_typesupport_fastrtps_c.c\n'}
[6.078398] (pb_rm_interfaces) StdoutLine: {'line': b'-- Installing: /home/hjh/RMserial/install/pb_rm_interfaces/local/lib/python3.10/dist-packages/pb_rm_interfaces/__init__.py\n'}
[6.078490] (pb_rm_interfaces) StdoutLine: {'line': b'-- Installing: /home/hjh/RMserial/install/pb_rm_interfaces/local/lib/python3.10/dist-packages/pb_rm_interfaces/_pb_rm_interfaces_s.ep.rosidl_typesupport_c.c\n'}
[6.078601] (pb_rm_interfaces) StdoutLine: {'line': b'-- Installing: /home/hjh/RMserial/install/pb_rm_interfaces/local/lib/python3.10/dist-packages/pb_rm_interfaces/pb_rm_interfaces_s__rosidl_typesupport_introspection_c.cpython-310-x86_64-linux-gnu.so\n'}
[6.078725] (pb_rm_interfaces) StdoutLine: {'line': b'-- Installing: /home/hjh/RMserial/install/pb_rm_interfaces/local/lib/python3.10/dist-packages/pb_rm_interfaces/pb_rm_interfaces_s__rosidl_typesupport_c.cpython-310-x86_64-linux-gnu.so\n'}
[6.078846] (pb_rm_interfaces) StdoutLine: {'line': b'-- Installing: /home/hjh/RMserial/install/pb_rm_interfaces/local/lib/python3.10/dist-packages/pb_rm_interfaces/_pb_rm_interfaces_s.ep.rosidl_typesupport_introspection_c.c\n'}
[6.078952] (pb_rm_interfaces) StdoutLine: {'line': b'-- Installing: /home/hjh/RMserial/install/pb_rm_interfaces/local/lib/python3.10/dist-packages/pb_rm_interfaces/msg\n'}
[6.079043] (pb_rm_interfaces) StdoutLine: {'line': b'-- Installing: /home/hjh/RMserial/install/pb_rm_interfaces/local/lib/python3.10/dist-packages/pb_rm_interfaces/msg/_robot_status.py\n'}
[6.079154] (pb_rm_interfaces) StdoutLine: {'line': b'-- Installing: /home/hjh/RMserial/install/pb_rm_interfaces/local/lib/python3.10/dist-packages/pb_rm_interfaces/msg/__init__.py\n'}
[6.079254] (pb_rm_interfaces) StdoutLine: {'line': b'-- Installing: /home/hjh/RMserial/install/pb_rm_interfaces/local/lib/python3.10/dist-packages/pb_rm_interfaces/msg/_robot_status_s.c\n'}
[6.079366] (pb_rm_interfaces) StdoutLine: {'line': b'-- Installing: /home/hjh/RMserial/install/pb_rm_interfaces/local/lib/python3.10/dist-packages/pb_rm_interfaces/msg/_game_status_s.c\n'}
[6.079465] (pb_rm_interfaces) StdoutLine: {'line': b'-- Installing: /home/hjh/RMserial/install/pb_rm_interfaces/local/lib/python3.10/dist-packages/pb_rm_interfaces/msg/_game_status.py\n'}
[6.079581] (pb_rm_interfaces) StdoutLine: {'line': b'-- Installing: /home/hjh/RMserial/install/pb_rm_interfaces/local/lib/python3.10/dist-packages/pb_rm_interfaces/pb_rm_interfaces_s__rosidl_typesupport_fastrtps_c.cpython-310-x86_64-linux-gnu.so\n'}
[6.079694] (pb_rm_interfaces) StdoutLine: {'line': b'-- Installing: /home/hjh/RMserial/install/pb_rm_interfaces/local/lib/python3.10/dist-packages/pb_rm_interfaces/libpb_rm_interfaces__rosidl_generator_py.so\n'}
[6.111456] (pb_rm_interfaces) StdoutLine: {'line': b"Listing '/home/hjh/RMserial/install/pb_rm_interfaces/local/lib/python3.10/dist-packages/pb_rm_interfaces'...\n"}
[6.111655] (pb_rm_interfaces) StdoutLine: {'line': b"Compiling '/home/hjh/RMserial/install/pb_rm_interfaces/local/lib/python3.10/dist-packages/pb_rm_interfaces/__init__.py'...\n"}
[6.111750] (pb_rm_interfaces) StdoutLine: {'line': b"Listing '/home/hjh/RMserial/install/pb_rm_interfaces/local/lib/python3.10/dist-packages/pb_rm_interfaces/msg'...\n"}
[6.111831] (pb_rm_interfaces) StdoutLine: {'line': b"Compiling '/home/hjh/RMserial/install/pb_rm_interfaces/local/lib/python3.10/dist-packages/pb_rm_interfaces/msg/__init__.py'...\n"}
[6.111912] (pb_rm_interfaces) StdoutLine: {'line': b"Compiling '/home/hjh/RMserial/install/pb_rm_interfaces/local/lib/python3.10/dist-packages/pb_rm_interfaces/msg/_game_status.py'...\n"}
[6.111990] (pb_rm_interfaces) StdoutLine: {'line': b"Compiling '/home/hjh/RMserial/install/pb_rm_interfaces/local/lib/python3.10/dist-packages/pb_rm_interfaces/msg/_robot_status.py'...\n"}
[6.114925] (pb_rm_interfaces) StdoutLine: {'line': b'-- Installing: /home/hjh/RMserial/install/pb_rm_interfaces/local/lib/python3.10/dist-packages/pb_rm_interfaces/pb_rm_interfaces_s__rosidl_typesupport_fastrtps_c.cpython-310-x86_64-linux-gnu.so\n'}
[6.115232] (pb_rm_interfaces) StdoutLine: {'line': b'-- Set non-toolchain portion of runtime path of "/home/hjh/RMserial/install/pb_rm_interfaces/local/lib/python3.10/dist-packages/pb_rm_interfaces/pb_rm_interfaces_s__rosidl_typesupport_fastrtps_c.cpython-310-x86_64-linux-gnu.so" to ""\n'}
[6.115455] (pb_rm_interfaces) StdoutLine: {'line': b'-- Installing: /home/hjh/RMserial/install/pb_rm_interfaces/local/lib/python3.10/dist-packages/pb_rm_interfaces/pb_rm_interfaces_s__rosidl_typesupport_introspection_c.cpython-310-x86_64-linux-gnu.so\n'}
[6.115676] (pb_rm_interfaces) StdoutLine: {'line': b'-- Set non-toolchain portion of runtime path of "/home/hjh/RMserial/install/pb_rm_interfaces/local/lib/python3.10/dist-packages/pb_rm_interfaces/pb_rm_interfaces_s__rosidl_typesupport_introspection_c.cpython-310-x86_64-linux-gnu.so" to ""\n'}
[6.115826] (pb_rm_interfaces) StdoutLine: {'line': b'-- Installing: /home/hjh/RMserial/install/pb_rm_interfaces/local/lib/python3.10/dist-packages/pb_rm_interfaces/pb_rm_interfaces_s__rosidl_typesupport_c.cpython-310-x86_64-linux-gnu.so\n'}
[6.116231] (pb_rm_interfaces) StdoutLine: {'line': b'-- Set non-toolchain portion of runtime path of "/home/hjh/RMserial/install/pb_rm_interfaces/local/lib/python3.10/dist-packages/pb_rm_interfaces/pb_rm_interfaces_s__rosidl_typesupport_c.cpython-310-x86_64-linux-gnu.so" to ""\n'}
[6.116360] (pb_rm_interfaces) StdoutLine: {'line': b'-- Installing: /home/hjh/RMserial/install/pb_rm_interfaces/lib/libpb_rm_interfaces__rosidl_generator_py.so\n'}
[6.116569] (pb_rm_interfaces) StdoutLine: {'line': b'-- Set non-toolchain portion of runtime path of "/home/hjh/RMserial/install/pb_rm_interfaces/lib/libpb_rm_interfaces__rosidl_generator_py.so" to ""\n'}
[6.116736] (pb_rm_interfaces) StdoutLine: {'line': b'-- Installing: /home/hjh/RMserial/install/pb_rm_interfaces/share/pb_rm_interfaces/msg/GameStatus.idl\n'}
[6.116855] (pb_rm_interfaces) StdoutLine: {'line': b'-- Installing: /home/hjh/RMserial/install/pb_rm_interfaces/share/pb_rm_interfaces/msg/RobotStatus.idl\n'}
[6.116962] (pb_rm_interfaces) StdoutLine: {'line': b'-- Installing: /home/hjh/RMserial/install/pb_rm_interfaces/share/pb_rm_interfaces/msg/GameStatus.msg\n'}
[6.117087] (pb_rm_interfaces) StdoutLine: {'line': b'-- Installing: /home/hjh/RMserial/install/pb_rm_interfaces/share/pb_rm_interfaces/msg/RobotStatus.msg\n'}
[6.117169] (pb_rm_interfaces) StdoutLine: {'line': b'-- Installing: /home/hjh/RMserial/install/pb_rm_interfaces/share/ament_index/resource_index/package_run_dependencies/pb_rm_interfaces\n'}
[6.117271] (pb_rm_interfaces) StdoutLine: {'line': b'-- Installing: /home/hjh/RMserial/install/pb_rm_interfaces/share/ament_index/resource_index/parent_prefix_path/pb_rm_interfaces\n'}
[6.117381] (pb_rm_interfaces) StdoutLine: {'line': b'-- Installing: /home/hjh/RMserial/install/pb_rm_interfaces/share/pb_rm_interfaces/environment/ament_prefix_path.sh\n'}
[6.117485] (pb_rm_interfaces) StdoutLine: {'line': b'-- Installing: /home/hjh/RMserial/install/pb_rm_interfaces/share/pb_rm_interfaces/environment/ament_prefix_path.dsv\n'}
[6.117607] (pb_rm_interfaces) StdoutLine: {'line': b'-- Installing: /home/hjh/RMserial/install/pb_rm_interfaces/share/pb_rm_interfaces/environment/path.sh\n'}
[6.117727] (pb_rm_interfaces) StdoutLine: {'line': b'-- Installing: /home/hjh/RMserial/install/pb_rm_interfaces/share/pb_rm_interfaces/environment/path.dsv\n'}
[6.117847] (pb_rm_interfaces) StdoutLine: {'line': b'-- Installing: /home/hjh/RMserial/install/pb_rm_interfaces/share/pb_rm_interfaces/local_setup.bash\n'}
[6.117963] (pb_rm_interfaces) StdoutLine: {'line': b'-- Installing: /home/hjh/RMserial/install/pb_rm_interfaces/share/pb_rm_interfaces/local_setup.sh\n'}
[6.118095] (pb_rm_interfaces) StdoutLine: {'line': b'-- Installing: /home/hjh/RMserial/install/pb_rm_interfaces/share/pb_rm_interfaces/local_setup.zsh\n'}
[6.118211] (pb_rm_interfaces) StdoutLine: {'line': b'-- Installing: /home/hjh/RMserial/install/pb_rm_interfaces/share/pb_rm_interfaces/local_setup.dsv\n'}
[6.118329] (pb_rm_interfaces) StdoutLine: {'line': b'-- Installing: /home/hjh/RMserial/install/pb_rm_interfaces/share/pb_rm_interfaces/package.dsv\n'}
[6.118484] (pb_rm_interfaces) StdoutLine: {'line': b'-- Installing: /home/hjh/RMserial/install/pb_rm_interfaces/share/ament_index/resource_index/packages/pb_rm_interfaces\n'}
[6.118647] (pb_rm_interfaces) StdoutLine: {'line': b'-- Installing: /home/hjh/RMserial/install/pb_rm_interfaces/share/pb_rm_interfaces/cmake/export_pb_rm_interfaces__rosidl_generator_cExport.cmake\n'}
[6.118779] (pb_rm_interfaces) StdoutLine: {'line': b'-- Installing: /home/hjh/RMserial/install/pb_rm_interfaces/share/pb_rm_interfaces/cmake/export_pb_rm_interfaces__rosidl_generator_cExport-noconfig.cmake\n'}
[6.118911] (pb_rm_interfaces) StdoutLine: {'line': b'-- Installing: /home/hjh/RMserial/install/pb_rm_interfaces/share/pb_rm_interfaces/cmake/export_pb_rm_interfaces__rosidl_typesupport_fastrtps_cExport.cmake\n'}
[6.119046] (pb_rm_interfaces) StdoutLine: {'line': b'-- Installing: /home/hjh/RMserial/install/pb_rm_interfaces/share/pb_rm_interfaces/cmake/export_pb_rm_interfaces__rosidl_typesupport_fastrtps_cExport-noconfig.cmake\n'}
[6.119128] (-) TimerEvent: {}
[6.119265] (pb_rm_interfaces) StdoutLine: {'line': b'-- Installing: /home/hjh/RMserial/install/pb_rm_interfaces/share/pb_rm_interfaces/cmake/pb_rm_interfaces__rosidl_typesupport_introspection_cExport.cmake\n'}
[6.119380] (pb_rm_interfaces) StdoutLine: {'line': b'-- Installing: /home/hjh/RMserial/install/pb_rm_interfaces/share/pb_rm_interfaces/cmake/pb_rm_interfaces__rosidl_typesupport_introspection_cExport-noconfig.cmake\n'}
[6.119478] (pb_rm_interfaces) StdoutLine: {'line': b'-- Installing: /home/hjh/RMserial/install/pb_rm_interfaces/share/pb_rm_interfaces/cmake/pb_rm_interfaces__rosidl_typesupport_cExport.cmake\n'}
[6.119740] (pb_rm_interfaces) StdoutLine: {'line': b'-- Installing: /home/hjh/RMserial/install/pb_rm_interfaces/share/pb_rm_interfaces/cmake/pb_rm_interfaces__rosidl_typesupport_cExport-noconfig.cmake\n'}
[6.119840] (pb_rm_interfaces) StdoutLine: {'line': b'-- Installing: /home/hjh/RMserial/install/pb_rm_interfaces/share/pb_rm_interfaces/cmake/export_pb_rm_interfaces__rosidl_generator_cppExport.cmake\n'}
[6.119902] (pb_rm_interfaces) StdoutLine: {'line': b'-- Installing: /home/hjh/RMserial/install/pb_rm_interfaces/share/pb_rm_interfaces/cmake/export_pb_rm_interfaces__rosidl_typesupport_fastrtps_cppExport.cmake\n'}
[6.120036] (pb_rm_interfaces) StdoutLine: {'line': b'-- Installing: /home/hjh/RMserial/install/pb_rm_interfaces/share/pb_rm_interfaces/cmake/export_pb_rm_interfaces__rosidl_typesupport_fastrtps_cppExport-noconfig.cmake\n'}
[6.120257] (pb_rm_interfaces) StdoutLine: {'line': b'-- Installing: /home/hjh/RMserial/install/pb_rm_interfaces/share/pb_rm_interfaces/cmake/pb_rm_interfaces__rosidl_typesupport_introspection_cppExport.cmake\n'}
[6.120455] (pb_rm_interfaces) StdoutLine: {'line': b'-- Installing: /home/hjh/RMserial/install/pb_rm_interfaces/share/pb_rm_interfaces/cmake/pb_rm_interfaces__rosidl_typesupport_introspection_cppExport-noconfig.cmake\n'}
[6.120555] (pb_rm_interfaces) StdoutLine: {'line': b'-- Installing: /home/hjh/RMserial/install/pb_rm_interfaces/share/pb_rm_interfaces/cmake/pb_rm_interfaces__rosidl_typesupport_cppExport.cmake\n'}
[6.120712] (pb_rm_interfaces) StdoutLine: {'line': b'-- Installing: /home/hjh/RMserial/install/pb_rm_interfaces/share/pb_rm_interfaces/cmake/pb_rm_interfaces__rosidl_typesupport_cppExport-noconfig.cmake\n'}
[6.120800] (pb_rm_interfaces) StdoutLine: {'line': b'-- Installing: /home/hjh/RMserial/install/pb_rm_interfaces/share/pb_rm_interfaces/cmake/export_pb_rm_interfaces__rosidl_generator_pyExport.cmake\n'}
[6.120895] (pb_rm_interfaces) StdoutLine: {'line': b'-- Installing: /home/hjh/RMserial/install/pb_rm_interfaces/share/pb_rm_interfaces/cmake/export_pb_rm_interfaces__rosidl_generator_pyExport-noconfig.cmake\n'}
[6.121040] (pb_rm_interfaces) StdoutLine: {'line': b'-- Installing: /home/hjh/RMserial/install/pb_rm_interfaces/share/pb_rm_interfaces/cmake/rosidl_cmake-extras.cmake\n'}
[6.121183] (pb_rm_interfaces) StdoutLine: {'line': b'-- Installing: /home/hjh/RMserial/install/pb_rm_interfaces/share/pb_rm_interfaces/cmake/ament_cmake_export_dependencies-extras.cmake\n'}
[6.121330] (pb_rm_interfaces) StdoutLine: {'line': b'-- Installing: /home/hjh/RMserial/install/pb_rm_interfaces/share/pb_rm_interfaces/cmake/ament_cmake_export_include_directories-extras.cmake\n'}
[6.121550] (pb_rm_interfaces) StdoutLine: {'line': b'-- Installing: /home/hjh/RMserial/install/pb_rm_interfaces/share/pb_rm_interfaces/cmake/ament_cmake_export_libraries-extras.cmake\n'}
[6.121710] (pb_rm_interfaces) StdoutLine: {'line': b'-- Installing: /home/hjh/RMserial/install/pb_rm_interfaces/share/pb_rm_interfaces/cmake/ament_cmake_export_targets-extras.cmake\n'}
[6.121778] (pb_rm_interfaces) StdoutLine: {'line': b'-- Installing: /home/hjh/RMserial/install/pb_rm_interfaces/share/pb_rm_interfaces/cmake/rosidl_cmake_export_typesupport_targets-extras.cmake\n'}
[6.121932] (pb_rm_interfaces) StdoutLine: {'line': b'-- Installing: /home/hjh/RMserial/install/pb_rm_interfaces/share/pb_rm_interfaces/cmake/rosidl_cmake_export_typesupport_libraries-extras.cmake\n'}
[6.122192] (pb_rm_interfaces) StdoutLine: {'line': b'-- Installing: /home/hjh/RMserial/install/pb_rm_interfaces/share/pb_rm_interfaces/cmake/pb_rm_interfacesConfig.cmake\n'}
[6.122301] (pb_rm_interfaces) StdoutLine: {'line': b'-- Installing: /home/hjh/RMserial/install/pb_rm_interfaces/share/pb_rm_interfaces/cmake/pb_rm_interfacesConfig-version.cmake\n'}
[6.122442] (pb_rm_interfaces) StdoutLine: {'line': b'-- Installing: /home/hjh/RMserial/install/pb_rm_interfaces/share/pb_rm_interfaces/package.xml\n'}
[6.124597] (pb_rm_interfaces) CommandEnded: {'returncode': 0}
[6.133132] (pb_rm_interfaces) JobEnded: {'identifier': 'pb_rm_interfaces', 'rc': 0}
[6.219223] (-) TimerEvent: {}
[6.319467] (-) TimerEvent: {}
[6.419782] (-) TimerEvent: {}
[6.519994] (-) TimerEvent: {}
[6.620254] (-) TimerEvent: {}
[6.720479] (-) TimerEvent: {}
[6.820728] (-) TimerEvent: {}
[6.920975] (-) TimerEvent: {}
[6.929470] (def_msg) StdoutLine: {'line': b'[ 82%] Built target def_msg__py\n'}
[6.940135] (def_msg) StdoutLine: {'line': b'[ 83%] \x1b[32mBuilding C object CMakeFiles/def_msg__rosidl_generator_py.dir/rosidl_generator_py/def_msg/msg/_gobal_information_s.c.o\x1b[0m\n'}
[6.940416] (def_msg) StdoutLine: {'line': b'[ 85%] \x1b[32mBuilding C object CMakeFiles/def_msg__rosidl_generator_py.dir/rosidl_generator_py/def_msg/msg/_gimble_control_s.c.o\x1b[0m\n'}
[6.940525] (def_msg) StdoutLine: {'line': b'[ 86%] \x1b[32mBuilding C object CMakeFiles/def_msg__rosidl_generator_py.dir/rosidl_generator_py/def_msg/msg/_common_control_s.c.o\x1b[0m\n'}
[6.941757] (def_msg) StdoutLine: {'line': b'[ 88%] \x1b[32mBuilding C object CMakeFiles/def_msg__rosidl_generator_py.dir/rosidl_generator_py/def_msg/msg/_em_control_s.c.o\x1b[0m\n'}
[6.941881] (def_msg) StdoutLine: {'line': b'[ 88%] \x1b[32mBuilding C object CMakeFiles/def_msg__rosidl_generator_py.dir/rosidl_generator_py/def_msg/action/_nav_pose_s.c.o\x1b[0m\n'}
[6.941980] (def_msg) StdoutLine: {'line': b'[ 89%] \x1b[32mBuilding C object CMakeFiles/def_msg__rosidl_generator_py.dir/rosidl_generator_py/def_msg/msg/_gimble_position_s.c.o\x1b[0m\n'}
[6.942152] (def_msg) StdoutLine: {'line': b'[ 90%] \x1b[32mBuilding C object CMakeFiles/def_msg__rosidl_generator_py.dir/rosidl_generator_py/def_msg/srv/_controller_mode_set_s.c.o\x1b[0m\n'}
[6.942495] (def_msg) StdoutLine: {'line': b'[ 91%] \x1b[32mBuilding C object CMakeFiles/def_msg__rosidl_generator_py.dir/rosidl_generator_py/def_msg/srv/_heart_beat_s.c.o\x1b[0m\n'}
[7.021201] (-) TimerEvent: {}
[7.075638] (def_msg) StdoutLine: {'line': b'[ 93%] \x1b[1m\x1b[32mLinking C shared library rosidl_generator_py/def_msg/libdef_msg__rosidl_generator_py.so\x1b[0m\n'}
[7.105459] (def_msg) StdoutLine: {'line': b'[ 93%] Built target def_msg__rosidl_generator_py\n'}
[7.117699] (def_msg) StdoutLine: {'line': b'[ 94%] \x1b[32mBuilding C object CMakeFiles/def_msg__rosidl_typesupport_introspection_c__pyext.dir/rosidl_generator_py/def_msg/_def_msg_s.ep.rosidl_typesupport_introspection_c.c.o\x1b[0m\n'}
[7.117946] (def_msg) StdoutLine: {'line': b'[ 95%] \x1b[32mBuilding C object CMakeFiles/def_msg__rosidl_typesupport_fastrtps_c__pyext.dir/rosidl_generator_py/def_msg/_def_msg_s.ep.rosidl_typesupport_fastrtps_c.c.o\x1b[0m\n'}
[7.118539] (def_msg) StdoutLine: {'line': b'[ 96%] \x1b[32mBuilding C object CMakeFiles/def_msg__rosidl_typesupport_c__pyext.dir/rosidl_generator_py/def_msg/_def_msg_s.ep.rosidl_typesupport_c.c.o\x1b[0m\n'}
[7.121299] (-) TimerEvent: {}
[7.213912] (def_msg) StdoutLine: {'line': b'[ 97%] \x1b[1m\x1b[32mLinking C shared library rosidl_generator_py/def_msg/def_msg_s__rosidl_typesupport_introspection_c.cpython-310-x86_64-linux-gnu.so\x1b[0m\n'}
[7.214481] (def_msg) StdoutLine: {'line': b'[ 98%] \x1b[1m\x1b[32mLinking C shared library rosidl_generator_py/def_msg/def_msg_s__rosidl_typesupport_c.cpython-310-x86_64-linux-gnu.so\x1b[0m\n'}
[7.221439] (-) TimerEvent: {}
[7.236159] (def_msg) StdoutLine: {'line': b'[100%] \x1b[1m\x1b[32mLinking C shared library rosidl_generator_py/def_msg/def_msg_s__rosidl_typesupport_fastrtps_c.cpython-310-x86_64-linux-gnu.so\x1b[0m\n'}
[7.239034] (def_msg) StdoutLine: {'line': b'[100%] Built target def_msg__rosidl_typesupport_introspection_c__pyext\n'}
[7.242784] (def_msg) StdoutLine: {'line': b'[100%] Built target def_msg__rosidl_typesupport_c__pyext\n'}
[7.264850] (def_msg) StdoutLine: {'line': b'[100%] Built target def_msg__rosidl_typesupport_fastrtps_c__pyext\n'}
[7.274908] (def_msg) CommandEnded: {'returncode': 0}
[7.276110] (def_msg) JobProgress: {'identifier': 'def_msg', 'progress': 'install'}
[7.276698] (def_msg) Command: {'cmd': ['/usr/bin/cmake', '--install', '/home/hjh/RMserial/build/def_msg'], 'cwd': '/home/hjh/RMserial/build/def_msg', 'env': OrderedDict([('LESSOPEN', '| /usr/bin/lesspipe %s'), ('HTTPS_PROXY', 'http://127.0.0.1:7890/'), ('no_proxy', 'localhost,127.0.0.1,::1'), ('LANGUAGE', 'zh_CN:en'), ('USER', 'hjh'), ('LC_TIME', 'zh_CN.UTF-8'), ('all_proxy', 'socks://127.0.0.1:7890/'), ('XDG_SESSION_TYPE', 'wayland'), ('SHLVL', '1'), ('LD_LIBRARY_PATH', '/opt/ros/humble/opt/openvdb_vendor/lib:/home/hjh/ros2_ws/install/lib:/home/hjh/ros2_ws/install/lib:/usr/lib/x86_64-linux-gnu/gazebo-11/plugins:/opt/ros/humble/opt/rviz_ogre_vendor/lib:/opt/ros/humble/lib/x86_64-linux-gnu:/opt/ros/humble/lib'), ('HOME', '/home/hjh'), ('CONDA_SHLVL', '0'), ('DESKTOP_SESSION', 'ubuntu'), ('NO_PROXY', 'localhost,127.0.0.1,::1'), ('ROS_PYTHON_VERSION', '3'), ('GNOME_SHELL_SESSION_MODE', 'ubuntu'), ('GTK_MODULES', 'gail:atk-bridge'), ('LC_MONETARY', 'zh_CN.UTF-8'), ('DBUS_STARTER_BUS_TYPE', 'session'), ('SYSTEMD_EXEC_PID', '1799'), ('DBUS_SESSION_BUS_ADDRESS', 'unix:path=/run/user/1000/bus,guid=3dfda3e1fa4d316e9c28dc7469c4bd2d'), ('COLORTERM', 'truecolor'), ('_CE_M', ''), ('IM_CONFIG_PHASE', '1'), ('WAYLAND_DISPLAY', 'wayland-0'), ('https_proxy', 'http://127.0.0.1:7890/'), ('ROS_DISTRO', 'humble'), ('GTK_IM_MODULE', 'fcitx'), ('LOGNAME', 'hjh'), ('ALL_PROXY', 'socks://127.0.0.1:7890/'), ('http_proxy', 'http://127.0.0.1:7890/'), ('_', '/usr/bin/colcon'), ('ROS_VERSION', '2'), ('XDG_SESSION_CLASS', 'user'), ('USERNAME', 'hjh'), ('TERM', 'xterm-256color'), ('GNOME_DESKTOP_SESSION_ID', 'this-is-deprecated'), ('_CE_CONDA', ''), ('ROS_LOCALHOST_ONLY', '0'), ('PATH', '/home/hjh/miniconda3/condabin:/opt/ros/humble/bin:/home/hjh/.local/bin:/usr/local/sbin:/usr/local/bin:/usr/sbin:/usr/bin:/sbin:/bin:/usr/games:/usr/local/games:/snap/bin:/snap/bin'), ('SESSION_MANAGER', 'local/hjh-Lenovo-G5000-IRH8:@/tmp/.ICE-unix/1799,unix/hjh-Lenovo-G5000-IRH8:/tmp/.ICE-unix/1799'), ('PAPERSIZE', 'a4'), ('XDG_MENU_PREFIX', 'gnome-'), ('LC_ADDRESS', 'zh_CN.UTF-8'), ('GNOME_TERMINAL_SCREEN', '/org/gnome/Terminal/screen/2167da3e_d4a9_465d_a86f_ec405522a8fd'), ('GNOME_SETUP_DISPLAY', ':1'), ('XDG_RUNTIME_DIR', '/run/user/1000'), ('DISPLAY', ':0'), ('LANG', 'zh_CN.UTF-8'), ('XDG_CURRENT_DESKTOP', 'ubuntu:GNOME'), ('LC_TELEPHONE', 'zh_CN.UTF-8'), ('XMODIFIERS', '@im=fcitx'), ('XDG_SESSION_DESKTOP', 'ubuntu'), ('XAUTHORITY', '/run/user/1000/.mutter-Xwaylandauth.C2E3M3'), ('LS_COLORS', 'rs=0:di=01;34:ln=01;36:mh=00:pi=40;33:so=01;35:do=01;35:bd=40;33;01:cd=40;33;01:or=40;31;01:mi=00:su=37;41:sg=30;43:ca=30;41:tw=30;42:ow=34;42:st=37;44:ex=01;32:*.tar=01;31:*.tgz=01;31:*.arc=01;31:*.arj=01;31:*.taz=01;31:*.lha=01;31:*.lz4=01;31:*.lzh=01;31:*.lzma=01;31:*.tlz=01;31:*.txz=01;31:*.tzo=01;31:*.t7z=01;31:*.zip=01;31:*.z=01;31:*.dz=01;31:*.gz=01;31:*.lrz=01;31:*.lz=01;31:*.lzo=01;31:*.xz=01;31:*.zst=01;31:*.tzst=01;31:*.bz2=01;31:*.bz=01;31:*.tbz=01;31:*.tbz2=01;31:*.tz=01;31:*.deb=01;31:*.rpm=01;31:*.jar=01;31:*.war=01;31:*.ear=01;31:*.sar=01;31:*.rar=01;31:*.alz=01;31:*.ace=01;31:*.zoo=01;31:*.cpio=01;31:*.7z=01;31:*.rz=01;31:*.cab=01;31:*.wim=01;31:*.swm=01;31:*.dwm=01;31:*.esd=01;31:*.jpg=01;35:*.jpeg=01;35:*.mjpg=01;35:*.mjpeg=01;35:*.gif=01;35:*.bmp=01;35:*.pbm=01;35:*.pgm=01;35:*.ppm=01;35:*.tga=01;35:*.xbm=01;35:*.xpm=01;35:*.tif=01;35:*.tiff=01;35:*.png=01;35:*.svg=01;35:*.svgz=01;35:*.mng=01;35:*.pcx=01;35:*.mov=01;35:*.mpg=01;35:*.mpeg=01;35:*.m2v=01;35:*.mkv=01;35:*.webm=01;35:*.webp=01;35:*.ogm=01;35:*.mp4=01;35:*.m4v=01;35:*.mp4v=01;35:*.vob=01;35:*.qt=01;35:*.nuv=01;35:*.wmv=01;35:*.asf=01;35:*.rm=01;35:*.rmvb=01;35:*.flc=01;35:*.avi=01;35:*.fli=01;35:*.flv=01;35:*.gl=01;35:*.dl=01;35:*.xcf=01;35:*.xwd=01;35:*.yuv=01;35:*.cgm=01;35:*.emf=01;35:*.ogv=01;35:*.ogx=01;35:*.aac=00;36:*.au=00;36:*.flac=00;36:*.m4a=00;36:*.mid=00;36:*.midi=00;36:*.mka=00;36:*.mp3=00;36:*.mpc=00;36:*.ogg=00;36:*.ra=00;36:*.wav=00;36:*.oga=00;36:*.opus=00;36:*.spx=00;36:*.xspf=00;36:'), ('GNOME_TERMINAL_SERVICE', ':1.461'), ('SSH_AGENT_LAUNCHER', 'gnome-keyring'), ('SSH_AUTH_SOCK', '/run/user/1000/keyring/ssh'), ('AMENT_PREFIX_PATH', '/opt/ros/humble'), ('CONDA_PYTHON_EXE', '/home/hjh/miniconda3/bin/python'), ('SHELL', '/bin/bash'), ('LC_NAME', 'zh_CN.UTF-8'), ('QT_ACCESSIBILITY', '1'), ('GDMSESSION', 'ubuntu'), ('LESSCLOSE', '/usr/bin/lesspipe %s %s'), ('LC_MEASUREMENT', 'zh_CN.UTF-8'), ('LC_IDENTIFICATION', 'zh_CN.UTF-8'), ('QT_IM_MODULE', 'fcitx'), ('PWD', '/home/hjh/RMserial/build/def_msg'), ('XDG_CONFIG_DIRS', '/etc/xdg/xdg-ubuntu:/etc/xdg'), ('CONDA_EXE', '/home/hjh/miniconda3/bin/conda'), ('CLUTTER_IM_MODULE', 'fcitx'), ('DBUS_STARTER_ADDRESS', 'unix:path=/run/user/1000/bus,guid=3dfda3e1fa4d316e9c28dc7469c4bd2d'), ('XDG_DATA_DIRS', '/usr/share/ubuntu:/usr/local/share/:/usr/share/:/var/lib/snapd/desktop'), ('PYTHONPATH', '/opt/ros/humble/lib/python3.10/site-packages:/opt/ros/humble/local/lib/python3.10/dist-packages'), ('HTTP_PROXY', 'http://127.0.0.1:7890/'), ('LC_NUMERIC', 'en_US.UTF-8'), ('LC_PAPER', 'zh_CN.UTF-8'), ('COLCON', '1'), ('VTE_VERSION', '6800'), ('CMAKE_PREFIX_PATH', '/opt/ros/humble')]), 'shell': False}
[7.284175] (def_msg) StdoutLine: {'line': b'-- Install configuration: ""\n'}
[7.284524] (def_msg) StdoutLine: {'line': b'-- Installing: /home/hjh/RMserial/install/def_msg/share/ament_index/resource_index/rosidl_interfaces/def_msg\n'}
[7.284729] (def_msg) StdoutLine: {'line': b'-- Installing: /home/hjh/RMserial/install/def_msg/include/def_msg/def_msg\n'}
[7.284933] (def_msg) StdoutLine: {'line': b'-- Installing: /home/hjh/RMserial/install/def_msg/include/def_msg/def_msg/srv\n'}
[7.285094] (def_msg) StdoutLine: {'line': b'-- Installing: /home/hjh/RMserial/install/def_msg/include/def_msg/def_msg/srv/detail\n'}
[7.285213] (def_msg) StdoutLine: {'line': b'-- Installing: /home/hjh/RMserial/install/def_msg/include/def_msg/def_msg/srv/detail/controller_mode_set__functions.h\n'}
[7.285353] (def_msg) StdoutLine: {'line': b'-- Installing: /home/hjh/RMserial/install/def_msg/include/def_msg/def_msg/srv/detail/controller_mode_set__struct.h\n'}
[7.285482] (def_msg) StdoutLine: {'line': b'-- Installing: /home/hjh/RMserial/install/def_msg/include/def_msg/def_msg/srv/detail/heart_beat__functions.h\n'}
[7.285641] (def_msg) StdoutLine: {'line': b'-- Installing: /home/hjh/RMserial/install/def_msg/include/def_msg/def_msg/srv/detail/controller_mode_set__type_support.h\n'}
[7.285754] (def_msg) StdoutLine: {'line': b'-- Installing: /home/hjh/RMserial/install/def_msg/include/def_msg/def_msg/srv/detail/controller_mode_set__functions.c\n'}
[7.285860] (def_msg) StdoutLine: {'line': b'-- Installing: /home/hjh/RMserial/install/def_msg/include/def_msg/def_msg/srv/detail/heart_beat__struct.h\n'}
[7.285999] (def_msg) StdoutLine: {'line': b'-- Installing: /home/hjh/RMserial/install/def_msg/include/def_msg/def_msg/srv/detail/heart_beat__functions.c\n'}
[7.286237] (def_msg) StdoutLine: {'line': b'-- Installing: /home/hjh/RMserial/install/def_msg/include/def_msg/def_msg/srv/detail/heart_beat__type_support.h\n'}
[7.286347] (def_msg) StdoutLine: {'line': b'-- Installing: /home/hjh/RMserial/install/def_msg/include/def_msg/def_msg/srv/controller_mode_set.h\n'}
[7.286501] (def_msg) StdoutLine: {'line': b'-- Installing: /home/hjh/RMserial/install/def_msg/include/def_msg/def_msg/srv/heart_beat.h\n'}
[7.286611] (def_msg) StdoutLine: {'line': b'-- Installing: /home/hjh/RMserial/install/def_msg/include/def_msg/def_msg/msg\n'}
[7.286717] (def_msg) StdoutLine: {'line': b'-- Installing: /home/hjh/RMserial/install/def_msg/include/def_msg/def_msg/msg/rosidl_generator_c__visibility_control.h\n'}
[7.286821] (def_msg) StdoutLine: {'line': b'-- Installing: /home/hjh/RMserial/install/def_msg/include/def_msg/def_msg/msg/gimble_control.h\n'}
[7.286924] (def_msg) StdoutLine: {'line': b'-- Installing: /home/hjh/RMserial/install/def_msg/include/def_msg/def_msg/msg/em_control.h\n'}
[7.287034] (def_msg) StdoutLine: {'line': b'-- Installing: /home/hjh/RMserial/install/def_msg/include/def_msg/def_msg/msg/detail\n'}
[7.287263] (def_msg) StdoutLine: {'line': b'-- Installing: /home/hjh/RMserial/install/def_msg/include/def_msg/def_msg/msg/detail/common_control__type_support.h\n'}
[7.287368] (def_msg) StdoutLine: {'line': b'-- Installing: /home/hjh/RMserial/install/def_msg/include/def_msg/def_msg/msg/detail/gimble_position__struct.h\n'}
[7.287517] (def_msg) StdoutLine: {'line': b'-- Installing: /home/hjh/RMserial/install/def_msg/include/def_msg/def_msg/msg/detail/gobal_information__functions.c\n'}
[7.287620] (def_msg) StdoutLine: {'line': b'-- Installing: /home/hjh/RMserial/install/def_msg/include/def_msg/def_msg/msg/detail/gimble_position__functions.h\n'}
[7.287727] (def_msg) StdoutLine: {'line': b'-- Installing: /home/hjh/RMserial/install/def_msg/include/def_msg/def_msg/msg/detail/em_control__functions.h\n'}
[7.287834] (def_msg) StdoutLine: {'line': b'-- Installing: /home/hjh/RMserial/install/def_msg/include/def_msg/def_msg/msg/detail/common_control__struct.h\n'}
[7.288033] (def_msg) StdoutLine: {'line': b'-- Installing: /home/hjh/RMserial/install/def_msg/include/def_msg/def_msg/msg/detail/gimble_position__type_support.h\n'}
[7.288172] (def_msg) StdoutLine: {'line': b'-- Installing: /home/hjh/RMserial/install/def_msg/include/def_msg/def_msg/msg/detail/em_control__type_support.h\n'}
[7.288272] (def_msg) StdoutLine: {'line': b'-- Installing: /home/hjh/RMserial/install/def_msg/include/def_msg/def_msg/msg/detail/gimble_control__struct.h\n'}
[7.288367] (def_msg) StdoutLine: {'line': b'-- Installing: /home/hjh/RMserial/install/def_msg/include/def_msg/def_msg/msg/detail/gobal_information__struct.h\n'}
[7.288517] (def_msg) StdoutLine: {'line': b'-- Installing: /home/hjh/RMserial/install/def_msg/include/def_msg/def_msg/msg/detail/em_control__struct.h\n'}
[7.288619] (def_msg) StdoutLine: {'line': b'-- Installing: /home/hjh/RMserial/install/def_msg/include/def_msg/def_msg/msg/detail/gimble_control__functions.h\n'}
[7.288719] (def_msg) StdoutLine: {'line': b'-- Installing: /home/hjh/RMserial/install/def_msg/include/def_msg/def_msg/msg/detail/common_control__functions.h\n'}
[7.288819] (def_msg) StdoutLine: {'line': b'-- Installing: /home/hjh/RMserial/install/def_msg/include/def_msg/def_msg/msg/detail/em_control__functions.c\n'}
[7.288920] (def_msg) StdoutLine: {'line': b'-- Installing: /home/hjh/RMserial/install/def_msg/include/def_msg/def_msg/msg/detail/gobal_information__functions.h\n'}
[7.289029] (def_msg) StdoutLine: {'line': b'-- Installing: /home/hjh/RMserial/install/def_msg/include/def_msg/def_msg/msg/detail/gimble_control__functions.c\n'}
[7.289173] (def_msg) StdoutLine: {'line': b'-- Installing: /home/hjh/RMserial/install/def_msg/include/def_msg/def_msg/msg/detail/gimble_control__type_support.h\n'}
[7.289268] (def_msg) StdoutLine: {'line': b'-- Installing: /home/hjh/RMserial/install/def_msg/include/def_msg/def_msg/msg/detail/gobal_information__type_support.h\n'}
[7.289362] (def_msg) StdoutLine: {'line': b'-- Installing: /home/hjh/RMserial/install/def_msg/include/def_msg/def_msg/msg/detail/common_control__functions.c\n'}
[7.289571] (def_msg) StdoutLine: {'line': b'-- Installing: /home/hjh/RMserial/install/def_msg/include/def_msg/def_msg/msg/detail/gimble_position__functions.c\n'}
[7.289669] (def_msg) StdoutLine: {'line': b'-- Installing: /home/hjh/RMserial/install/def_msg/include/def_msg/def_msg/msg/common_control.h\n'}
[7.289765] (def_msg) StdoutLine: {'line': b'-- Installing: /home/hjh/RMserial/install/def_msg/include/def_msg/def_msg/msg/gobal_information.h\n'}
[7.289861] (def_msg) StdoutLine: {'line': b'-- Installing: /home/hjh/RMserial/install/def_msg/include/def_msg/def_msg/msg/gimble_position.h\n'}
[7.289956] (def_msg) StdoutLine: {'line': b'-- Installing: /home/hjh/RMserial/install/def_msg/include/def_msg/def_msg/action\n'}
[7.290101] (def_msg) StdoutLine: {'line': b'-- Installing: /home/hjh/RMserial/install/def_msg/include/def_msg/def_msg/action/detail\n'}
[7.290288] (def_msg) StdoutLine: {'line': b'-- Installing: /home/hjh/RMserial/install/def_msg/include/def_msg/def_msg/action/detail/nav_pose__type_support.h\n'}
[7.290385] (def_msg) StdoutLine: {'line': b'-- Installing: /home/hjh/RMserial/install/def_msg/include/def_msg/def_msg/action/detail/nav_pose__struct.h\n'}
[7.290485] (def_msg) StdoutLine: {'line': b'-- Installing: /home/hjh/RMserial/install/def_msg/include/def_msg/def_msg/action/detail/nav_pose__functions.h\n'}
[7.290580] (def_msg) StdoutLine: {'line': b'-- Installing: /home/hjh/RMserial/install/def_msg/include/def_msg/def_msg/action/detail/nav_pose__functions.c\n'}
[7.290674] (def_msg) StdoutLine: {'line': b'-- Installing: /home/hjh/RMserial/install/def_msg/include/def_msg/def_msg/action/nav_pose.h\n'}
[7.290768] (def_msg) StdoutLine: {'line': b'-- Installing: /home/hjh/RMserial/install/def_msg/share/def_msg/environment/library_path.sh\n'}
[7.290863] (def_msg) StdoutLine: {'line': b'-- Installing: /home/hjh/RMserial/install/def_msg/share/def_msg/environment/library_path.dsv\n'}
[7.290957] (def_msg) StdoutLine: {'line': b'-- Installing: /home/hjh/RMserial/install/def_msg/lib/libdef_msg__rosidl_generator_c.so\n'}
[7.291120] (def_msg) StdoutLine: {'line': b'-- Set non-toolchain portion of runtime path of "/home/hjh/RMserial/install/def_msg/lib/libdef_msg__rosidl_generator_c.so" to ""\n'}
[7.291327] (def_msg) StdoutLine: {'line': b'-- Up-to-date: /home/hjh/RMserial/install/def_msg/include/def_msg/def_msg\n'}
[7.291424] (def_msg) StdoutLine: {'line': b'-- Up-to-date: /home/hjh/RMserial/install/def_msg/include/def_msg/def_msg/srv\n'}
[7.291520] (def_msg) StdoutLine: {'line': b'-- Up-to-date: /home/hjh/RMserial/install/def_msg/include/def_msg/def_msg/srv/detail\n'}
[7.291686] (def_msg) StdoutLine: {'line': b'-- Installing: /home/hjh/RMserial/install/def_msg/include/def_msg/def_msg/srv/detail/controller_mode_set__rosidl_typesupport_fastrtps_c.h\n'}
[7.291783] (def_msg) StdoutLine: {'line': b'-- Installing: /home/hjh/RMserial/install/def_msg/include/def_msg/def_msg/srv/detail/heart_beat__rosidl_typesupport_fastrtps_c.h\n'}
[7.291879] (def_msg) StdoutLine: {'line': b'-- Up-to-date: /home/hjh/RMserial/install/def_msg/include/def_msg/def_msg/msg\n'}
[7.291973] (def_msg) StdoutLine: {'line': b'-- Up-to-date: /home/hjh/RMserial/install/def_msg/include/def_msg/def_msg/msg/detail\n'}
[7.292183] (def_msg) StdoutLine: {'line': b'-- Installing: /home/hjh/RMserial/install/def_msg/include/def_msg/def_msg/msg/detail/gimble_control__rosidl_typesupport_fastrtps_c.h\n'}
[7.292326] (def_msg) StdoutLine: {'line': b'-- Installing: /home/hjh/RMserial/install/def_msg/include/def_msg/def_msg/msg/detail/gimble_position__rosidl_typesupport_fastrtps_c.h\n'}
[7.292423] (def_msg) StdoutLine: {'line': b'-- Installing: /home/hjh/RMserial/install/def_msg/include/def_msg/def_msg/msg/detail/em_control__rosidl_typesupport_fastrtps_c.h\n'}
[7.292518] (def_msg) StdoutLine: {'line': b'-- Installing: /home/hjh/RMserial/install/def_msg/include/def_msg/def_msg/msg/detail/gobal_information__rosidl_typesupport_fastrtps_c.h\n'}
[7.292612] (def_msg) StdoutLine: {'line': b'-- Installing: /home/hjh/RMserial/install/def_msg/include/def_msg/def_msg/msg/detail/common_control__rosidl_typesupport_fastrtps_c.h\n'}
[7.292706] (def_msg) StdoutLine: {'line': b'-- Installing: /home/hjh/RMserial/install/def_msg/include/def_msg/def_msg/msg/rosidl_typesupport_fastrtps_c__visibility_control.h\n'}
[7.292800] (def_msg) StdoutLine: {'line': b'-- Up-to-date: /home/hjh/RMserial/install/def_msg/include/def_msg/def_msg/action\n'}
[7.292893] (def_msg) StdoutLine: {'line': b'-- Up-to-date: /home/hjh/RMserial/install/def_msg/include/def_msg/def_msg/action/detail\n'}
[7.292987] (def_msg) StdoutLine: {'line': b'-- Installing: /home/hjh/RMserial/install/def_msg/include/def_msg/def_msg/action/detail/nav_pose__rosidl_typesupport_fastrtps_c.h\n'}
[7.293177] (def_msg) StdoutLine: {'line': b'-- Installing: /home/hjh/RMserial/install/def_msg/lib/libdef_msg__rosidl_typesupport_fastrtps_c.so\n'}
[7.293276] (def_msg) StdoutLine: {'line': b'-- Set non-toolchain portion of runtime path of "/home/hjh/RMserial/install/def_msg/lib/libdef_msg__rosidl_typesupport_fastrtps_c.so" to ""\n'}
[7.293371] (def_msg) StdoutLine: {'line': b'-- Up-to-date: /home/hjh/RMserial/install/def_msg/include/def_msg/def_msg\n'}
[7.293464] (def_msg) StdoutLine: {'line': b'-- Up-to-date: /home/hjh/RMserial/install/def_msg/include/def_msg/def_msg/srv\n'}
[7.293558] (def_msg) StdoutLine: {'line': b'-- Installing: /home/hjh/RMserial/install/def_msg/include/def_msg/def_msg/srv/heart_beat.hpp\n'}
[7.293651] (def_msg) StdoutLine: {'line': b'-- Up-to-date: /home/hjh/RMserial/install/def_msg/include/def_msg/def_msg/srv/detail\n'}
[7.293744] (def_msg) StdoutLine: {'line': b'-- Installing: /home/hjh/RMserial/install/def_msg/include/def_msg/def_msg/srv/detail/controller_mode_set__traits.hpp\n'}
[7.293838] (def_msg) StdoutLine: {'line': b'-- Installing: /home/hjh/RMserial/install/def_msg/include/def_msg/def_msg/srv/detail/controller_mode_set__type_support.hpp\n'}
[7.293932] (def_msg) StdoutLine: {'line': b'-- Installing: /home/hjh/RMserial/install/def_msg/include/def_msg/def_msg/srv/detail/heart_beat__type_support.hpp\n'}
[7.294145] (def_msg) StdoutLine: {'line': b'-- Installing: /home/hjh/RMserial/install/def_msg/include/def_msg/def_msg/srv/detail/heart_beat__struct.hpp\n'}
[7.294242] (def_msg) StdoutLine: {'line': b'-- Installing: /home/hjh/RMserial/install/def_msg/include/def_msg/def_msg/srv/detail/heart_beat__traits.hpp\n'}
[7.294336] (def_msg) StdoutLine: {'line': b'-- Installing: /home/hjh/RMserial/install/def_msg/include/def_msg/def_msg/srv/detail/heart_beat__builder.hpp\n'}
[7.294430] (def_msg) StdoutLine: {'line': b'-- Installing: /home/hjh/RMserial/install/def_msg/include/def_msg/def_msg/srv/detail/controller_mode_set__builder.hpp\n'}
[7.294576] (def_msg) StdoutLine: {'line': b'-- Installing: /home/hjh/RMserial/install/def_msg/include/def_msg/def_msg/srv/detail/controller_mode_set__struct.hpp\n'}
[7.294671] (def_msg) StdoutLine: {'line': b'-- Installing: /home/hjh/RMserial/install/def_msg/include/def_msg/def_msg/srv/controller_mode_set.hpp\n'}
[7.294765] (def_msg) StdoutLine: {'line': b'-- Up-to-date: /home/hjh/RMserial/install/def_msg/include/def_msg/def_msg/msg\n'}
[7.294859] (def_msg) StdoutLine: {'line': b'-- Installing: /home/hjh/RMserial/install/def_msg/include/def_msg/def_msg/msg/gimble_position.hpp\n'}
[7.294952] (def_msg) StdoutLine: {'line': b'-- Up-to-date: /home/hjh/RMserial/install/def_msg/include/def_msg/def_msg/msg/detail\n'}
[7.295139] (def_msg) StdoutLine: {'line': b'-- Installing: /home/hjh/RMserial/install/def_msg/include/def_msg/def_msg/msg/detail/common_control__builder.hpp\n'}
[7.295280] (def_msg) StdoutLine: {'line': b'-- Installing: /home/hjh/RMserial/install/def_msg/include/def_msg/def_msg/msg/detail/common_control__type_support.hpp\n'}
[7.295375] (def_msg) StdoutLine: {'line': b'-- Installing: /home/hjh/RMserial/install/def_msg/include/def_msg/def_msg/msg/detail/gobal_information__type_support.hpp\n'}
[7.295517] (def_msg) StdoutLine: {'line': b'-- Installing: /home/hjh/RMserial/install/def_msg/include/def_msg/def_msg/msg/detail/gimble_control__builder.hpp\n'}
[7.295611] (def_msg) StdoutLine: {'line': b'-- Installing: /home/hjh/RMserial/install/def_msg/include/def_msg/def_msg/msg/detail/gobal_information__struct.hpp\n'}
[7.295705] (def_msg) StdoutLine: {'line': b'-- Installing: /home/hjh/RMserial/install/def_msg/include/def_msg/def_msg/msg/detail/em_control__builder.hpp\n'}
[7.295798] (def_msg) StdoutLine: {'line': b'-- Installing: /home/hjh/RMserial/install/def_msg/include/def_msg/def_msg/msg/detail/em_control__type_support.hpp\n'}
[7.295891] (def_msg) StdoutLine: {'line': b'-- Installing: /home/hjh/RMserial/install/def_msg/include/def_msg/def_msg/msg/detail/gimble_position__struct.hpp\n'}
[7.296032] (def_msg) StdoutLine: {'line': b'-- Installing: /home/hjh/RMserial/install/def_msg/include/def_msg/def_msg/msg/detail/em_control__traits.hpp\n'}
[7.296180] (def_msg) StdoutLine: {'line': b'-- Installing: /home/hjh/RMserial/install/def_msg/include/def_msg/def_msg/msg/detail/gimble_control__struct.hpp\n'}
[7.296265] (def_msg) StdoutLine: {'line': b'-- Installing: /home/hjh/RMserial/install/def_msg/include/def_msg/def_msg/msg/detail/gimble_control__traits.hpp\n'}
[7.296346] (def_msg) StdoutLine: {'line': b'-- Installing: /home/hjh/RMserial/install/def_msg/include/def_msg/def_msg/msg/detail/gimble_position__type_support.hpp\n'}
[7.296427] (def_msg) StdoutLine: {'line': b'-- Installing: /home/hjh/RMserial/install/def_msg/include/def_msg/def_msg/msg/detail/gobal_information__traits.hpp\n'}
[7.296508] (def_msg) StdoutLine: {'line': b'-- Installing: /home/hjh/RMserial/install/def_msg/include/def_msg/def_msg/msg/detail/gobal_information__builder.hpp\n'}
[7.296588] (def_msg) StdoutLine: {'line': b'-- Installing: /home/hjh/RMserial/install/def_msg/include/def_msg/def_msg/msg/detail/common_control__struct.hpp\n'}
[7.296669] (def_msg) StdoutLine: {'line': b'-- Installing: /home/hjh/RMserial/install/def_msg/include/def_msg/def_msg/msg/detail/gimble_position__traits.hpp\n'}
[7.296750] (def_msg) StdoutLine: {'line': b'-- Installing: /home/hjh/RMserial/install/def_msg/include/def_msg/def_msg/msg/detail/gimble_position__builder.hpp\n'}
[7.296831] (def_msg) StdoutLine: {'line': b'-- Installing: /home/hjh/RMserial/install/def_msg/include/def_msg/def_msg/msg/detail/gimble_control__type_support.hpp\n'}
[7.296916] (def_msg) StdoutLine: {'line': b'-- Installing: /home/hjh/RMserial/install/def_msg/include/def_msg/def_msg/msg/detail/em_control__struct.hpp\n'}
[7.297018] (def_msg) StdoutLine: {'line': b'-- Installing: /home/hjh/RMserial/install/def_msg/include/def_msg/def_msg/msg/detail/common_control__traits.hpp\n'}
[7.297205] (def_msg) StdoutLine: {'line': b'-- Installing: /home/hjh/RMserial/install/def_msg/include/def_msg/def_msg/msg/em_control.hpp\n'}
[7.297287] (def_msg) StdoutLine: {'line': b'-- Installing: /home/hjh/RMserial/install/def_msg/include/def_msg/def_msg/msg/gobal_information.hpp\n'}
[7.297368] (def_msg) StdoutLine: {'line': b'-- Installing: /home/hjh/RMserial/install/def_msg/include/def_msg/def_msg/msg/rosidl_generator_cpp__visibility_control.hpp\n'}
[7.297451] (def_msg) StdoutLine: {'line': b'-- Installing: /home/hjh/RMserial/install/def_msg/include/def_msg/def_msg/msg/gimble_control.hpp\n'}
[7.297532] (def_msg) StdoutLine: {'line': b'-- Installing: /home/hjh/RMserial/install/def_msg/include/def_msg/def_msg/msg/common_control.hpp\n'}
[7.297611] (def_msg) StdoutLine: {'line': b'-- Up-to-date: /home/hjh/RMserial/install/def_msg/include/def_msg/def_msg/action\n'}
[7.297688] (def_msg) StdoutLine: {'line': b'-- Up-to-date: /home/hjh/RMserial/install/def_msg/include/def_msg/def_msg/action/detail\n'}
[7.297764] (def_msg) StdoutLine: {'line': b'-- Installing: /home/hjh/RMserial/install/def_msg/include/def_msg/def_msg/action/detail/nav_pose__type_support.hpp\n'}
[7.297841] (def_msg) StdoutLine: {'line': b'-- Installing: /home/hjh/RMserial/install/def_msg/include/def_msg/def_msg/action/detail/nav_pose__struct.hpp\n'}
[7.297941] (def_msg) StdoutLine: {'line': b'-- Installing: /home/hjh/RMserial/install/def_msg/include/def_msg/def_msg/action/detail/nav_pose__traits.hpp\n'}
[7.298025] (def_msg) StdoutLine: {'line': b'-- Installing: /home/hjh/RMserial/install/def_msg/include/def_msg/def_msg/action/detail/nav_pose__builder.hpp\n'}
[7.298168] (def_msg) StdoutLine: {'line': b'-- Installing: /home/hjh/RMserial/install/def_msg/include/def_msg/def_msg/action/nav_pose.hpp\n'}
[7.298248] (def_msg) StdoutLine: {'line': b'-- Up-to-date: /home/hjh/RMserial/install/def_msg/include/def_msg/def_msg\n'}
[7.298321] (def_msg) StdoutLine: {'line': b'-- Up-to-date: /home/hjh/RMserial/install/def_msg/include/def_msg/def_msg/srv\n'}
[7.298394] (def_msg) StdoutLine: {'line': b'-- Up-to-date: /home/hjh/RMserial/install/def_msg/include/def_msg/def_msg/srv/detail\n'}
[7.298466] (def_msg) StdoutLine: {'line': b'-- Installing: /home/hjh/RMserial/install/def_msg/include/def_msg/def_msg/srv/detail/dds_fastrtps\n'}
[7.298538] (def_msg) StdoutLine: {'line': b'-- Installing: /home/hjh/RMserial/install/def_msg/include/def_msg/def_msg/srv/detail/controller_mode_set__rosidl_typesupport_fastrtps_cpp.hpp\n'}
[7.298610] (def_msg) StdoutLine: {'line': b'-- Installing: /home/hjh/RMserial/install/def_msg/include/def_msg/def_msg/srv/detail/heart_beat__rosidl_typesupport_fastrtps_cpp.hpp\n'}
[7.298683] (def_msg) StdoutLine: {'line': b'-- Up-to-date: /home/hjh/RMserial/install/def_msg/include/def_msg/def_msg/msg\n'}
[7.298755] (def_msg) StdoutLine: {'line': b'-- Up-to-date: /home/hjh/RMserial/install/def_msg/include/def_msg/def_msg/msg/detail\n'}
[7.298827] (def_msg) StdoutLine: {'line': b'-- Installing: /home/hjh/RMserial/install/def_msg/include/def_msg/def_msg/msg/detail/dds_fastrtps\n'}
[7.298898] (def_msg) StdoutLine: {'line': b'-- Installing: /home/hjh/RMserial/install/def_msg/include/def_msg/def_msg/msg/detail/em_control__rosidl_typesupport_fastrtps_cpp.hpp\n'}
[7.298979] (def_msg) StdoutLine: {'line': b'-- Installing: /home/hjh/RMserial/install/def_msg/include/def_msg/def_msg/msg/detail/gobal_information__rosidl_typesupport_fastrtps_cpp.hpp\n'}
[7.299066] (def_msg) StdoutLine: {'line': b'-- Installing: /home/hjh/RMserial/install/def_msg/include/def_msg/def_msg/msg/detail/gimble_position__rosidl_typesupport_fastrtps_cpp.hpp\n'}
[7.299150] (def_msg) StdoutLine: {'line': b'-- Installing: /home/hjh/RMserial/install/def_msg/include/def_msg/def_msg/msg/detail/common_control__rosidl_typesupport_fastrtps_cpp.hpp\n'}
[7.299221] (def_msg) StdoutLine: {'line': b'-- Installing: /home/hjh/RMserial/install/def_msg/include/def_msg/def_msg/msg/detail/gimble_control__rosidl_typesupport_fastrtps_cpp.hpp\n'}
[7.299290] (def_msg) StdoutLine: {'line': b'-- Installing: /home/hjh/RMserial/install/def_msg/include/def_msg/def_msg/msg/rosidl_typesupport_fastrtps_cpp__visibility_control.h\n'}
[7.299365] (def_msg) StdoutLine: {'line': b'-- Up-to-date: /home/hjh/RMserial/install/def_msg/include/def_msg/def_msg/action\n'}
[7.299434] (def_msg) StdoutLine: {'line': b'-- Up-to-date: /home/hjh/RMserial/install/def_msg/include/def_msg/def_msg/action/detail\n'}
[7.299502] (def_msg) StdoutLine: {'line': b'-- Installing: /home/hjh/RMserial/install/def_msg/include/def_msg/def_msg/action/detail/dds_fastrtps\n'}
[7.299570] (def_msg) StdoutLine: {'line': b'-- Installing: /home/hjh/RMserial/install/def_msg/include/def_msg/def_msg/action/detail/nav_pose__rosidl_typesupport_fastrtps_cpp.hpp\n'}
[7.299640] (def_msg) StdoutLine: {'line': b'-- Installing: /home/hjh/RMserial/install/def_msg/lib/libdef_msg__rosidl_typesupport_fastrtps_cpp.so\n'}
[7.299709] (def_msg) StdoutLine: {'line': b'-- Set non-toolchain portion of runtime path of "/home/hjh/RMserial/install/def_msg/lib/libdef_msg__rosidl_typesupport_fastrtps_cpp.so" to ""\n'}
[7.299779] (def_msg) StdoutLine: {'line': b'-- Up-to-date: /home/hjh/RMserial/install/def_msg/include/def_msg/def_msg\n'}
[7.299849] (def_msg) StdoutLine: {'line': b'-- Up-to-date: /home/hjh/RMserial/install/def_msg/include/def_msg/def_msg/srv\n'}
[7.299917] (def_msg) StdoutLine: {'line': b'-- Up-to-date: /home/hjh/RMserial/install/def_msg/include/def_msg/def_msg/srv/detail\n'}
[7.299985] (def_msg) StdoutLine: {'line': b'-- Installing: /home/hjh/RMserial/install/def_msg/include/def_msg/def_msg/srv/detail/heart_beat__type_support.c\n'}
[7.300060] (def_msg) StdoutLine: {'line': b'-- Installing: /home/hjh/RMserial/install/def_msg/include/def_msg/def_msg/srv/detail/controller_mode_set__rosidl_typesupport_introspection_c.h\n'}
[7.300135] (def_msg) StdoutLine: {'line': b'-- Installing: /home/hjh/RMserial/install/def_msg/include/def_msg/def_msg/srv/detail/controller_mode_set__type_support.c\n'}
[7.300209] (def_msg) StdoutLine: {'line': b'-- Installing: /home/hjh/RMserial/install/def_msg/include/def_msg/def_msg/srv/detail/heart_beat__rosidl_typesupport_introspection_c.h\n'}
[7.300277] (def_msg) StdoutLine: {'line': b'-- Up-to-date: /home/hjh/RMserial/install/def_msg/include/def_msg/def_msg/msg\n'}
[7.300346] (def_msg) StdoutLine: {'line': b'-- Up-to-date: /home/hjh/RMserial/install/def_msg/include/def_msg/def_msg/msg/detail\n'}
[7.300414] (def_msg) StdoutLine: {'line': b'-- Installing: /home/hjh/RMserial/install/def_msg/include/def_msg/def_msg/msg/detail/common_control__rosidl_typesupport_introspection_c.h\n'}
[7.300482] (def_msg) StdoutLine: {'line': b'-- Installing: /home/hjh/RMserial/install/def_msg/include/def_msg/def_msg/msg/detail/gobal_information__type_support.c\n'}
[7.300551] (def_msg) StdoutLine: {'line': b'-- Installing: /home/hjh/RMserial/install/def_msg/include/def_msg/def_msg/msg/detail/common_control__type_support.c\n'}
[7.300619] (def_msg) StdoutLine: {'line': b'-- Installing: /home/hjh/RMserial/install/def_msg/include/def_msg/def_msg/msg/detail/gimble_control__type_support.c\n'}
[7.300696] (def_msg) StdoutLine: {'line': b'-- Installing: /home/hjh/RMserial/install/def_msg/include/def_msg/def_msg/msg/detail/gobal_information__rosidl_typesupport_introspection_c.h\n'}
[7.300767] (def_msg) StdoutLine: {'line': b'-- Installing: /home/hjh/RMserial/install/def_msg/include/def_msg/def_msg/msg/detail/gimble_position__rosidl_typesupport_introspection_c.h\n'}
[7.300835] (def_msg) StdoutLine: {'line': b'-- Installing: /home/hjh/RMserial/install/def_msg/include/def_msg/def_msg/msg/detail/em_control__type_support.c\n'}
[7.300907] (def_msg) StdoutLine: {'line': b'-- Installing: /home/hjh/RMserial/install/def_msg/include/def_msg/def_msg/msg/detail/em_control__rosidl_typesupport_introspection_c.h\n'}
[7.300976] (def_msg) StdoutLine: {'line': b'-- Installing: /home/hjh/RMserial/install/def_msg/include/def_msg/def_msg/msg/detail/gimble_control__rosidl_typesupport_introspection_c.h\n'}
[7.301061] (def_msg) StdoutLine: {'line': b'-- Installing: /home/hjh/RMserial/install/def_msg/include/def_msg/def_msg/msg/detail/gimble_position__type_support.c\n'}
[7.301156] (def_msg) StdoutLine: {'line': b'-- Installing: /home/hjh/RMserial/install/def_msg/include/def_msg/def_msg/msg/rosidl_typesupport_introspection_c__visibility_control.h\n'}
[7.301232] (def_msg) StdoutLine: {'line': b'-- Up-to-date: /home/hjh/RMserial/install/def_msg/include/def_msg/def_msg/action\n'}
[7.301311] (def_msg) StdoutLine: {'line': b'-- Up-to-date: /home/hjh/RMserial/install/def_msg/include/def_msg/def_msg/action/detail\n'}
[7.301381] (def_msg) StdoutLine: {'line': b'-- Installing: /home/hjh/RMserial/install/def_msg/include/def_msg/def_msg/action/detail/nav_pose__type_support.c\n'}
[7.301448] (def_msg) StdoutLine: {'line': b'-- Installing: /home/hjh/RMserial/install/def_msg/include/def_msg/def_msg/action/detail/nav_pose__rosidl_typesupport_introspection_c.h\n'}
[7.301526] (def_msg) StdoutLine: {'line': b'-- Installing: /home/hjh/RMserial/install/def_msg/lib/libdef_msg__rosidl_typesupport_introspection_c.so\n'}
[7.301596] (def_msg) StdoutLine: {'line': b'-- Set non-toolchain portion of runtime path of "/home/hjh/RMserial/install/def_msg/lib/libdef_msg__rosidl_typesupport_introspection_c.so" to ""\n'}
[7.301665] (def_msg) StdoutLine: {'line': b'-- Installing: /home/hjh/RMserial/install/def_msg/lib/libdef_msg__rosidl_typesupport_c.so\n'}
[7.301734] (def_msg) StdoutLine: {'line': b'-- Set non-toolchain portion of runtime path of "/home/hjh/RMserial/install/def_msg/lib/libdef_msg__rosidl_typesupport_c.so" to ""\n'}
[7.301801] (def_msg) StdoutLine: {'line': b'-- Up-to-date: /home/hjh/RMserial/install/def_msg/include/def_msg/def_msg\n'}
[7.301869] (def_msg) StdoutLine: {'line': b'-- Up-to-date: /home/hjh/RMserial/install/def_msg/include/def_msg/def_msg/srv\n'}
[7.301936] (def_msg) StdoutLine: {'line': b'-- Up-to-date: /home/hjh/RMserial/install/def_msg/include/def_msg/def_msg/srv/detail\n'}
[7.302009] (def_msg) StdoutLine: {'line': b'-- Installing: /home/hjh/RMserial/install/def_msg/include/def_msg/def_msg/srv/detail/controller_mode_set__rosidl_typesupport_introspection_cpp.hpp\n'}
[7.302088] (def_msg) StdoutLine: {'line': b'-- Installing: /home/hjh/RMserial/install/def_msg/include/def_msg/def_msg/srv/detail/heart_beat__type_support.cpp\n'}
[7.302160] (def_msg) StdoutLine: {'line': b'-- Installing: /home/hjh/RMserial/install/def_msg/include/def_msg/def_msg/srv/detail/heart_beat__rosidl_typesupport_introspection_cpp.hpp\n'}
[7.302230] (def_msg) StdoutLine: {'line': b'-- Installing: /home/hjh/RMserial/install/def_msg/include/def_msg/def_msg/srv/detail/controller_mode_set__type_support.cpp\n'}
[7.302297] (def_msg) StdoutLine: {'line': b'-- Up-to-date: /home/hjh/RMserial/install/def_msg/include/def_msg/def_msg/msg\n'}
[7.302365] (def_msg) StdoutLine: {'line': b'-- Up-to-date: /home/hjh/RMserial/install/def_msg/include/def_msg/def_msg/msg/detail\n'}
[7.302432] (def_msg) StdoutLine: {'line': b'-- Installing: /home/hjh/RMserial/install/def_msg/include/def_msg/def_msg/msg/detail/gobal_information__rosidl_typesupport_introspection_cpp.hpp\n'}
[7.302501] (def_msg) StdoutLine: {'line': b'-- Installing: /home/hjh/RMserial/install/def_msg/include/def_msg/def_msg/msg/detail/gimble_position__type_support.cpp\n'}
[7.302571] (def_msg) StdoutLine: {'line': b'-- Installing: /home/hjh/RMserial/install/def_msg/include/def_msg/def_msg/msg/detail/gimble_control__rosidl_typesupport_introspection_cpp.hpp\n'}
[7.302639] (def_msg) StdoutLine: {'line': b'-- Installing: /home/hjh/RMserial/install/def_msg/include/def_msg/def_msg/msg/detail/common_control__type_support.cpp\n'}
[7.302706] (def_msg) StdoutLine: {'line': b'-- Installing: /home/hjh/RMserial/install/def_msg/include/def_msg/def_msg/msg/detail/gobal_information__type_support.cpp\n'}
[7.302775] (def_msg) StdoutLine: {'line': b'-- Installing: /home/hjh/RMserial/install/def_msg/include/def_msg/def_msg/msg/detail/em_control__type_support.cpp\n'}
[7.302844] (def_msg) StdoutLine: {'line': b'-- Installing: /home/hjh/RMserial/install/def_msg/include/def_msg/def_msg/msg/detail/em_control__rosidl_typesupport_introspection_cpp.hpp\n'}
[7.302913] (def_msg) StdoutLine: {'line': b'-- Installing: /home/hjh/RMserial/install/def_msg/include/def_msg/def_msg/msg/detail/gimble_position__rosidl_typesupport_introspection_cpp.hpp\n'}
[7.302989] (def_msg) StdoutLine: {'line': b'-- Installing: /home/hjh/RMserial/install/def_msg/include/def_msg/def_msg/msg/detail/gimble_control__type_support.cpp\n'}
[7.303066] (def_msg) StdoutLine: {'line': b'-- Installing: /home/hjh/RMserial/install/def_msg/include/def_msg/def_msg/msg/detail/common_control__rosidl_typesupport_introspection_cpp.hpp\n'}
[7.303140] (def_msg) StdoutLine: {'line': b'-- Up-to-date: /home/hjh/RMserial/install/def_msg/include/def_msg/def_msg/action\n'}
[7.303214] (def_msg) StdoutLine: {'line': b'-- Up-to-date: /home/hjh/RMserial/install/def_msg/include/def_msg/def_msg/action/detail\n'}
[7.303284] (def_msg) StdoutLine: {'line': b'-- Installing: /home/hjh/RMserial/install/def_msg/include/def_msg/def_msg/action/detail/nav_pose__rosidl_typesupport_introspection_cpp.hpp\n'}
[7.303354] (def_msg) StdoutLine: {'line': b'-- Installing: /home/hjh/RMserial/install/def_msg/include/def_msg/def_msg/action/detail/nav_pose__type_support.cpp\n'}
[7.303422] (def_msg) StdoutLine: {'line': b'-- Installing: /home/hjh/RMserial/install/def_msg/lib/libdef_msg__rosidl_typesupport_introspection_cpp.so\n'}
[7.303491] (def_msg) StdoutLine: {'line': b'-- Set non-toolchain portion of runtime path of "/home/hjh/RMserial/install/def_msg/lib/libdef_msg__rosidl_typesupport_introspection_cpp.so" to ""\n'}
[7.303559] (def_msg) StdoutLine: {'line': b'-- Installing: /home/hjh/RMserial/install/def_msg/lib/libdef_msg__rosidl_typesupport_cpp.so\n'}
[7.303627] (def_msg) StdoutLine: {'line': b'-- Set non-toolchain portion of runtime path of "/home/hjh/RMserial/install/def_msg/lib/libdef_msg__rosidl_typesupport_cpp.so" to ""\n'}
[7.303695] (def_msg) StdoutLine: {'line': b'-- Installing: /home/hjh/RMserial/install/def_msg/share/def_msg/environment/pythonpath.sh\n'}
[7.303763] (def_msg) StdoutLine: {'line': b'-- Installing: /home/hjh/RMserial/install/def_msg/share/def_msg/environment/pythonpath.dsv\n'}
[7.303835] (def_msg) StdoutLine: {'line': b'-- Installing: /home/hjh/RMserial/install/def_msg/local/lib/python3.10/dist-packages/def_msg-0.0.0-py3.10.egg-info\n'}
[7.303905] (def_msg) StdoutLine: {'line': b'-- Installing: /home/hjh/RMserial/install/def_msg/local/lib/python3.10/dist-packages/def_msg-0.0.0-py3.10.egg-info/dependency_links.txt\n'}
[7.303973] (def_msg) StdoutLine: {'line': b'-- Installing: /home/hjh/RMserial/install/def_msg/local/lib/python3.10/dist-packages/def_msg-0.0.0-py3.10.egg-info/PKG-INFO\n'}
[7.304049] (def_msg) StdoutLine: {'line': b'-- Installing: /home/hjh/RMserial/install/def_msg/local/lib/python3.10/dist-packages/def_msg-0.0.0-py3.10.egg-info/SOURCES.txt\n'}
[7.304125] (def_msg) StdoutLine: {'line': b'-- Installing: /home/hjh/RMserial/install/def_msg/local/lib/python3.10/dist-packages/def_msg-0.0.0-py3.10.egg-info/top_level.txt\n'}
[7.304195] (def_msg) StdoutLine: {'line': b'-- Installing: /home/hjh/RMserial/install/def_msg/local/lib/python3.10/dist-packages/def_msg\n'}
[7.304262] (def_msg) StdoutLine: {'line': b'-- Installing: /home/hjh/RMserial/install/def_msg/local/lib/python3.10/dist-packages/def_msg/_def_msg_s.ep.rosidl_typesupport_c.c\n'}
[7.304331] (def_msg) StdoutLine: {'line': b'-- Installing: /home/hjh/RMserial/install/def_msg/local/lib/python3.10/dist-packages/def_msg/def_msg_s__rosidl_typesupport_introspection_c.cpython-310-x86_64-linux-gnu.so\n'}
[7.304400] (def_msg) StdoutLine: {'line': b'-- Installing: /home/hjh/RMserial/install/def_msg/local/lib/python3.10/dist-packages/def_msg/def_msg_s__rosidl_typesupport_fastrtps_c.cpython-310-x86_64-linux-gnu.so\n'}
[7.304469] (def_msg) StdoutLine: {'line': b'-- Installing: /home/hjh/RMserial/install/def_msg/local/lib/python3.10/dist-packages/def_msg/_def_msg_s.ep.rosidl_typesupport_introspection_c.c\n'}
[7.304538] (def_msg) StdoutLine: {'line': b'-- Installing: /home/hjh/RMserial/install/def_msg/local/lib/python3.10/dist-packages/def_msg/__init__.py\n'}
[7.304605] (def_msg) StdoutLine: {'line': b'-- Installing: /home/hjh/RMserial/install/def_msg/local/lib/python3.10/dist-packages/def_msg/srv\n'}
[7.304677] (def_msg) StdoutLine: {'line': b'-- Installing: /home/hjh/RMserial/install/def_msg/local/lib/python3.10/dist-packages/def_msg/srv/_heart_beat.py\n'}
[7.304746] (def_msg) StdoutLine: {'line': b'-- Installing: /home/hjh/RMserial/install/def_msg/local/lib/python3.10/dist-packages/def_msg/srv/_controller_mode_set.py\n'}
[7.304817] (def_msg) StdoutLine: {'line': b'-- Installing: /home/hjh/RMserial/install/def_msg/local/lib/python3.10/dist-packages/def_msg/srv/_heart_beat_s.c\n'}
[7.304887] (def_msg) StdoutLine: {'line': b'-- Installing: /home/hjh/RMserial/install/def_msg/local/lib/python3.10/dist-packages/def_msg/srv/_controller_mode_set_s.c\n'}
[7.304959] (def_msg) StdoutLine: {'line': b'-- Installing: /home/hjh/RMserial/install/def_msg/local/lib/python3.10/dist-packages/def_msg/srv/__init__.py\n'}
[7.305035] (def_msg) StdoutLine: {'line': b'-- Installing: /home/hjh/RMserial/install/def_msg/local/lib/python3.10/dist-packages/def_msg/_def_msg_s.ep.rosidl_typesupport_fastrtps_c.c\n'}
[7.305109] (def_msg) StdoutLine: {'line': b'-- Installing: /home/hjh/RMserial/install/def_msg/local/lib/python3.10/dist-packages/def_msg/def_msg_s__rosidl_typesupport_c.cpython-310-x86_64-linux-gnu.so\n'}
[7.305185] (def_msg) StdoutLine: {'line': b'-- Installing: /home/hjh/RMserial/install/def_msg/local/lib/python3.10/dist-packages/def_msg/libdef_msg__rosidl_generator_py.so\n'}
[7.305256] (def_msg) StdoutLine: {'line': b'-- Installing: /home/hjh/RMserial/install/def_msg/local/lib/python3.10/dist-packages/def_msg/msg\n'}
[7.305328] (def_msg) StdoutLine: {'line': b'-- Installing: /home/hjh/RMserial/install/def_msg/local/lib/python3.10/dist-packages/def_msg/msg/_gobal_information_s.c\n'}
[7.305401] (def_msg) StdoutLine: {'line': b'-- Installing: /home/hjh/RMserial/install/def_msg/local/lib/python3.10/dist-packages/def_msg/msg/_common_control.py\n'}
[7.305473] (def_msg) StdoutLine: {'line': b'-- Installing: /home/hjh/RMserial/install/def_msg/local/lib/python3.10/dist-packages/def_msg/msg/_gimble_control_s.c\n'}
[7.305544] (def_msg) StdoutLine: {'line': b'-- Installing: /home/hjh/RMserial/install/def_msg/local/lib/python3.10/dist-packages/def_msg/msg/_gimble_position_s.c\n'}
[7.305623] (def_msg) StdoutLine: {'line': b'-- Installing: /home/hjh/RMserial/install/def_msg/local/lib/python3.10/dist-packages/def_msg/msg/__init__.py\n'}
[7.305694] (def_msg) StdoutLine: {'line': b'-- Installing: /home/hjh/RMserial/install/def_msg/local/lib/python3.10/dist-packages/def_msg/msg/_common_control_s.c\n'}
[7.305765] (def_msg) StdoutLine: {'line': b'-- Installing: /home/hjh/RMserial/install/def_msg/local/lib/python3.10/dist-packages/def_msg/msg/_gobal_information.py\n'}
[7.305838] (def_msg) StdoutLine: {'line': b'-- Installing: /home/hjh/RMserial/install/def_msg/local/lib/python3.10/dist-packages/def_msg/msg/_gimble_position.py\n'}
[7.305907] (def_msg) StdoutLine: {'line': b'-- Installing: /home/hjh/RMserial/install/def_msg/local/lib/python3.10/dist-packages/def_msg/msg/_em_control.py\n'}
[7.305978] (def_msg) StdoutLine: {'line': b'-- Installing: /home/hjh/RMserial/install/def_msg/local/lib/python3.10/dist-packages/def_msg/msg/_em_control_s.c\n'}
[7.306060] (def_msg) StdoutLine: {'line': b'-- Installing: /home/hjh/RMserial/install/def_msg/local/lib/python3.10/dist-packages/def_msg/msg/_gimble_control.py\n'}
[7.306144] (def_msg) StdoutLine: {'line': b'-- Installing: /home/hjh/RMserial/install/def_msg/local/lib/python3.10/dist-packages/def_msg/action\n'}
[7.306218] (def_msg) StdoutLine: {'line': b'-- Installing: /home/hjh/RMserial/install/def_msg/local/lib/python3.10/dist-packages/def_msg/action/__init__.py\n'}
[7.306291] (def_msg) StdoutLine: {'line': b'-- Installing: /home/hjh/RMserial/install/def_msg/local/lib/python3.10/dist-packages/def_msg/action/_nav_pose_s.c\n'}
[7.306363] (def_msg) StdoutLine: {'line': b'-- Installing: /home/hjh/RMserial/install/def_msg/local/lib/python3.10/dist-packages/def_msg/action/_nav_pose.py\n'}
[7.321565] (-) TimerEvent: {}
[7.333784] (def_msg) StdoutLine: {'line': b"Listing '/home/hjh/RMserial/install/def_msg/local/lib/python3.10/dist-packages/def_msg'...\n"}
[7.333983] (def_msg) StdoutLine: {'line': b"Compiling '/home/hjh/RMserial/install/def_msg/local/lib/python3.10/dist-packages/def_msg/__init__.py'...\n"}
[7.334087] (def_msg) StdoutLine: {'line': b"Listing '/home/hjh/RMserial/install/def_msg/local/lib/python3.10/dist-packages/def_msg/action'...\n"}
[7.334178] (def_msg) StdoutLine: {'line': b"Compiling '/home/hjh/RMserial/install/def_msg/local/lib/python3.10/dist-packages/def_msg/action/__init__.py'...\n"}
[7.334253] (def_msg) StdoutLine: {'line': b"Compiling '/home/hjh/RMserial/install/def_msg/local/lib/python3.10/dist-packages/def_msg/action/_nav_pose.py'...\n"}
[7.334336] (def_msg) StdoutLine: {'line': b"Listing '/home/hjh/RMserial/install/def_msg/local/lib/python3.10/dist-packages/def_msg/msg'...\n"}
[7.334420] (def_msg) StdoutLine: {'line': b"Compiling '/home/hjh/RMserial/install/def_msg/local/lib/python3.10/dist-packages/def_msg/msg/__init__.py'...\n"}
[7.334503] (def_msg) StdoutLine: {'line': b"Compiling '/home/hjh/RMserial/install/def_msg/local/lib/python3.10/dist-packages/def_msg/msg/_common_control.py'...\n"}
[7.334585] (def_msg) StdoutLine: {'line': b"Compiling '/home/hjh/RMserial/install/def_msg/local/lib/python3.10/dist-packages/def_msg/msg/_em_control.py'...\n"}
[7.334666] (def_msg) StdoutLine: {'line': b"Compiling '/home/hjh/RMserial/install/def_msg/local/lib/python3.10/dist-packages/def_msg/msg/_gimble_control.py'...\n"}
[7.334747] (def_msg) StdoutLine: {'line': b"Compiling '/home/hjh/RMserial/install/def_msg/local/lib/python3.10/dist-packages/def_msg/msg/_gimble_position.py'...\n"}
[7.334829] (def_msg) StdoutLine: {'line': b"Compiling '/home/hjh/RMserial/install/def_msg/local/lib/python3.10/dist-packages/def_msg/msg/_gobal_information.py'...\n"}
[7.334910] (def_msg) StdoutLine: {'line': b"Listing '/home/hjh/RMserial/install/def_msg/local/lib/python3.10/dist-packages/def_msg/srv'...\n"}
[7.334992] (def_msg) StdoutLine: {'line': b"Compiling '/home/hjh/RMserial/install/def_msg/local/lib/python3.10/dist-packages/def_msg/srv/__init__.py'...\n"}
[7.335085] (def_msg) StdoutLine: {'line': b"Compiling '/home/hjh/RMserial/install/def_msg/local/lib/python3.10/dist-packages/def_msg/srv/_controller_mode_set.py'...\n"}
[7.335166] (def_msg) StdoutLine: {'line': b"Compiling '/home/hjh/RMserial/install/def_msg/local/lib/python3.10/dist-packages/def_msg/srv/_heart_beat.py'...\n"}
[7.336948] (def_msg) StdoutLine: {'line': b'-- Installing: /home/hjh/RMserial/install/def_msg/local/lib/python3.10/dist-packages/def_msg/def_msg_s__rosidl_typesupport_fastrtps_c.cpython-310-x86_64-linux-gnu.so\n'}
[7.337193] (def_msg) StdoutLine: {'line': b'-- Set non-toolchain portion of runtime path of "/home/hjh/RMserial/install/def_msg/local/lib/python3.10/dist-packages/def_msg/def_msg_s__rosidl_typesupport_fastrtps_c.cpython-310-x86_64-linux-gnu.so" to ""\n'}
[7.337302] (def_msg) StdoutLine: {'line': b'-- Installing: /home/hjh/RMserial/install/def_msg/local/lib/python3.10/dist-packages/def_msg/def_msg_s__rosidl_typesupport_introspection_c.cpython-310-x86_64-linux-gnu.so\n'}
[7.337516] (def_msg) StdoutLine: {'line': b'-- Set non-toolchain portion of runtime path of "/home/hjh/RMserial/install/def_msg/local/lib/python3.10/dist-packages/def_msg/def_msg_s__rosidl_typesupport_introspection_c.cpython-310-x86_64-linux-gnu.so" to ""\n'}
[7.337584] (def_msg) StdoutLine: {'line': b'-- Installing: /home/hjh/RMserial/install/def_msg/local/lib/python3.10/dist-packages/def_msg/def_msg_s__rosidl_typesupport_c.cpython-310-x86_64-linux-gnu.so\n'}
[7.337618] (def_msg) StdoutLine: {'line': b'-- Set non-toolchain portion of runtime path of "/home/hjh/RMserial/install/def_msg/local/lib/python3.10/dist-packages/def_msg/def_msg_s__rosidl_typesupport_c.cpython-310-x86_64-linux-gnu.so" to ""\n'}
[7.337651] (def_msg) StdoutLine: {'line': b'-- Installing: /home/hjh/RMserial/install/def_msg/lib/libdef_msg__rosidl_generator_py.so\n'}
[7.337737] (def_msg) StdoutLine: {'line': b'-- Set non-toolchain portion of runtime path of "/home/hjh/RMserial/install/def_msg/lib/libdef_msg__rosidl_generator_py.so" to ""\n'}
[7.337790] (def_msg) StdoutLine: {'line': b'-- Installing: /home/hjh/RMserial/install/def_msg/share/def_msg/msg/GobalInformation.idl\n'}
[7.337819] (def_msg) StdoutLine: {'line': b'-- Installing: /home/hjh/RMserial/install/def_msg/share/def_msg/msg/GimbleControl.idl\n'}
[7.337872] (def_msg) StdoutLine: {'line': b'-- Installing: /home/hjh/RMserial/install/def_msg/share/def_msg/msg/CommonControl.idl\n'}
[7.337896] (def_msg) StdoutLine: {'line': b'-- Installing: /home/hjh/RMserial/install/def_msg/share/def_msg/msg/EmControl.idl\n'}
[7.337935] (def_msg) StdoutLine: {'line': b'-- Installing: /home/hjh/RMserial/install/def_msg/share/def_msg/msg/GimblePosition.idl\n'}
[7.337960] (def_msg) StdoutLine: {'line': b'-- Installing: /home/hjh/RMserial/install/def_msg/share/def_msg/srv/ControllerModeSet.idl\n'}
[7.338013] (def_msg) StdoutLine: {'line': b'-- Installing: /home/hjh/RMserial/install/def_msg/share/def_msg/srv/HeartBeat.idl\n'}
[7.338057] (def_msg) StdoutLine: {'line': b'-- Installing: /home/hjh/RMserial/install/def_msg/share/def_msg/action/NavPose.idl\n'}
[7.338096] (def_msg) StdoutLine: {'line': b'-- Installing: /home/hjh/RMserial/install/def_msg/share/def_msg/msg/GobalInformation.msg\n'}
[7.338138] (def_msg) StdoutLine: {'line': b'-- Installing: /home/hjh/RMserial/install/def_msg/share/def_msg/msg/GimbleControl.msg\n'}
[7.338186] (def_msg) StdoutLine: {'line': b'-- Installing: /home/hjh/RMserial/install/def_msg/share/def_msg/msg/CommonControl.msg\n'}
[7.338233] (def_msg) StdoutLine: {'line': b'-- Installing: /home/hjh/RMserial/install/def_msg/share/def_msg/msg/EmControl.msg\n'}
[7.338281] (def_msg) StdoutLine: {'line': b'-- Installing: /home/hjh/RMserial/install/def_msg/share/def_msg/msg/GimblePosition.msg\n'}
[7.338330] (def_msg) StdoutLine: {'line': b'-- Installing: /home/hjh/RMserial/install/def_msg/share/def_msg/srv/ControllerModeSet.srv\n'}
[7.338378] (def_msg) StdoutLine: {'line': b'-- Installing: /home/hjh/RMserial/install/def_msg/share/def_msg/srv/ControllerModeSet_Request.msg\n'}
[7.338426] (def_msg) StdoutLine: {'line': b'-- Installing: /home/hjh/RMserial/install/def_msg/share/def_msg/srv/ControllerModeSet_Response.msg\n'}
[7.338474] (def_msg) StdoutLine: {'line': b'-- Installing: /home/hjh/RMserial/install/def_msg/share/def_msg/srv/HeartBeat.srv\n'}
[7.338523] (def_msg) StdoutLine: {'line': b'-- Installing: /home/hjh/RMserial/install/def_msg/share/def_msg/srv/HeartBeat_Request.msg\n'}
[7.338569] (def_msg) StdoutLine: {'line': b'-- Installing: /home/hjh/RMserial/install/def_msg/share/def_msg/srv/HeartBeat_Response.msg\n'}
[7.338617] (def_msg) StdoutLine: {'line': b'-- Installing: /home/hjh/RMserial/install/def_msg/share/def_msg/action/NavPose.action\n'}
[7.338688] (def_msg) StdoutLine: {'line': b'-- Installing: /home/hjh/RMserial/install/def_msg/share/ament_index/resource_index/package_run_dependencies/def_msg\n'}
[7.338753] (def_msg) StdoutLine: {'line': b'-- Installing: /home/hjh/RMserial/install/def_msg/share/ament_index/resource_index/parent_prefix_path/def_msg\n'}
[7.338809] (def_msg) StdoutLine: {'line': b'-- Installing: /home/hjh/RMserial/install/def_msg/share/def_msg/environment/ament_prefix_path.sh\n'}
[7.338859] (def_msg) StdoutLine: {'line': b'-- Installing: /home/hjh/RMserial/install/def_msg/share/def_msg/environment/ament_prefix_path.dsv\n'}
[7.338910] (def_msg) StdoutLine: {'line': b'-- Installing: /home/hjh/RMserial/install/def_msg/share/def_msg/environment/path.sh\n'}
[7.338959] (def_msg) StdoutLine: {'line': b'-- Installing: /home/hjh/RMserial/install/def_msg/share/def_msg/environment/path.dsv\n'}
[7.339015] (def_msg) StdoutLine: {'line': b'-- Installing: /home/hjh/RMserial/install/def_msg/share/def_msg/local_setup.bash\n'}
[7.339067] (def_msg) StdoutLine: {'line': b'-- Installing: /home/hjh/RMserial/install/def_msg/share/def_msg/local_setup.sh\n'}
[7.339120] (def_msg) StdoutLine: {'line': b'-- Installing: /home/hjh/RMserial/install/def_msg/share/def_msg/local_setup.zsh\n'}
[7.339166] (def_msg) StdoutLine: {'line': b'-- Installing: /home/hjh/RMserial/install/def_msg/share/def_msg/local_setup.dsv\n'}
[7.339217] (def_msg) StdoutLine: {'line': b'-- Installing: /home/hjh/RMserial/install/def_msg/share/def_msg/package.dsv\n'}
[7.339290] (def_msg) StdoutLine: {'line': b'-- Installing: /home/hjh/RMserial/install/def_msg/share/ament_index/resource_index/packages/def_msg\n'}
[7.339362] (def_msg) StdoutLine: {'line': b'-- Installing: /home/hjh/RMserial/install/def_msg/share/def_msg/cmake/export_def_msg__rosidl_generator_cExport.cmake\n'}
[7.339423] (def_msg) StdoutLine: {'line': b'-- Installing: /home/hjh/RMserial/install/def_msg/share/def_msg/cmake/export_def_msg__rosidl_generator_cExport-noconfig.cmake\n'}
[7.339484] (def_msg) StdoutLine: {'line': b'-- Installing: /home/hjh/RMserial/install/def_msg/share/def_msg/cmake/export_def_msg__rosidl_typesupport_fastrtps_cExport.cmake\n'}
[7.339540] (def_msg) StdoutLine: {'line': b'-- Installing: /home/hjh/RMserial/install/def_msg/share/def_msg/cmake/export_def_msg__rosidl_typesupport_fastrtps_cExport-noconfig.cmake\n'}
[7.339599] (def_msg) StdoutLine: {'line': b'-- Installing: /home/hjh/RMserial/install/def_msg/share/def_msg/cmake/export_def_msg__rosidl_generator_cppExport.cmake\n'}
[7.339658] (def_msg) StdoutLine: {'line': b'-- Installing: /home/hjh/RMserial/install/def_msg/share/def_msg/cmake/export_def_msg__rosidl_typesupport_fastrtps_cppExport.cmake\n'}
[7.339712] (def_msg) StdoutLine: {'line': b'-- Installing: /home/hjh/RMserial/install/def_msg/share/def_msg/cmake/export_def_msg__rosidl_typesupport_fastrtps_cppExport-noconfig.cmake\n'}
[7.339767] (def_msg) StdoutLine: {'line': b'-- Installing: /home/hjh/RMserial/install/def_msg/share/def_msg/cmake/def_msg__rosidl_typesupport_introspection_cExport.cmake\n'}
[7.339818] (def_msg) StdoutLine: {'line': b'-- Installing: /home/hjh/RMserial/install/def_msg/share/def_msg/cmake/def_msg__rosidl_typesupport_introspection_cExport-noconfig.cmake\n'}
[7.339871] (def_msg) StdoutLine: {'line': b'-- Installing: /home/hjh/RMserial/install/def_msg/share/def_msg/cmake/def_msg__rosidl_typesupport_cExport.cmake\n'}
[7.339924] (def_msg) StdoutLine: {'line': b'-- Installing: /home/hjh/RMserial/install/def_msg/share/def_msg/cmake/def_msg__rosidl_typesupport_cExport-noconfig.cmake\n'}
[7.339979] (def_msg) StdoutLine: {'line': b'-- Installing: /home/hjh/RMserial/install/def_msg/share/def_msg/cmake/def_msg__rosidl_typesupport_introspection_cppExport.cmake\n'}
[7.340034] (def_msg) StdoutLine: {'line': b'-- Installing: /home/hjh/RMserial/install/def_msg/share/def_msg/cmake/def_msg__rosidl_typesupport_introspection_cppExport-noconfig.cmake\n'}
[7.340090] (def_msg) StdoutLine: {'line': b'-- Installing: /home/hjh/RMserial/install/def_msg/share/def_msg/cmake/def_msg__rosidl_typesupport_cppExport.cmake\n'}
[7.340141] (def_msg) StdoutLine: {'line': b'-- Installing: /home/hjh/RMserial/install/def_msg/share/def_msg/cmake/def_msg__rosidl_typesupport_cppExport-noconfig.cmake\n'}
[7.340196] (def_msg) StdoutLine: {'line': b'-- Installing: /home/hjh/RMserial/install/def_msg/share/def_msg/cmake/export_def_msg__rosidl_generator_pyExport.cmake\n'}
[7.340246] (def_msg) StdoutLine: {'line': b'-- Installing: /home/hjh/RMserial/install/def_msg/share/def_msg/cmake/export_def_msg__rosidl_generator_pyExport-noconfig.cmake\n'}
[7.340293] (def_msg) StdoutLine: {'line': b'-- Installing: /home/hjh/RMserial/install/def_msg/share/def_msg/cmake/rosidl_cmake-extras.cmake\n'}
[7.340343] (def_msg) StdoutLine: {'line': b'-- Installing: /home/hjh/RMserial/install/def_msg/share/def_msg/cmake/ament_cmake_export_dependencies-extras.cmake\n'}
[7.340445] (def_msg) StdoutLine: {'line': b'-- Installing: /home/hjh/RMserial/install/def_msg/share/def_msg/cmake/ament_cmake_export_include_directories-extras.cmake\n'}
[7.340500] (def_msg) StdoutLine: {'line': b'-- Installing: /home/hjh/RMserial/install/def_msg/share/def_msg/cmake/ament_cmake_export_libraries-extras.cmake\n'}
[7.340543] (def_msg) StdoutLine: {'line': b'-- Installing: /home/hjh/RMserial/install/def_msg/share/def_msg/cmake/ament_cmake_export_targets-extras.cmake\n'}
[7.340586] (def_msg) StdoutLine: {'line': b'-- Installing: /home/hjh/RMserial/install/def_msg/share/def_msg/cmake/rosidl_cmake_export_typesupport_targets-extras.cmake\n'}
[7.340629] (def_msg) StdoutLine: {'line': b'-- Installing: /home/hjh/RMserial/install/def_msg/share/def_msg/cmake/rosidl_cmake_export_typesupport_libraries-extras.cmake\n'}
[7.340672] (def_msg) StdoutLine: {'line': b'-- Installing: /home/hjh/RMserial/install/def_msg/share/def_msg/cmake/def_msgConfig.cmake\n'}
[7.340831] (def_msg) StdoutLine: {'line': b'-- Installing: /home/hjh/RMserial/install/def_msg/share/def_msg/cmake/def_msgConfig-version.cmake\n'}
[7.340859] (def_msg) StdoutLine: {'line': b'-- Installing: /home/hjh/RMserial/install/def_msg/share/def_msg/package.xml\n'}
[7.342311] (def_msg) CommandEnded: {'returncode': 0}
[7.351675] (def_msg) JobEnded: {'identifier': 'def_msg', 'rc': 0}
[7.352484] (serial_def_sdk) JobStarted: {'identifier': 'serial_def_sdk'}
[7.362575] (serial_def_sdk) JobProgress: {'identifier': 'serial_def_sdk', 'progress': 'cmake'}
[7.363675] (serial_def_sdk) Command: {'cmd': ['/usr/bin/cmake', '/home/hjh/RMserial/serial/serial_def_sdk', '-DCMAKE_INSTALL_PREFIX=/home/hjh/RMserial/install/serial_def_sdk'], 'cwd': '/home/hjh/RMserial/build/serial_def_sdk', 'env': OrderedDict([('LESSOPEN', '| /usr/bin/lesspipe %s'), ('HTTPS_PROXY', 'http://127.0.0.1:7890/'), ('no_proxy', 'localhost,127.0.0.1,::1'), ('LANGUAGE', 'zh_CN:en'), ('USER', 'hjh'), ('LC_TIME', 'zh_CN.UTF-8'), ('all_proxy', 'socks://127.0.0.1:7890/'), ('XDG_SESSION_TYPE', 'wayland'), ('SHLVL', '1'), ('LD_LIBRARY_PATH', '/home/hjh/RMserial/install/vision_msg/lib:/home/hjh/RMserial/install/def_msg/lib:/opt/ros/humble/opt/openvdb_vendor/lib:/home/hjh/ros2_ws/install/lib:/home/hjh/ros2_ws/install/lib:/usr/lib/x86_64-linux-gnu/gazebo-11/plugins:/opt/ros/humble/opt/rviz_ogre_vendor/lib:/opt/ros/humble/lib/x86_64-linux-gnu:/opt/ros/humble/lib'), ('HOME', '/home/hjh'), ('CONDA_SHLVL', '0'), ('DESKTOP_SESSION', 'ubuntu'), ('NO_PROXY', 'localhost,127.0.0.1,::1'), ('ROS_PYTHON_VERSION', '3'), ('GNOME_SHELL_SESSION_MODE', 'ubuntu'), ('GTK_MODULES', 'gail:atk-bridge'), ('LC_MONETARY', 'zh_CN.UTF-8'), ('DBUS_STARTER_BUS_TYPE', 'session'), ('SYSTEMD_EXEC_PID', '1799'), ('DBUS_SESSION_BUS_ADDRESS', 'unix:path=/run/user/1000/bus,guid=3dfda3e1fa4d316e9c28dc7469c4bd2d'), ('COLORTERM', 'truecolor'), ('_CE_M', ''), ('IM_CONFIG_PHASE', '1'), ('WAYLAND_DISPLAY', 'wayland-0'), ('https_proxy', 'http://127.0.0.1:7890/'), ('ROS_DISTRO', 'humble'), ('GTK_IM_MODULE', 'fcitx'), ('LOGNAME', 'hjh'), ('ALL_PROXY', 'socks://127.0.0.1:7890/'), ('http_proxy', 'http://127.0.0.1:7890/'), ('_', '/usr/bin/colcon'), ('ROS_VERSION', '2'), ('XDG_SESSION_CLASS', 'user'), ('USERNAME', 'hjh'), ('TERM', 'xterm-256color'), ('GNOME_DESKTOP_SESSION_ID', 'this-is-deprecated'), ('_CE_CONDA', ''), ('ROS_LOCALHOST_ONLY', '0'), ('PATH', '/home/hjh/miniconda3/condabin:/opt/ros/humble/bin:/home/hjh/.local/bin:/usr/local/sbin:/usr/local/bin:/usr/sbin:/usr/bin:/sbin:/bin:/usr/games:/usr/local/games:/snap/bin:/snap/bin'), ('SESSION_MANAGER', 'local/hjh-Lenovo-G5000-IRH8:@/tmp/.ICE-unix/1799,unix/hjh-Lenovo-G5000-IRH8:/tmp/.ICE-unix/1799'), ('PAPERSIZE', 'a4'), ('XDG_MENU_PREFIX', 'gnome-'), ('LC_ADDRESS', 'zh_CN.UTF-8'), ('GNOME_TERMINAL_SCREEN', '/org/gnome/Terminal/screen/2167da3e_d4a9_465d_a86f_ec405522a8fd'), ('GNOME_SETUP_DISPLAY', ':1'), ('XDG_RUNTIME_DIR', '/run/user/1000'), ('DISPLAY', ':0'), ('LANG', 'zh_CN.UTF-8'), ('XDG_CURRENT_DESKTOP', 'ubuntu:GNOME'), ('LC_TELEPHONE', 'zh_CN.UTF-8'), ('XMODIFIERS', '@im=fcitx'), ('XDG_SESSION_DESKTOP', 'ubuntu'), ('XAUTHORITY', '/run/user/1000/.mutter-Xwaylandauth.C2E3M3'), ('LS_COLORS', 'rs=0:di=01;34:ln=01;36:mh=00:pi=40;33:so=01;35:do=01;35:bd=40;33;01:cd=40;33;01:or=40;31;01:mi=00:su=37;41:sg=30;43:ca=30;41:tw=30;42:ow=34;42:st=37;44:ex=01;32:*.tar=01;31:*.tgz=01;31:*.arc=01;31:*.arj=01;31:*.taz=01;31:*.lha=01;31:*.lz4=01;31:*.lzh=01;31:*.lzma=01;31:*.tlz=01;31:*.txz=01;31:*.tzo=01;31:*.t7z=01;31:*.zip=01;31:*.z=01;31:*.dz=01;31:*.gz=01;31:*.lrz=01;31:*.lz=01;31:*.lzo=01;31:*.xz=01;31:*.zst=01;31:*.tzst=01;31:*.bz2=01;31:*.bz=01;31:*.tbz=01;31:*.tbz2=01;31:*.tz=01;31:*.deb=01;31:*.rpm=01;31:*.jar=01;31:*.war=01;31:*.ear=01;31:*.sar=01;31:*.rar=01;31:*.alz=01;31:*.ace=01;31:*.zoo=01;31:*.cpio=01;31:*.7z=01;31:*.rz=01;31:*.cab=01;31:*.wim=01;31:*.swm=01;31:*.dwm=01;31:*.esd=01;31:*.jpg=01;35:*.jpeg=01;35:*.mjpg=01;35:*.mjpeg=01;35:*.gif=01;35:*.bmp=01;35:*.pbm=01;35:*.pgm=01;35:*.ppm=01;35:*.tga=01;35:*.xbm=01;35:*.xpm=01;35:*.tif=01;35:*.tiff=01;35:*.png=01;35:*.svg=01;35:*.svgz=01;35:*.mng=01;35:*.pcx=01;35:*.mov=01;35:*.mpg=01;35:*.mpeg=01;35:*.m2v=01;35:*.mkv=01;35:*.webm=01;35:*.webp=01;35:*.ogm=01;35:*.mp4=01;35:*.m4v=01;35:*.mp4v=01;35:*.vob=01;35:*.qt=01;35:*.nuv=01;35:*.wmv=01;35:*.asf=01;35:*.rm=01;35:*.rmvb=01;35:*.flc=01;35:*.avi=01;35:*.fli=01;35:*.flv=01;35:*.gl=01;35:*.dl=01;35:*.xcf=01;35:*.xwd=01;35:*.yuv=01;35:*.cgm=01;35:*.emf=01;35:*.ogv=01;35:*.ogx=01;35:*.aac=00;36:*.au=00;36:*.flac=00;36:*.m4a=00;36:*.mid=00;36:*.midi=00;36:*.mka=00;36:*.mp3=00;36:*.mpc=00;36:*.ogg=00;36:*.ra=00;36:*.wav=00;36:*.oga=00;36:*.opus=00;36:*.spx=00;36:*.xspf=00;36:'), ('GNOME_TERMINAL_SERVICE', ':1.461'), ('SSH_AGENT_LAUNCHER', 'gnome-keyring'), ('SSH_AUTH_SOCK', '/run/user/1000/keyring/ssh'), ('AMENT_PREFIX_PATH', '/home/hjh/RMserial/install/vision_msg:/home/hjh/RMserial/install/def_msg:/opt/ros/humble'), ('CONDA_PYTHON_EXE', '/home/hjh/miniconda3/bin/python'), ('SHELL', '/bin/bash'), ('LC_NAME', 'zh_CN.UTF-8'), ('QT_ACCESSIBILITY', '1'), ('GDMSESSION', 'ubuntu'), ('LESSCLOSE', '/usr/bin/lesspipe %s %s'), ('LC_MEASUREMENT', 'zh_CN.UTF-8'), ('LC_IDENTIFICATION', 'zh_CN.UTF-8'), ('QT_IM_MODULE', 'fcitx'), ('PWD', '/home/hjh/RMserial/build/serial_def_sdk'), ('XDG_CONFIG_DIRS', '/etc/xdg/xdg-ubuntu:/etc/xdg'), ('CONDA_EXE', '/home/hjh/miniconda3/bin/conda'), ('CLUTTER_IM_MODULE', 'fcitx'), ('DBUS_STARTER_ADDRESS', 'unix:path=/run/user/1000/bus,guid=3dfda3e1fa4d316e9c28dc7469c4bd2d'), ('XDG_DATA_DIRS', '/usr/share/ubuntu:/usr/local/share/:/usr/share/:/var/lib/snapd/desktop'), ('PYTHONPATH', '/home/hjh/RMserial/install/vision_msg/local/lib/python3.10/dist-packages:/home/hjh/RMserial/install/def_msg/local/lib/python3.10/dist-packages:/opt/ros/humble/lib/python3.10/site-packages:/opt/ros/humble/local/lib/python3.10/dist-packages'), ('HTTP_PROXY', 'http://127.0.0.1:7890/'), ('LC_NUMERIC', 'en_US.UTF-8'), ('LC_PAPER', 'zh_CN.UTF-8'), ('COLCON', '1'), ('VTE_VERSION', '6800'), ('CMAKE_PREFIX_PATH', '/home/hjh/RMserial/install/vision_msg:/home/hjh/RMserial/install/def_msg:/opt/ros/humble')]), 'shell': False}
[7.371598] (serial_def_sdk) StderrLine: {'line': b'\x1b[0mCMake Deprecation Warning at CMakeLists.txt:1 (cmake_minimum_required):\n'}
[7.371843] (serial_def_sdk) StderrLine: {'line': b'  Compatibility with CMake < 3.10 will be removed from a future version of\n'}
[7.371971] (serial_def_sdk) StderrLine: {'line': b'  CMake.\n'}
[7.372108] (serial_def_sdk) StderrLine: {'line': b'\n'}
[7.372223] (serial_def_sdk) StderrLine: {'line': b'  Update the VERSION argument <min> value.  Or, use the <min>...<max> syntax\n'}
[7.372333] (serial_def_sdk) StderrLine: {'line': b'  to tell CMake that the project requires at least <min> but has been updated\n'}
[7.372439] (serial_def_sdk) StderrLine: {'line': b'  to work with policies introduced by <max> or earlier.\n'}
[7.372545] (serial_def_sdk) StderrLine: {'line': b'\n'}
[7.372646] (serial_def_sdk) StderrLine: {'line': b'\x1b[0m\n'}
[7.421681] (-) TimerEvent: {}
[7.430199] (serial_def_sdk) StdoutLine: {'line': b'-- The C compiler identification is GNU 11.4.0\n'}
[7.507099] (serial_def_sdk) StdoutLine: {'line': b'-- The CXX compiler identification is GNU 11.4.0\n'}
[7.518748] (serial_def_sdk) StdoutLine: {'line': b'-- Detecting C compiler ABI info\n'}
[7.521856] (-) TimerEvent: {}
[7.609362] (serial_def_sdk) StdoutLine: {'line': b'-- Detecting C compiler ABI info - done\n'}
[7.622069] (-) TimerEvent: {}
[7.637310] (serial_def_sdk) StdoutLine: {'line': b'-- Check for working C compiler: /usr/bin/cc - skipped\n'}
[7.637911] (serial_def_sdk) StdoutLine: {'line': b'-- Detecting C compile features\n'}
[7.638774] (serial_def_sdk) StdoutLine: {'line': b'-- Detecting C compile features - done\n'}
[7.663658] (serial_def_sdk) StdoutLine: {'line': b'-- Detecting CXX compiler ABI info\n'}
[7.722195] (-) TimerEvent: {}
[7.734740] (serial_def_sdk) StdoutLine: {'line': b'-- Detecting CXX compiler ABI info - done\n'}
[7.746704] (serial_def_sdk) StdoutLine: {'line': b'-- Check for working CXX compiler: /usr/bin/c++ - skipped\n'}
[7.747209] (serial_def_sdk) StdoutLine: {'line': b'-- Detecting CXX compile features\n'}
[7.747815] (serial_def_sdk) StdoutLine: {'line': b'-- Detecting CXX compile features - done\n'}
[7.758320] (serial_def_sdk) StdoutLine: {'line': b'-- Found ament_cmake: 1.3.11 (/opt/ros/humble/share/ament_cmake/cmake)\n'}
[7.822294] (-) TimerEvent: {}
[7.871986] (serial_def_sdk) StdoutLine: {'line': b'-- Found Python3: /usr/bin/python3 (found version "3.10.12") found components: Interpreter\n'}
[7.922409] (-) TimerEvent: {}
[7.951011] (serial_def_sdk) StdoutLine: {'line': b'-- Found rclcpp: 16.0.12 (/opt/ros/humble/share/rclcpp/cmake)\n'}
[8.003253] (serial_def_sdk) StdoutLine: {'line': b'-- Found rosidl_generator_c: 3.1.6 (/opt/ros/humble/share/rosidl_generator_c/cmake)\n'}
[8.007482] (serial_def_sdk) StdoutLine: {'line': b'-- Found rosidl_adapter: 3.1.6 (/opt/ros/humble/share/rosidl_adapter/cmake)\n'}
[8.015036] (serial_def_sdk) StdoutLine: {'line': b'-- Found rosidl_generator_cpp: 3.1.6 (/opt/ros/humble/share/rosidl_generator_cpp/cmake)\n'}
[8.022518] (-) TimerEvent: {}
[8.025677] (serial_def_sdk) StdoutLine: {'line': b'-- Using all available rosidl_typesupport_c: rosidl_typesupport_fastrtps_c;rosidl_typesupport_introspection_c\n'}
[8.039657] (serial_def_sdk) StdoutLine: {'line': b'-- Using all available rosidl_typesupport_cpp: rosidl_typesupport_fastrtps_cpp;rosidl_typesupport_introspection_cpp\n'}
[8.103665] (serial_def_sdk) StdoutLine: {'line': b'-- Found rmw_implementation_cmake: 6.1.2 (/opt/ros/humble/share/rmw_implementation_cmake/cmake)\n'}
[8.108461] (serial_def_sdk) StdoutLine: {'line': b'-- Found rmw_fastrtps_cpp: 6.2.7 (/opt/ros/humble/share/rmw_fastrtps_cpp/cmake)\n'}
[8.122670] (-) TimerEvent: {}
[8.206532] (serial_def_sdk) StdoutLine: {'line': b'-- Found OpenSSL: /usr/lib/x86_64-linux-gnu/libcrypto.so (found version "3.0.2")\n'}
[8.222806] (-) TimerEvent: {}
[8.235710] (serial_def_sdk) StdoutLine: {'line': b'-- Found FastRTPS: /opt/ros/humble/include\n'}
[8.273348] (serial_def_sdk) StdoutLine: {'line': b"-- Using RMW implementation 'rmw_fastrtps_cpp' as default\n"}
[8.284935] (serial_def_sdk) StdoutLine: {'line': b'-- Performing Test CMAKE_HAVE_LIBC_PTHREAD\n'}
[8.323064] (-) TimerEvent: {}
[8.350171] (serial_def_sdk) StdoutLine: {'line': b'-- Performing Test CMAKE_HAVE_LIBC_PTHREAD - Success\n'}
[8.351401] (serial_def_sdk) StdoutLine: {'line': b'-- Found Threads: TRUE\n'}
[8.410439] (serial_def_sdk) StdoutLine: {'line': b'-- Found def_msg: 0.0.0 (/home/hjh/RMserial/install/def_msg/share/def_msg/cmake)\n'}
[8.423176] (-) TimerEvent: {}
[8.448242] (serial_def_sdk) StdoutLine: {'line': b'-- Found vision_msg: 0.0.0 (/home/hjh/RMserial/install/vision_msg/share/vision_msg/cmake)\n'}
[8.462468] (serial_def_sdk) StdoutLine: {'line': b'-- Found rclcpp_action: 16.0.12 (/opt/ros/humble/share/rclcpp_action/cmake)\n'}
[8.474256] (serial_def_sdk) StdoutLine: {'line': b'-- Found geometry_msgs: 4.8.0 (/opt/ros/humble/share/geometry_msgs/cmake)\n'}
[8.488171] (serial_def_sdk) StdoutLine: {'line': b'-- Found nav_msgs: 4.2.4 (/opt/ros/humble/share/nav_msgs/cmake)\n'}
[8.514116] (serial_def_sdk) StdoutLine: {'line': b'-- Found tf2: 0.25.11 (/opt/ros/humble/share/tf2/cmake)\n'}
[8.523287] (-) TimerEvent: {}
[8.526527] (serial_def_sdk) StdoutLine: {'line': b'-- Found tf2_ros: 0.25.19 (/opt/ros/humble/share/tf2_ros/cmake)\n'}
[8.596100] (serial_def_sdk) StdoutLine: {'line': b'-- Found sensor_msgs: 4.8.0 (/opt/ros/humble/share/sensor_msgs/cmake)\n'}
[8.616594] (serial_def_sdk) StdoutLine: {'line': b'-- Found example_interfaces: 0.9.3 (/opt/ros/humble/share/example_interfaces/cmake)\n'}
[8.623508] (-) TimerEvent: {}
[8.633158] (serial_def_sdk) StdoutLine: {'line': b'-- Found std_srvs: 4.8.0 (/opt/ros/humble/share/std_srvs/cmake)\n'}
[8.644065] (serial_def_sdk) StdoutLine: {'line': b'-- Found ament_lint_auto: 0.12.11 (/opt/ros/humble/share/ament_lint_auto/cmake)\n'}
[8.710178] (serial_def_sdk) StdoutLine: {'line': b"-- Added test 'copyright' to check source files copyright and LICENSE\n"}
[8.712092] (serial_def_sdk) StdoutLine: {'line': b"-- Added test 'cppcheck' to perform static code analysis on C / C++ code\n"}
[8.712204] (serial_def_sdk) StdoutLine: {'line': b'-- Configured cppcheck include dirs: /home/hjh/RMserial/serial/serial_def_sdk/./include/serial;/home/hjh/RMserial/serial/serial_def_sdk/./uart\n'}
[8.712246] (serial_def_sdk) StdoutLine: {'line': b'-- Configured cppcheck exclude dirs and/or files: \n'}
[8.713980] (serial_def_sdk) StdoutLine: {'line': b"-- Added test 'cpplint' to check C / C++ code against the Google style\n"}
[8.714062] (serial_def_sdk) StdoutLine: {'line': b'-- Configured cpplint exclude dirs and/or files: \n'}
[8.714564] (serial_def_sdk) StdoutLine: {'line': b"-- Added test 'flake8' to check Python code syntax and style conventions\n"}
[8.715168] (serial_def_sdk) StdoutLine: {'line': b"-- Added test 'lint_cmake' to check CMake code style\n"}
[8.715715] (serial_def_sdk) StdoutLine: {'line': b"-- Added test 'pep257' to check Python code against some of the docstring style conventions in PEP 257\n"}
[8.717152] (serial_def_sdk) StdoutLine: {'line': b"-- Added test 'uncrustify' to check C / C++ code style\n"}
[8.717226] (serial_def_sdk) StdoutLine: {'line': b'-- Configured uncrustify additional arguments: \n'}
[8.717966] (serial_def_sdk) StdoutLine: {'line': b"-- Added test 'xmllint' to check XML markup files\n"}
[8.718869] (serial_def_sdk) StdoutLine: {'line': b'-- Configuring done (1.4s)\n'}
[8.723597] (-) TimerEvent: {}
[8.735037] (serial_def_sdk) StdoutLine: {'line': b'-- Generating done (0.0s)\n'}
[8.738204] (serial_def_sdk) StdoutLine: {'line': b'-- Build files have been written to: /home/hjh/RMserial/build/serial_def_sdk\n'}
[8.748090] (serial_def_sdk) CommandEnded: {'returncode': 0}
[8.748422] (serial_def_sdk) JobProgress: {'identifier': 'serial_def_sdk', 'progress': 'build'}
[8.748440] (serial_def_sdk) Command: {'cmd': ['/usr/bin/cmake', '--build', '/home/hjh/RMserial/build/serial_def_sdk', '--', '-j16', '-l16'], 'cwd': '/home/hjh/RMserial/build/serial_def_sdk', 'env': OrderedDict([('LESSOPEN', '| /usr/bin/lesspipe %s'), ('HTTPS_PROXY', 'http://127.0.0.1:7890/'), ('no_proxy', 'localhost,127.0.0.1,::1'), ('LANGUAGE', 'zh_CN:en'), ('USER', 'hjh'), ('LC_TIME', 'zh_CN.UTF-8'), ('all_proxy', 'socks://127.0.0.1:7890/'), ('XDG_SESSION_TYPE', 'wayland'), ('SHLVL', '1'), ('LD_LIBRARY_PATH', '/home/hjh/RMserial/install/vision_msg/lib:/home/hjh/RMserial/install/def_msg/lib:/opt/ros/humble/opt/openvdb_vendor/lib:/home/hjh/ros2_ws/install/lib:/home/hjh/ros2_ws/install/lib:/usr/lib/x86_64-linux-gnu/gazebo-11/plugins:/opt/ros/humble/opt/rviz_ogre_vendor/lib:/opt/ros/humble/lib/x86_64-linux-gnu:/opt/ros/humble/lib'), ('HOME', '/home/hjh'), ('CONDA_SHLVL', '0'), ('DESKTOP_SESSION', 'ubuntu'), ('NO_PROXY', 'localhost,127.0.0.1,::1'), ('ROS_PYTHON_VERSION', '3'), ('GNOME_SHELL_SESSION_MODE', 'ubuntu'), ('GTK_MODULES', 'gail:atk-bridge'), ('LC_MONETARY', 'zh_CN.UTF-8'), ('DBUS_STARTER_BUS_TYPE', 'session'), ('SYSTEMD_EXEC_PID', '1799'), ('DBUS_SESSION_BUS_ADDRESS', 'unix:path=/run/user/1000/bus,guid=3dfda3e1fa4d316e9c28dc7469c4bd2d'), ('COLORTERM', 'truecolor'), ('_CE_M', ''), ('IM_CONFIG_PHASE', '1'), ('WAYLAND_DISPLAY', 'wayland-0'), ('https_proxy', 'http://127.0.0.1:7890/'), ('ROS_DISTRO', 'humble'), ('GTK_IM_MODULE', 'fcitx'), ('LOGNAME', 'hjh'), ('ALL_PROXY', 'socks://127.0.0.1:7890/'), ('http_proxy', 'http://127.0.0.1:7890/'), ('_', '/usr/bin/colcon'), ('ROS_VERSION', '2'), ('XDG_SESSION_CLASS', 'user'), ('USERNAME', 'hjh'), ('TERM', 'xterm-256color'), ('GNOME_DESKTOP_SESSION_ID', 'this-is-deprecated'), ('_CE_CONDA', ''), ('ROS_LOCALHOST_ONLY', '0'), ('PATH', '/home/hjh/miniconda3/condabin:/opt/ros/humble/bin:/home/hjh/.local/bin:/usr/local/sbin:/usr/local/bin:/usr/sbin:/usr/bin:/sbin:/bin:/usr/games:/usr/local/games:/snap/bin:/snap/bin'), ('SESSION_MANAGER', 'local/hjh-Lenovo-G5000-IRH8:@/tmp/.ICE-unix/1799,unix/hjh-Lenovo-G5000-IRH8:/tmp/.ICE-unix/1799'), ('PAPERSIZE', 'a4'), ('XDG_MENU_PREFIX', 'gnome-'), ('LC_ADDRESS', 'zh_CN.UTF-8'), ('GNOME_TERMINAL_SCREEN', '/org/gnome/Terminal/screen/2167da3e_d4a9_465d_a86f_ec405522a8fd'), ('GNOME_SETUP_DISPLAY', ':1'), ('XDG_RUNTIME_DIR', '/run/user/1000'), ('DISPLAY', ':0'), ('LANG', 'zh_CN.UTF-8'), ('XDG_CURRENT_DESKTOP', 'ubuntu:GNOME'), ('LC_TELEPHONE', 'zh_CN.UTF-8'), ('XMODIFIERS', '@im=fcitx'), ('XDG_SESSION_DESKTOP', 'ubuntu'), ('XAUTHORITY', '/run/user/1000/.mutter-Xwaylandauth.C2E3M3'), ('LS_COLORS', 'rs=0:di=01;34:ln=01;36:mh=00:pi=40;33:so=01;35:do=01;35:bd=40;33;01:cd=40;33;01:or=40;31;01:mi=00:su=37;41:sg=30;43:ca=30;41:tw=30;42:ow=34;42:st=37;44:ex=01;32:*.tar=01;31:*.tgz=01;31:*.arc=01;31:*.arj=01;31:*.taz=01;31:*.lha=01;31:*.lz4=01;31:*.lzh=01;31:*.lzma=01;31:*.tlz=01;31:*.txz=01;31:*.tzo=01;31:*.t7z=01;31:*.zip=01;31:*.z=01;31:*.dz=01;31:*.gz=01;31:*.lrz=01;31:*.lz=01;31:*.lzo=01;31:*.xz=01;31:*.zst=01;31:*.tzst=01;31:*.bz2=01;31:*.bz=01;31:*.tbz=01;31:*.tbz2=01;31:*.tz=01;31:*.deb=01;31:*.rpm=01;31:*.jar=01;31:*.war=01;31:*.ear=01;31:*.sar=01;31:*.rar=01;31:*.alz=01;31:*.ace=01;31:*.zoo=01;31:*.cpio=01;31:*.7z=01;31:*.rz=01;31:*.cab=01;31:*.wim=01;31:*.swm=01;31:*.dwm=01;31:*.esd=01;31:*.jpg=01;35:*.jpeg=01;35:*.mjpg=01;35:*.mjpeg=01;35:*.gif=01;35:*.bmp=01;35:*.pbm=01;35:*.pgm=01;35:*.ppm=01;35:*.tga=01;35:*.xbm=01;35:*.xpm=01;35:*.tif=01;35:*.tiff=01;35:*.png=01;35:*.svg=01;35:*.svgz=01;35:*.mng=01;35:*.pcx=01;35:*.mov=01;35:*.mpg=01;35:*.mpeg=01;35:*.m2v=01;35:*.mkv=01;35:*.webm=01;35:*.webp=01;35:*.ogm=01;35:*.mp4=01;35:*.m4v=01;35:*.mp4v=01;35:*.vob=01;35:*.qt=01;35:*.nuv=01;35:*.wmv=01;35:*.asf=01;35:*.rm=01;35:*.rmvb=01;35:*.flc=01;35:*.avi=01;35:*.fli=01;35:*.flv=01;35:*.gl=01;35:*.dl=01;35:*.xcf=01;35:*.xwd=01;35:*.yuv=01;35:*.cgm=01;35:*.emf=01;35:*.ogv=01;35:*.ogx=01;35:*.aac=00;36:*.au=00;36:*.flac=00;36:*.m4a=00;36:*.mid=00;36:*.midi=00;36:*.mka=00;36:*.mp3=00;36:*.mpc=00;36:*.ogg=00;36:*.ra=00;36:*.wav=00;36:*.oga=00;36:*.opus=00;36:*.spx=00;36:*.xspf=00;36:'), ('GNOME_TERMINAL_SERVICE', ':1.461'), ('SSH_AGENT_LAUNCHER', 'gnome-keyring'), ('SSH_AUTH_SOCK', '/run/user/1000/keyring/ssh'), ('AMENT_PREFIX_PATH', '/home/hjh/RMserial/install/vision_msg:/home/hjh/RMserial/install/def_msg:/opt/ros/humble'), ('CONDA_PYTHON_EXE', '/home/hjh/miniconda3/bin/python'), ('SHELL', '/bin/bash'), ('LC_NAME', 'zh_CN.UTF-8'), ('QT_ACCESSIBILITY', '1'), ('GDMSESSION', 'ubuntu'), ('LESSCLOSE', '/usr/bin/lesspipe %s %s'), ('LC_MEASUREMENT', 'zh_CN.UTF-8'), ('LC_IDENTIFICATION', 'zh_CN.UTF-8'), ('QT_IM_MODULE', 'fcitx'), ('PWD', '/home/hjh/RMserial/build/serial_def_sdk'), ('XDG_CONFIG_DIRS', '/etc/xdg/xdg-ubuntu:/etc/xdg'), ('CONDA_EXE', '/home/hjh/miniconda3/bin/conda'), ('CLUTTER_IM_MODULE', 'fcitx'), ('DBUS_STARTER_ADDRESS', 'unix:path=/run/user/1000/bus,guid=3dfda3e1fa4d316e9c28dc7469c4bd2d'), ('XDG_DATA_DIRS', '/usr/share/ubuntu:/usr/local/share/:/usr/share/:/var/lib/snapd/desktop'), ('PYTHONPATH', '/home/hjh/RMserial/install/vision_msg/local/lib/python3.10/dist-packages:/home/hjh/RMserial/install/def_msg/local/lib/python3.10/dist-packages:/opt/ros/humble/lib/python3.10/site-packages:/opt/ros/humble/local/lib/python3.10/dist-packages'), ('HTTP_PROXY', 'http://127.0.0.1:7890/'), ('LC_NUMERIC', 'en_US.UTF-8'), ('LC_PAPER', 'zh_CN.UTF-8'), ('COLCON', '1'), ('VTE_VERSION', '6800'), ('CMAKE_PREFIX_PATH', '/home/hjh/RMserial/install/vision_msg:/home/hjh/RMserial/install/def_msg:/opt/ros/humble')]), 'shell': False}
[8.779106] (serial_def_sdk) StdoutLine: {'line': b'[  9%] \x1b[32mBuilding CXX object CMakeFiles/uart.dir/src/base_controller.cpp.o\x1b[0m\n'}
[8.779590] (serial_def_sdk) StdoutLine: {'line': b'[ 18%] \x1b[32mBuilding CXX object CMakeFiles/talker.dir/src/publisher.cpp.o\x1b[0m\n'}
[8.779848] (serial_def_sdk) StdoutLine: {'line': b'[ 36%] \x1b[32mBuilding C object CMakeFiles/uart.dir/uart/crc8.c.o\x1b[0m\n'}
[8.779946] (serial_def_sdk) StdoutLine: {'line': b'[ 36%] \x1b[32mBuilding C object CMakeFiles/uart.dir/uart/crc16.c.o\x1b[0m\n'}
[8.780297] (serial_def_sdk) StdoutLine: {'line': b'[ 45%] \x1b[32mBuilding CXX object CMakeFiles/uart.dir/uart/SerialDriver.cpp.o\x1b[0m\n'}
[8.780534] (serial_def_sdk) StdoutLine: {'line': b'[ 54%] \x1b[32mBuilding CXX object CMakeFiles/uart.dir/uart/uart_interface.cpp.o\x1b[0m\n'}
[8.780851] (serial_def_sdk) StdoutLine: {'line': b'[ 63%] \x1b[32mBuilding C object CMakeFiles/uart.dir/uart/DataType.c.o\x1b[0m\n'}
[8.781774] (serial_def_sdk) StdoutLine: {'line': b'[ 72%] \x1b[32mBuilding CXX object CMakeFiles/uart.dir/uart/SeaskyProtocol.cpp.o\x1b[0m\n'}
[8.782389] (serial_def_sdk) StdoutLine: {'line': b'[ 81%] \x1b[32mBuilding CXX object CMakeFiles/uart.dir/uart/seasky_communicator.cpp.o\x1b[0m\n'}
[8.823744] (-) TimerEvent: {}
[8.924202] (-) TimerEvent: {}
[9.024515] (-) TimerEvent: {}
[9.086568] (serial_def_sdk) StderrLine: {'line': b'In file included from \x1b[01m\x1b[K/home/hjh/RMserial/serial/serial_def_sdk/src/base_controller.cpp:1\x1b[m\x1b[K:\n'}
[9.086753] (serial_def_sdk) StderrLine: {'line': b'\x1b[01m\x1b[K/home/hjh/RMserial/serial/serial_def_sdk/./include/serial/base_controller.h:28:10:\x1b[m\x1b[K \x1b[01;31m\x1b[Kfatal error: \x1b[m\x1b[Kpb_rm_interfaces/msg/game_status.hpp: \xe6\xb2\xa1\xe6\x9c\x89\xe9\x82\xa3\xe4\xb8\xaa\xe6\x96\x87\xe4\xbb\xb6\xe6\x88\x96\xe7\x9b\xae\xe5\xbd\x95\n'}
[9.086834] (serial_def_sdk) StderrLine: {'line': b'   28 | #include \x1b[01;31m\x1b[K"pb_rm_interfaces/msg/game_status.hpp"\x1b[m\x1b[K\n'}
[9.086903] (serial_def_sdk) StderrLine: {'line': b'      |          \x1b[01;31m\x1b[K^~~~~~~~~~~~~~~~~~~~~~~~~~~~~~~~~~~~~~\x1b[m\x1b[K\n'}
[9.086970] (serial_def_sdk) StderrLine: {'line': b'compilation terminated.\n'}
[9.089689] (serial_def_sdk) StderrLine: {'line': b'gmake[2]: *** [CMakeFiles/uart.dir/build.make:79\xef\xbc\x9aCMakeFiles/uart.dir/src/base_controller.cpp.o] \xe9\x94\x99\xe8\xaf\xaf 1\n'}
[9.089891] (serial_def_sdk) StderrLine: {'line': b'gmake[2]: *** \xe6\xad\xa3\xe5\x9c\xa8\xe7\xad\x89\xe5\xbe\x85\xe6\x9c\xaa\xe5\xae\x8c\xe6\x88\x90\xe7\x9a\x84\xe4\xbb\xbb\xe5\x8a\xa1....\n'}
[9.107231] (serial_def_sdk) StderrLine: {'line': b'In file included from \x1b[01m\x1b[K/home/hjh/RMserial/serial/serial_def_sdk/uart/seasky_communicator.hpp:9\x1b[m\x1b[K,\n'}
[9.107516] (serial_def_sdk) StderrLine: {'line': b'                 from \x1b[01m\x1b[K/home/hjh/RMserial/serial/serial_def_sdk/uart/seasky_communicator.cpp:1\x1b[m\x1b[K:\n'}
[9.107595] (serial_def_sdk) StderrLine: {'line': b'\x1b[01m\x1b[K/home/hjh/RMserial/serial/serial_def_sdk/uart/uart_hd.h:\x1b[m\x1b[K In constructor \xe2\x80\x98\x1b[01m\x1b[KUartLinux::UartLinux(std::string, int, char, int, int)\x1b[m\x1b[K\xe2\x80\x99:\n'}
[9.107681] (serial_def_sdk) StderrLine: {'line': b'\x1b[01m\x1b[K/home/hjh/RMserial/serial/serial_def_sdk/uart/uart_hd.h:17:22:\x1b[m\x1b[K \x1b[01;35m\x1b[Kwarning: \x1b[m\x1b[Kunused parameter \xe2\x80\x98\x1b[01m\x1b[Kuart_name\x1b[m\x1b[K\xe2\x80\x99 [\x1b[01;35m\x1b[K\x1b]8;;https://gcc.gnu.org/onlinedocs/gcc/Warning-Options.html#index-Wunused-parameter\x07-Wunused-parameter\x1b]8;;\x07\x1b[m\x1b[K]\n'}
[9.107754] (serial_def_sdk) StderrLine: {'line': b'   17 |     UartLinux(\x1b[01;35m\x1b[Kstring uart_name = "/dev/ttyUSB0"\x1b[m\x1b[K, int nSpeed = 115200, char nEvent = \'N\', int nBits = 8, int nStop = 1) {}\n'}
[9.107824] (serial_def_sdk) StderrLine: {'line': b'      |               \x1b[01;35m\x1b[K~~~~~~~^~~~~~~~~~~~~~~~~~~~~~~~~~\x1b[m\x1b[K\n'}
[9.107892] (serial_def_sdk) StderrLine: {'line': b'\x1b[01m\x1b[K/home/hjh/RMserial/serial/serial_def_sdk/uart/uart_hd.h:17:54:\x1b[m\x1b[K \x1b[01;35m\x1b[Kwarning: \x1b[m\x1b[Kunused parameter \xe2\x80\x98\x1b[01m\x1b[KnSpeed\x1b[m\x1b[K\xe2\x80\x99 [\x1b[01;35m\x1b[K\x1b]8;;https://gcc.gnu.org/onlinedocs/gcc/Warning-Options.html#index-Wunused-parameter\x07-Wunused-parameter\x1b]8;;\x07\x1b[m\x1b[K]\n'}
[9.107972] (serial_def_sdk) StderrLine: {'line': b'   17 |     UartLinux(string uart_name = "/dev/ttyUSB0", \x1b[01;35m\x1b[Kint nSpeed = 115200\x1b[m\x1b[K, char nEvent = \'N\', int nBits = 8, int nStop = 1) {}\n'}
[9.108066] (serial_def_sdk) StderrLine: {'line': b'      |                                                  \x1b[01;35m\x1b[K~~~~^~~~~~~~~~~~~~~\x1b[m\x1b[K\n'}
[9.108142] (serial_def_sdk) StderrLine: {'line': b'\x1b[01m\x1b[K/home/hjh/RMserial/serial/serial_def_sdk/uart/uart_hd.h:17:76:\x1b[m\x1b[K \x1b[01;35m\x1b[Kwarning: \x1b[m\x1b[Kunused parameter \xe2\x80\x98\x1b[01m\x1b[KnEvent\x1b[m\x1b[K\xe2\x80\x99 [\x1b[01;35m\x1b[K\x1b]8;;https://gcc.gnu.org/onlinedocs/gcc/Warning-Options.html#index-Wunused-parameter\x07-Wunused-parameter\x1b]8;;\x07\x1b[m\x1b[K]\n'}
[9.108213] (serial_def_sdk) StderrLine: {'line': b'   17 |     UartLinux(string uart_name = "/dev/ttyUSB0", int nSpeed = 115200, \x1b[01;35m\x1b[Kchar nEvent = \'N\'\x1b[m\x1b[K, int nBits = 8, int nStop = 1) {}\n'}
[9.108286] (serial_def_sdk) StderrLine: {'line': b'      |                                                                       \x1b[01;35m\x1b[K~~~~~^~~~~~~~~~~~\x1b[m\x1b[K\n'}
[9.108358] (serial_def_sdk) StderrLine: {'line': b'\x1b[01m\x1b[K/home/hjh/RMserial/serial/serial_def_sdk/uart/uart_hd.h:17:94:\x1b[m\x1b[K \x1b[01;35m\x1b[Kwarning: \x1b[m\x1b[Kunused parameter \xe2\x80\x98\x1b[01m\x1b[KnBits\x1b[m\x1b[K\xe2\x80\x99 [\x1b[01;35m\x1b[K\x1b]8;;https://gcc.gnu.org/onlinedocs/gcc/Warning-Options.html#index-Wunused-parameter\x07-Wunused-parameter\x1b]8;;\x07\x1b[m\x1b[K]\n'}
[9.108431] (serial_def_sdk) StderrLine: {'line': b'   17 |     UartLinux(string uart_name = "/dev/ttyUSB0", int nSpeed = 115200, char nEvent = \'N\', \x1b[01;35m\x1b[Kint nBits = 8\x1b[m\x1b[K, int nStop = 1) {}\n'}
[9.108507] (serial_def_sdk) StderrLine: {'line': b'      |                                                                                          \x1b[01;35m\x1b[K~~~~^~~~~~~~~\x1b[m\x1b[K\n'}
[9.108581] (serial_def_sdk) StderrLine: {'line': b'\x1b[01m\x1b[K/home/hjh/RMserial/serial/serial_def_sdk/uart/uart_hd.h:17:109:\x1b[m\x1b[K \x1b[01;35m\x1b[Kwarning: \x1b[m\x1b[Kunused parameter \xe2\x80\x98\x1b[01m\x1b[KnStop\x1b[m\x1b[K\xe2\x80\x99 [\x1b[01;35m\x1b[K\x1b]8;;https://gcc.gnu.org/onlinedocs/gcc/Warning-Options.html#index-Wunused-parameter\x07-Wunused-parameter\x1b]8;;\x07\x1b[m\x1b[K]\n'}
[9.108654] (serial_def_sdk) StderrLine: {'line': b'   17 |     UartLinux(string uart_name = "/dev/ttyUSB0", int nSpeed = 115200, char nEvent = \'N\', int nBits = 8, \x1b[01;35m\x1b[Kint nStop = 1\x1b[m\x1b[K) {}\n'}
[9.108727] (serial_def_sdk) StderrLine: {'line': b'      |                                                                                                         \x1b[01;35m\x1b[K~~~~^~~~~~~~~\x1b[m\x1b[K\n'}
[9.111620] (serial_def_sdk) StderrLine: {'line': b'\x1b[01m\x1b[K/home/hjh/RMserial/serial/serial_def_sdk/uart/seasky_communicator.cpp:\x1b[m\x1b[K In member function \xe2\x80\x98\x1b[01m\x1b[Kvoid SeaskyCommunicator::pollingLoop()\x1b[m\x1b[K\xe2\x80\x99:\n'}
[9.111797] (serial_def_sdk) StderrLine: {'line': b'\x1b[01m\x1b[K/home/hjh/RMserial/serial/serial_def_sdk/uart/seasky_communicator.cpp:63:10:\x1b[m\x1b[K \x1b[01;35m\x1b[Kwarning: \x1b[m\x1b[Kunused variable \xe2\x80\x98\x1b[01m\x1b[Klast_fire\x1b[m\x1b[K\xe2\x80\x99 [\x1b[01;35m\x1b[K\x1b]8;;https://gcc.gnu.org/onlinedocs/gcc/Warning-Options.html#index-Wunused-variable\x07-Wunused-variable\x1b]8;;\x07\x1b[m\x1b[K]\n'}
[9.111882] (serial_def_sdk) StderrLine: {'line': b'   63 |     bool \x1b[01;35m\x1b[Klast_fire\x1b[m\x1b[K = gimbal_receive.fire; // \xe6\x96\xb0\xe5\xa2\x9e\n'}
[9.111955] (serial_def_sdk) StderrLine: {'line': b'      |          \x1b[01;35m\x1b[K^~~~~~~~~\x1b[m\x1b[K\n'}
[9.124677] (-) TimerEvent: {}
[9.169015] (serial_def_sdk) StderrLine: {'line': b'In file included from \x1b[01m\x1b[K/home/hjh/RMserial/serial/serial_def_sdk/uart/uart_interface.cpp:14\x1b[m\x1b[K:\n'}
[9.169214] (serial_def_sdk) StderrLine: {'line': b'\x1b[01m\x1b[K/home/hjh/RMserial/serial/serial_def_sdk/uart/uart_hd.h:\x1b[m\x1b[K In constructor \xe2\x80\x98\x1b[01m\x1b[KUartLinux::UartLinux(std::string, int, char, int, int)\x1b[m\x1b[K\xe2\x80\x99:\n'}
[9.169317] (serial_def_sdk) StderrLine: {'line': b'\x1b[01m\x1b[K/home/hjh/RMserial/serial/serial_def_sdk/uart/uart_hd.h:17:22:\x1b[m\x1b[K \x1b[01;35m\x1b[Kwarning: \x1b[m\x1b[Kunused parameter \xe2\x80\x98\x1b[01m\x1b[Kuart_name\x1b[m\x1b[K\xe2\x80\x99 [\x1b[01;35m\x1b[K\x1b]8;;https://gcc.gnu.org/onlinedocs/gcc/Warning-Options.html#index-Wunused-parameter\x07-Wunused-parameter\x1b]8;;\x07\x1b[m\x1b[K]\n'}
[9.169407] (serial_def_sdk) StderrLine: {'line': b'   17 |     UartLinux(\x1b[01;35m\x1b[Kstring uart_name = "/dev/ttyUSB0"\x1b[m\x1b[K, int nSpeed = 115200, char nEvent = \'N\', int nBits = 8, int nStop = 1) {}\n'}
[9.169487] (serial_def_sdk) StderrLine: {'line': b'      |               \x1b[01;35m\x1b[K~~~~~~~^~~~~~~~~~~~~~~~~~~~~~~~~~\x1b[m\x1b[K\n'}
[9.169563] (serial_def_sdk) StderrLine: {'line': b'\x1b[01m\x1b[K/home/hjh/RMserial/serial/serial_def_sdk/uart/uart_hd.h:17:54:\x1b[m\x1b[K \x1b[01;35m\x1b[Kwarning: \x1b[m\x1b[Kunused parameter \xe2\x80\x98\x1b[01m\x1b[KnSpeed\x1b[m\x1b[K\xe2\x80\x99 [\x1b[01;35m\x1b[K\x1b]8;;https://gcc.gnu.org/onlinedocs/gcc/Warning-Options.html#index-Wunused-parameter\x07-Wunused-parameter\x1b]8;;\x07\x1b[m\x1b[K]\n'}
[9.169642] (serial_def_sdk) StderrLine: {'line': b'   17 |     UartLinux(string uart_name = "/dev/ttyUSB0", \x1b[01;35m\x1b[Kint nSpeed = 115200\x1b[m\x1b[K, char nEvent = \'N\', int nBits = 8, int nStop = 1) {}\n'}
[9.169718] (serial_def_sdk) StderrLine: {'line': b'      |                                                  \x1b[01;35m\x1b[K~~~~^~~~~~~~~~~~~~~\x1b[m\x1b[K\n'}
[9.169793] (serial_def_sdk) StderrLine: {'line': b'\x1b[01m\x1b[K/home/hjh/RMserial/serial/serial_def_sdk/uart/uart_hd.h:17:76:\x1b[m\x1b[K \x1b[01;35m\x1b[Kwarning: \x1b[m\x1b[Kunused parameter \xe2\x80\x98\x1b[01m\x1b[KnEvent\x1b[m\x1b[K\xe2\x80\x99 [\x1b[01;35m\x1b[K\x1b]8;;https://gcc.gnu.org/onlinedocs/gcc/Warning-Options.html#index-Wunused-parameter\x07-Wunused-parameter\x1b]8;;\x07\x1b[m\x1b[K]\n'}
[9.169870] (serial_def_sdk) StderrLine: {'line': b'   17 |     UartLinux(string uart_name = "/dev/ttyUSB0", int nSpeed = 115200, \x1b[01;35m\x1b[Kchar nEvent = \'N\'\x1b[m\x1b[K, int nBits = 8, int nStop = 1) {}\n'}
[9.169943] (serial_def_sdk) StderrLine: {'line': b'      |                                                                       \x1b[01;35m\x1b[K~~~~~^~~~~~~~~~~~\x1b[m\x1b[K\n'}
[9.170022] (serial_def_sdk) StderrLine: {'line': b'\x1b[01m\x1b[K/home/hjh/RMserial/serial/serial_def_sdk/uart/uart_hd.h:17:94:\x1b[m\x1b[K \x1b[01;35m\x1b[Kwarning: \x1b[m\x1b[Kunused parameter \xe2\x80\x98\x1b[01m\x1b[KnBits\x1b[m\x1b[K\xe2\x80\x99 [\x1b[01;35m\x1b[K\x1b]8;;https://gcc.gnu.org/onlinedocs/gcc/Warning-Options.html#index-Wunused-parameter\x07-Wunused-parameter\x1b]8;;\x07\x1b[m\x1b[K]\n'}
[9.170105] (serial_def_sdk) StderrLine: {'line': b'   17 |     UartLinux(string uart_name = "/dev/ttyUSB0", int nSpeed = 115200, char nEvent = \'N\', \x1b[01;35m\x1b[Kint nBits = 8\x1b[m\x1b[K, int nStop = 1) {}\n'}
[9.170179] (serial_def_sdk) StderrLine: {'line': b'      |                                                                                          \x1b[01;35m\x1b[K~~~~^~~~~~~~~\x1b[m\x1b[K\n'}
[9.170251] (serial_def_sdk) StderrLine: {'line': b'\x1b[01m\x1b[K/home/hjh/RMserial/serial/serial_def_sdk/uart/uart_hd.h:17:109:\x1b[m\x1b[K \x1b[01;35m\x1b[Kwarning: \x1b[m\x1b[Kunused parameter \xe2\x80\x98\x1b[01m\x1b[KnStop\x1b[m\x1b[K\xe2\x80\x99 [\x1b[01;35m\x1b[K\x1b]8;;https://gcc.gnu.org/onlinedocs/gcc/Warning-Options.html#index-Wunused-parameter\x07-Wunused-parameter\x1b]8;;\x07\x1b[m\x1b[K]\n'}
[9.170325] (serial_def_sdk) StderrLine: {'line': b'   17 |     UartLinux(string uart_name = "/dev/ttyUSB0", int nSpeed = 115200, char nEvent = \'N\', int nBits = 8, \x1b[01;35m\x1b[Kint nStop = 1\x1b[m\x1b[K) {}\n'}
[9.170397] (serial_def_sdk) StderrLine: {'line': b'      |                                                                                                         \x1b[01;35m\x1b[K~~~~^~~~~~~~~\x1b[m\x1b[K\n'}
[9.171138] (serial_def_sdk) StderrLine: {'line': b'\x1b[01m\x1b[K/home/hjh/RMserial/serial/serial_def_sdk/uart/uart_interface.cpp:\x1b[m\x1b[K In function \xe2\x80\x98\x1b[01m\x1b[Kvoid defUartRead(uint8_t*, int)\x1b[m\x1b[K\xe2\x80\x99:\n'}
[9.171279] (serial_def_sdk) StderrLine: {'line': b'\x1b[01m\x1b[K/home/hjh/RMserial/serial/serial_def_sdk/uart/uart_interface.cpp:77:27:\x1b[m\x1b[K \x1b[01;35m\x1b[Kwarning: \x1b[m\x1b[Kunused parameter \xe2\x80\x98\x1b[01m\x1b[Kreadbuff\x1b[m\x1b[K\xe2\x80\x99 [\x1b[01;35m\x1b[K\x1b]8;;https://gcc.gnu.org/onlinedocs/gcc/Warning-Options.html#index-Wunused-parameter\x07-Wunused-parameter\x1b]8;;\x07\x1b[m\x1b[K]\n'}
[9.171356] (serial_def_sdk) StderrLine: {'line': b'   77 | void defUartRead(\x1b[01;35m\x1b[Kuint8_t* readbuff\x1b[m\x1b[K, int nread) {\n'}
[9.171427] (serial_def_sdk) StderrLine: {'line': b'      |                  \x1b[01;35m\x1b[K~~~~~~~~~^~~~~~~~\x1b[m\x1b[K\n'}
[9.171500] (serial_def_sdk) StderrLine: {'line': b'\x1b[01m\x1b[K/home/hjh/RMserial/serial/serial_def_sdk/uart/uart_interface.cpp:77:41:\x1b[m\x1b[K \x1b[01;35m\x1b[Kwarning: \x1b[m\x1b[Kunused parameter \xe2\x80\x98\x1b[01m\x1b[Knread\x1b[m\x1b[K\xe2\x80\x99 [\x1b[01;35m\x1b[K\x1b]8;;https://gcc.gnu.org/onlinedocs/gcc/Warning-Options.html#index-Wunused-parameter\x07-Wunused-parameter\x1b]8;;\x07\x1b[m\x1b[K]\n'}
[9.171585] (serial_def_sdk) StderrLine: {'line': b'   77 | void defUartRead(uint8_t* readbuff, \x1b[01;35m\x1b[Kint nread\x1b[m\x1b[K) {\n'}
[9.171659] (serial_def_sdk) StderrLine: {'line': b'      |                                     \x1b[01;35m\x1b[K~~~~^~~~~\x1b[m\x1b[K\n'}
[9.171732] (serial_def_sdk) StderrLine: {'line': b'\x1b[01m\x1b[K/home/hjh/RMserial/serial/serial_def_sdk/uart/uart_interface.cpp:\x1b[m\x1b[K In function \xe2\x80\x98\x1b[01m\x1b[Kvoid print_frame(const char*, uint8_t*, int)\x1b[m\x1b[K\xe2\x80\x99:\n'}
[9.171808] (serial_def_sdk) StderrLine: {'line': b'\x1b[01m\x1b[K/home/hjh/RMserial/serial/serial_def_sdk/uart/uart_interface.cpp:84:30:\x1b[m\x1b[K \x1b[01;35m\x1b[Kwarning: \x1b[m\x1b[Kunused parameter \xe2\x80\x98\x1b[01m\x1b[Kdesc\x1b[m\x1b[K\xe2\x80\x99 [\x1b[01;35m\x1b[K\x1b]8;;https://gcc.gnu.org/onlinedocs/gcc/Warning-Options.html#index-Wunused-parameter\x07-Wunused-parameter\x1b]8;;\x07\x1b[m\x1b[K]\n'}
[9.171884] (serial_def_sdk) StderrLine: {'line': b'   84 | void print_frame(\x1b[01;35m\x1b[Kconst char *desc\x1b[m\x1b[K, uint8_t *buf, int size) {}\n'}
[9.171972] (serial_def_sdk) StderrLine: {'line': b'      |                  \x1b[01;35m\x1b[K~~~~~~~~~~~~^~~~\x1b[m\x1b[K\n'}
[9.172064] (serial_def_sdk) StderrLine: {'line': b'\x1b[01m\x1b[K/home/hjh/RMserial/serial/serial_def_sdk/uart/uart_interface.cpp:84:45:\x1b[m\x1b[K \x1b[01;35m\x1b[Kwarning: \x1b[m\x1b[Kunused parameter \xe2\x80\x98\x1b[01m\x1b[Kbuf\x1b[m\x1b[K\xe2\x80\x99 [\x1b[01;35m\x1b[K\x1b]8;;https://gcc.gnu.org/onlinedocs/gcc/Warning-Options.html#index-Wunused-parameter\x07-Wunused-parameter\x1b]8;;\x07\x1b[m\x1b[K]\n'}
[9.172149] (serial_def_sdk) StderrLine: {'line': b'   84 | void print_frame(const char *desc, \x1b[01;35m\x1b[Kuint8_t *buf\x1b[m\x1b[K, int size) {}\n'}
[9.172228] (serial_def_sdk) StderrLine: {'line': b'      |                                    \x1b[01;35m\x1b[K~~~~~~~~~^~~\x1b[m\x1b[K\n'}
[9.172305] (serial_def_sdk) StderrLine: {'line': b'\x1b[01m\x1b[K/home/hjh/RMserial/serial/serial_def_sdk/uart/uart_interface.cpp:84:54:\x1b[m\x1b[K \x1b[01;35m\x1b[Kwarning: \x1b[m\x1b[Kunused parameter \xe2\x80\x98\x1b[01m\x1b[Ksize\x1b[m\x1b[K\xe2\x80\x99 [\x1b[01;35m\x1b[K\x1b]8;;https://gcc.gnu.org/onlinedocs/gcc/Warning-Options.html#index-Wunused-parameter\x07-Wunused-parameter\x1b]8;;\x07\x1b[m\x1b[K]\n'}
[9.172386] (serial_def_sdk) StderrLine: {'line': b'   84 | void print_frame(const char *desc, uint8_t *buf, \x1b[01;35m\x1b[Kint size\x1b[m\x1b[K) {}\n'}
[9.172464] (serial_def_sdk) StderrLine: {'line': b'      |                                                  \x1b[01;35m\x1b[K~~~~^~~~\x1b[m\x1b[K\n'}
[9.172538] (serial_def_sdk) StderrLine: {'line': b'\x1b[01m\x1b[K/home/hjh/RMserial/serial/serial_def_sdk/uart/uart_interface.cpp:\x1b[m\x1b[K In function \xe2\x80\x98\x1b[01m\x1b[Kbool WriteDataWapper(const unsigned char*, unsigned int)\x1b[m\x1b[K\xe2\x80\x99:\n'}
[9.172623] (serial_def_sdk) StderrLine: {'line': b'\x1b[01m\x1b[K/home/hjh/RMserial/serial/serial_def_sdk/uart/uart_interface.cpp:85:43:\x1b[m\x1b[K \x1b[01;35m\x1b[Kwarning: \x1b[m\x1b[Kunused parameter \xe2\x80\x98\x1b[01m\x1b[KpData\x1b[m\x1b[K\xe2\x80\x99 [\x1b[01;35m\x1b[K\x1b]8;;https://gcc.gnu.org/onlinedocs/gcc/Warning-Options.html#index-Wunused-parameter\x07-Wunused-parameter\x1b]8;;\x07\x1b[m\x1b[K]\n'}
[9.172702] (serial_def_sdk) StderrLine: {'line': b'   85 | bool WriteDataWapper(\x1b[01;35m\x1b[Kconst unsigned char* pData\x1b[m\x1b[K, unsigned int length) { return false; }\n'}
[9.172779] (serial_def_sdk) StderrLine: {'line': b'      |                      \x1b[01;35m\x1b[K~~~~~~~~~~~~~~~~~~~~~^~~~~\x1b[m\x1b[K\n'}
[9.172854] (serial_def_sdk) StderrLine: {'line': b'\x1b[01m\x1b[K/home/hjh/RMserial/serial/serial_def_sdk/uart/uart_interface.cpp:85:63:\x1b[m\x1b[K \x1b[01;35m\x1b[Kwarning: \x1b[m\x1b[Kunused parameter \xe2\x80\x98\x1b[01m\x1b[Klength\x1b[m\x1b[K\xe2\x80\x99 [\x1b[01;35m\x1b[K\x1b]8;;https://gcc.gnu.org/onlinedocs/gcc/Warning-Options.html#index-Wunused-parameter\x07-Wunused-parameter\x1b]8;;\x07\x1b[m\x1b[K]\n'}
[9.172933] (serial_def_sdk) StderrLine: {'line': b'   85 | bool WriteDataWapper(const unsigned char* pData, \x1b[01;35m\x1b[Kunsigned int length\x1b[m\x1b[K) { return false; }\n'}
[9.173017] (serial_def_sdk) StderrLine: {'line': b'      |                                                  \x1b[01;35m\x1b[K~~~~~~~~~~~~~^~~~~~\x1b[m\x1b[K\n'}
[9.224839] (-) TimerEvent: {}
[9.285658] (serial_def_sdk) StderrLine: {'line': b'gmake[1]: *** [CMakeFiles/Makefile2:156\xef\xbc\x9aCMakeFiles/uart.dir/all] \xe9\x94\x99\xe8\xaf\xaf 2\n'}
[9.285839] (serial_def_sdk) StderrLine: {'line': b'gmake[1]: *** \xe6\xad\xa3\xe5\x9c\xa8\xe7\xad\x89\xe5\xbe\x85\xe6\x9c\xaa\xe5\xae\x8c\xe6\x88\x90\xe7\x9a\x84\xe4\xbb\xbb\xe5\x8a\xa1....\n'}
[9.324950] (-) TimerEvent: {}
[9.425319] (-) TimerEvent: {}
[9.525747] (-) TimerEvent: {}
[9.626178] (-) TimerEvent: {}
[9.726483] (-) TimerEvent: {}
[9.826886] (-) TimerEvent: {}
[9.927213] (-) TimerEvent: {}
[10.027534] (-) TimerEvent: {}
[10.127867] (-) TimerEvent: {}
[10.228206] (-) TimerEvent: {}
[10.328520] (-) TimerEvent: {}
[10.428921] (-) TimerEvent: {}
[10.529218] (-) TimerEvent: {}
[10.629623] (-) TimerEvent: {}
[10.730041] (-) TimerEvent: {}
[10.830459] (-) TimerEvent: {}
[10.930770] (-) TimerEvent: {}
[11.031200] (-) TimerEvent: {}
[11.131615] (-) TimerEvent: {}
[11.232026] (-) TimerEvent: {}
[11.332416] (-) TimerEvent: {}
[11.432788] (-) TimerEvent: {}
[11.533199] (-) TimerEvent: {}
[11.633497] (-) TimerEvent: {}
[11.733893] (-) TimerEvent: {}
[11.768283] (serial_def_sdk) StdoutLine: {'line': b'[ 90%] \x1b[1m\x1b[32mLinking CXX executable talker\x1b[0m\n'}
[11.834122] (-) TimerEvent: {}
[11.912191] (serial_def_sdk) StdoutLine: {'line': b'[ 90%] Built target talker\n'}
[11.913148] (serial_def_sdk) StderrLine: {'line': b'gmake: *** [Makefile:146\xef\xbc\x9aall] \xe9\x94\x99\xe8\xaf\xaf 2\n'}
[11.914440] (serial_def_sdk) CommandEnded: {'returncode': 2}
[11.920015] (serial_def_sdk) JobEnded: {'identifier': 'serial_def_sdk', 'rc': 2}
[11.930701] (-) EventReactorShutdown: {}
